row_index,true_abusive,prob_abusive,pred_abusive,true_Race,prob_Race,pred_Race,true_Religion,prob_Religion,pred_Religion,true_Gender,prob_Gender,pred_Gender,true_Sexual_Orientation,prob_Sexual_Orientation,pred_Sexual_Orientation,true_Miscellaneous,prob_Miscellaneous,pred_Miscellaneous
0,1,0.7852694168537637,1,1,0.5844222950356255,1,1,0.512813666502727,1,1,0.39726211048043375,0,1,0.7093826043897344,1,0,0.33972165650639735,0
1,0,0.5230701878807893,1,1,0.5574357766744907,1,1,0.5026158392449621,1,0,0.40935211089758244,0,1,0.41884958668075,0,0,0.4499891468057819,1
2,1,0.7576639926800013,1,1,0.29441329508070646,0,1,0.5953882109394751,1,0,0.3578950148356177,0,0,0.3207160722321802,0,1,0.255381721055417,0
3,1,0.824695193551478,1,1,0.8887885269418768,1,1,0.6373426243833606,1,0,0.24617605871994389,0,0,0.2531758970550834,0,0,0.35899591721985685,0
4,0,0.6047445095466202,1,0,0.4663177473444214,1,0,0.4084566870666804,0,0,0.5561363539652006,1,0,0.28757024068863535,0,0,0.3955898944536017,0
5,1,0.5176103806493024,1,0,0.23007157719043655,0,0,0.2771137962966265,0,1,0.5944981497967002,1,0,0.13278922399354595,0,0,0.24243093666441456,0
6,1,0.5485658264509973,1,1,0.567563966675459,1,1,0.6275739056056127,1,1,0.36823422971281006,0,0,0.22285264399628385,0,0,0.25841070946479777,0
7,1,0.571762488259061,1,0,0.3500380204336185,0,1,0.5662407609523119,1,1,0.22652523889359288,0,0,0.29962088716498375,0,0,0.2986450626229758,0
8,0,0.3702610106019777,0,0,0.5143564511896035,1,0,0.17842049563249687,0,0,0.35376100892535656,0,0,0.17468763976024557,0,0,0.25648463396312926,0
9,1,0.5137688501209757,1,0,0.2056186722288211,0,0,0.1563513641529893,0,1,0.5891832574320127,1,0,0.24946603956399946,0,0,0.23433629307838957,0
10,1,0.4897968829044593,1,0,0.3899445274673687,0,0,0.33027548427280784,0,1,0.3955355295196539,0,1,0.5297310986562352,1,0,0.33284741392748846,0
11,1,0.6752438837885121,1,0,0.24909722790694966,0,1,0.6185270858694396,1,1,0.31524171904583853,0,0,0.35900361923869806,0,0,0.2819682925733619,0
12,1,0.7045910418445395,1,1,0.6478996489788688,1,0,0.2808310099529,0,1,0.40203527191121974,0,0,0.3508027543136192,0,0,0.27642004984433577,0
13,0,0.47923937085380053,1,0,0.4082919712658344,0,1,0.6714804690252698,1,0,0.3392879409069665,0,0,0.24131306496171664,0,0,0.3268204098882307,0
14,0,0.4691304651783462,0,0,0.34875482807602176,0,0,0.3759495270513878,0,0,0.33920329423090634,0,0,0.28271487790886163,0,0,0.26249548704775527,0
15,0,0.505621694809899,1,0,0.2581362445445274,0,0,0.27767990662891334,0,0,0.284502448652805,0,0,0.23108610822556888,0,0,0.2575956639126263,0
16,1,0.6085014513587592,1,1,0.5802240624443272,1,0,0.49758601468380353,1,0,0.3373844898375988,0,0,0.12568430996079863,0,0,0.4319052852244498,0
17,1,0.399389812749404,0,1,0.36865794389772466,0,0,0.3244142430000508,0,0,0.36285002155471624,0,0,0.2847587620914593,0,0,0.2899821722868865,0
18,0,0.5745553082515484,1,0,0.36295746819741725,0,0,0.3189891116075265,0,1,0.510218869830935,1,0,0.31714585028683645,0,1,0.5031531824440687,1
19,0,0.5533540742515308,1,0,0.43531477197418417,1,0,0.5671289159935596,1,0,0.4842069511153801,1,0,0.3561985819065835,0,0,0.3675475789878385,0
20,0,0.47190056468687414,1,0,0.32661009409229735,0,0,0.30014354251845704,0,0,0.583408866195089,1,0,0.5651543762961262,1,0,0.25158770388372265,0
21,0,0.3794192080962559,0,0,0.44259509055594,1,0,0.20397580903172363,0,0,0.3926638074591628,0,0,0.18873076238391104,0,0,0.20158655299401024,0
22,0,0.4683624055944659,0,0,0.3652080446499886,0,0,0.32397512654271754,0,0,0.3722169266047984,0,0,0.37422744990500406,0,0,0.3316589559309723,0
23,0,0.3810396244975629,0,0,0.2617314212673415,0,0,0.252233175527344,0,0,0.32584467091030433,0,0,0.21049914779289366,0,0,0.29081892669016346,0
24,1,0.4163290972018362,0,1,0.3868545959232875,0,0,0.30138526151189765,0,1,0.5476135286084318,1,0,0.23228320524856502,0,0,0.27821125455792345,0
25,1,0.5698292565192417,1,1,0.5346426729697614,1,0,0.24828631956869288,0,0,0.5885470723834078,1,0,0.2218151536456244,0,0,0.21870590151884264,0
26,1,0.43355652826291663,0,0,0.39393800420351643,0,0,0.32925539272804366,0,0,0.47044559078244297,1,0,0.25970188331444044,0,1,0.343411624422956,0
27,0,0.499721618945177,1,0,0.2420880384261373,0,0,0.3313163448818364,0,0,0.2923589466812343,0,0,0.17990793630347213,0,0,0.33426469153189653,0
28,0,0.5978845210813236,1,0,0.45333121289280054,1,1,0.6819483664225228,1,0,0.33974620382073695,0,0,0.19879588312768093,0,1,0.38389330615826345,0
29,1,0.5070798585775192,1,0,0.40699253529066887,0,1,0.5272663668322436,1,1,0.62095652740828,1,1,0.5095193741016684,1,1,0.3148450938921459,0
30,1,0.46750520529305223,0,1,0.2718388606337223,0,0,0.3498826535173102,0,0,0.22933626931548853,0,0,0.1764370352485856,0,1,0.6501015029803721,1
31,1,0.5912612865326474,1,1,0.8086600744501701,1,0,0.34384099968924786,0,1,0.41430919135512306,0,0,0.21013964764108703,0,0,0.4847589169361518,1
32,1,0.7029197513220896,1,1,0.8052560801628196,1,0,0.25449286328235193,0,0,0.3465496569663125,0,0,0.2027792175989085,0,0,0.1647857217222591,0
33,0,0.45619290910128546,0,0,0.3338730029311414,0,0,0.2036365125387707,0,0,0.25611051252294154,0,0,0.2708760889603527,0,0,0.3245194145652763,0
34,1,0.6946026032320356,1,1,0.6450847328335486,1,0,0.2751452114185998,0,0,0.2740387911384902,0,0,0.20633191600263384,0,0,0.20710690864284792,0
35,0,0.3942941020727034,0,0,0.45581756227900194,1,0,0.24561067508423562,0,0,0.39553437846530276,0,0,0.23136934236419446,0,0,0.35559638144051753,0
36,1,0.7952659685735866,1,1,0.8543338882018813,1,1,0.7064736998887832,1,0,0.3779002034640515,0,0,0.29676612285905823,0,0,0.3723177430642046,0
37,1,0.6773649689602343,1,1,0.5730391760410767,1,0,0.3938693430015188,0,1,0.5031946296757616,1,0,0.20266433086296917,0,0,0.2812371051319473,0
38,0,0.5407154562440736,1,0,0.3236297160978148,0,0,0.26373280560363344,0,0,0.5947453127265919,1,0,0.2831028580771441,0,1,0.2798883383410853,0
39,1,0.7486649327155516,1,1,0.4216005181577256,0,1,0.5995897888766224,1,0,0.41142514225537513,0,0,0.16731088082859297,0,0,0.4004573033591722,0
40,0,0.42300521699249655,0,0,0.30967823702024055,0,0,0.31956177936937546,0,0,0.5861888652359022,1,0,0.35481890688691115,0,0,0.26441717559237865,0
41,1,0.4809637113020242,1,0,0.2593328630371073,0,0,0.20310691989309207,0,1,0.5541594106410864,1,0,0.20131304385292306,0,0,0.26167869538343047,0
42,1,0.5827396296192807,1,0,0.40116086506968957,0,1,0.4887525000693158,1,0,0.43522743766165783,0,0,0.28967047273916074,0,0,0.3716441139125035,0
43,0,0.35250994108802247,0,0,0.2671451466966409,0,0,0.2107282431673754,0,0,0.25718178992824586,0,0,0.42460342307782206,0,0,0.25731470059960393,0
44,0,0.4605019071826921,0,0,0.43723924586325325,1,0,0.30248600725484687,0,0,0.32601921937690986,0,0,0.22688660602581837,0,0,0.3098311194838659,0
45,1,0.6183013022614492,1,0,0.4126829872117079,0,1,0.5822870597295544,1,0,0.295789488276751,0,0,0.20764618752675748,0,1,0.562719828952694,1
46,1,0.4108039367676007,0,1,0.39933737700626476,0,1,0.2895296270821984,0,1,0.36343629064181393,0,0,0.20845762158747239,0,1,0.22992976246193303,0
47,1,0.49282866652126506,1,0,0.38571303386758476,0,0,0.3645339994264266,0,0,0.4835259002682676,1,1,0.5605025019160654,1,0,0.4978704360665298,1
48,1,0.4746105985059736,1,1,0.5374896626414163,1,0,0.30993938233987917,0,0,0.423006311158234,0,0,0.2300757076964372,0,0,0.3059301159984767,0
49,1,0.6611205461411644,1,0,0.3749291343177698,0,0,0.3833984872025849,0,0,0.3028782308722535,0,1,0.630809962296866,1,0,0.3648374085498405,0
50,1,0.589064147224875,1,0,0.5530465030054268,1,0,0.258973625496116,0,0,0.4905771468173069,1,0,0.25106512622461913,0,1,0.4692936809706476,1
51,1,0.8053261288927487,1,1,0.9101760022198382,1,1,0.6063966766213701,1,0,0.2162699725250271,0,0,0.2679221058071862,0,0,0.2581246976107724,0
52,0,0.5171620170870088,1,0,0.5412195266323049,1,0,0.16709652264533953,0,0,0.4578985840052975,1,0,0.1605833514587126,0,0,0.4524646007840909,1
53,0,0.4703169429871551,1,0,0.2823783520380359,0,0,0.26269389916682734,0,0,0.3851980453588424,0,0,0.2164245867415827,0,0,0.6901097450366864,1
54,1,0.41604637091160435,0,0,0.2998224691075857,0,0,0.286361038587676,0,0,0.3713983535009834,0,1,0.6645260648485043,1,1,0.24831741298080595,0
55,1,0.7463324732672512,1,1,0.6675124857667987,1,0,0.28847627152654803,0,0,0.31799272276159546,0,1,0.4362052768304404,1,0,0.35427902175857745,0
56,0,0.45217734857431535,0,0,0.4661312773335532,1,0,0.31419588577150576,0,1,0.3648099017636167,0,0,0.21559630697214485,0,0,0.5095460729298676,1
57,0,0.5980931743962183,1,0,0.3371478981150421,0,0,0.26766085883516694,0,0,0.5727458354885592,1,0,0.260270330827348,0,0,0.26283517285087477,0
58,1,0.7055514012965902,1,1,0.6978928911080245,1,0,0.31553601926357217,0,0,0.27618140304060407,0,0,0.28242336647530386,0,0,0.3996857540928245,0
59,0,0.49793205288017206,1,0,0.2931094127095661,0,0,0.29331827564860313,0,0,0.3498003152756654,0,1,0.512874230035959,1,0,0.2810902355158961,0
60,0,0.3184605726021635,0,0,0.35704465071449776,0,0,0.19455874581324756,0,0,0.3544623960665662,0,0,0.44038922284522214,1,0,0.2070033089583214,0
61,0,0.5107262818481298,1,0,0.3729331583216157,0,0,0.24331886234599406,0,1,0.35619742093369944,0,0,0.22492237363371892,0,0,0.42923131517459706,0
62,1,0.5060990234052771,1,0,0.36684108158178724,0,0,0.31354858506866373,0,0,0.381789797096213,0,0,0.12233723939051888,0,1,0.5321578759949019,1
63,1,0.5133897120381238,1,0,0.34387997572508117,0,0,0.3334145249924335,0,0,0.3264885239518322,0,0,0.2537168666844524,0,1,0.3602381285395471,0
64,0,0.43306061180952143,0,0,0.2628374434114497,0,0,0.18532682373525367,0,0,0.27611262128128583,0,0,0.24192454548437684,0,0,0.25661971462049266,0
65,0,0.41578771979434476,0,0,0.29670151508704146,0,0,0.2442609614007675,0,0,0.5508877039370043,1,0,0.209150463803751,0,0,0.23409072472270928,0
66,0,0.4480986087323491,0,0,0.25852107768600735,0,0,0.26824873965924695,0,0,0.292091852098312,0,0,0.22191400312672818,0,0,0.26351006850275827,0
67,0,0.5524541644899784,1,1,0.5706284388451359,1,0,0.30799555056774286,0,0,0.25735710740807394,0,0,0.17846127384662175,0,0,0.3848560676453415,0
68,0,0.5035316643866886,1,0,0.3004552689267862,0,0,0.43647392639943433,0,0,0.5634523468391278,1,0,0.22240095166930457,0,0,0.2765768784914287,0
69,1,0.7640944158619069,1,0,0.2778636491042909,0,1,0.6952318459436115,1,0,0.3120848245508307,0,0,0.17646967771513455,0,0,0.41605549833822897,0
70,1,0.6265595269575677,1,1,0.6541205050760377,1,1,0.2555936000127145,0,1,0.25628818502689804,0,1,0.30396003717251446,0,0,0.29851749903756336,0
71,1,0.49446771964134084,1,0,0.3031951515831687,0,0,0.20882260530689178,0,1,0.6850249906119681,1,0,0.2581343043214565,0,1,0.40286245779590196,0
72,1,0.6279414294051155,1,0,0.3206098590597579,0,0,0.22638710915672483,0,0,0.4294894855609841,0,0,0.3242559698213052,0,1,0.5601428566506039,1
73,1,0.35357719026166046,0,0,0.2273225147077309,0,0,0.3109773961536241,0,1,0.5295777993204778,1,0,0.2273903639239362,0,0,0.3337859444917915,0
74,0,0.35972663177280567,0,0,0.5418752529767428,1,0,0.23229984379847915,0,0,0.4047442427393403,0,0,0.3096118758363891,0,0,0.32187743723332024,0
75,1,0.4416173103836597,0,0,0.23370603753176306,0,0,0.1693361699293165,0,1,0.5684524722310608,1,0,0.23451744264083219,0,0,0.29291607415008125,0
76,0,0.4205359061788576,0,0,0.3638289209834158,0,0,0.31114359031270095,0,0,0.3957698609921645,0,1,0.3005900806827434,0,0,0.2843697867879614,0
77,0,0.5188789637362171,1,0,0.4000172430805969,0,0,0.23068982683919892,0,0,0.37960331516165796,0,0,0.19993687801364943,0,0,0.31477323269913476,0
78,1,0.3868388520946589,0,0,0.32699917760812436,0,1,0.3110982826766791,0,0,0.3387983721124685,0,0,0.31818344494242695,0,0,0.41551831181589904,0
79,0,0.4493202297285303,0,0,0.5401739627417891,1,0,0.1681485990216573,0,0,0.371694123700655,0,0,0.21224314859265977,0,0,0.19218144978861787,0
80,1,0.394932447884549,0,1,0.44772798529176344,1,1,0.4953793621025818,1,0,0.35083228534410693,0,0,0.10953245249730523,0,1,0.2736383765904222,0
81,1,0.46485513067459033,0,0,0.3239474753136432,0,0,0.22588326118451946,0,0,0.534163276778195,1,0,0.3317623268260984,0,0,0.308840602504042,0
82,0,0.551174149680132,1,0,0.41506010705185237,0,0,0.3927206180037125,0,0,0.4158496100550547,0,0,0.3099920474658374,0,0,0.4238366033486998,0
83,0,0.40753071800835383,0,0,0.3852109697830567,0,0,0.3983888954118645,0,1,0.4294360285925412,0,0,0.25180527983564793,0,0,0.5217173394142836,1
84,1,0.5283818160415623,1,1,0.5829003455525379,1,1,0.6293882187790425,1,0,0.2684855425520704,0,0,0.1842498980938578,0,0,0.3697610230657207,0
85,0,0.39791435852405804,0,0,0.2799503693582486,0,0,0.34304682714308404,0,0,0.3151895249974342,0,1,0.6372753777441644,1,0,0.2882411421813404,0
86,1,0.7366631614735039,1,1,0.6969701417404908,1,0,0.3214539348370693,0,0,0.238057486905411,0,0,0.3784151263708954,0,0,0.26803219351027563,0
87,1,0.5846615643288405,1,1,0.49800421919693244,1,0,0.598963649819818,1,1,0.2677941877960549,0,1,0.4673496662281344,1,0,0.4511592082103053,1
88,1,0.6482990517788093,1,0,0.2654276437151169,0,0,0.2319159832849918,0,1,0.4426244076252375,1,0,0.28174102120463673,0,0,0.5585622139369966,1
89,1,0.6500216021574701,1,0,0.30799873698475067,0,0,0.2077746018216841,0,1,0.629482781972132,1,0,0.36665572754674663,0,0,0.3707002965793505,0
90,0,0.5132267432607939,1,0,0.49451661519161966,1,0,0.27501230605029203,0,0,0.5015628582651654,1,0,0.3090787341778742,0,0,0.3965308662935914,0
91,1,0.4715406931148855,1,0,0.3387106716569557,0,1,0.288683557809086,0,0,0.3506365621689433,0,0,0.253370516115125,0,0,0.3035802656411319,0
92,1,0.3940326860235273,0,1,0.3713484219726522,0,0,0.3125055031099007,0,0,0.3908193892906647,0,0,0.2582190105035233,0,0,0.3257814056174799,0
93,1,0.6518338646992436,1,0,0.41921506104192546,0,1,0.4435312662253588,0,1,0.33025956475447504,0,1,0.5219583625398331,1,0,0.30815744335104645,0
94,0,0.6522373013334001,1,1,0.5279515938484601,1,0,0.43074131086141554,0,0,0.32630690327326806,0,0,0.16199420912246945,0,0,0.4241072418225796,0
95,1,0.6926090490555581,1,0,0.28156467616504516,0,1,0.6442870840376643,1,0,0.3334657801405125,0,0,0.31330771563631515,0,0,0.2788692991605727,0
96,1,0.6158294852609867,1,1,0.717625067364544,1,1,0.37632085506296853,0,0,0.2821659578197224,0,0,0.2213043823082291,0,0,0.30833231299426506,0
97,1,0.382568115095944,0,0,0.3218631013042268,0,0,0.29871251026514023,0,0,0.38001201303750387,0,1,0.3733252528499935,0,0,0.40273558630490686,0
98,1,0.48533845348077165,1,0,0.2877748549051524,0,0,0.22413795082163482,0,0,0.5560406897372517,1,0,0.30946981160709575,0,1,0.2626170365499112,0
99,0,0.4240376738196017,0,0,0.3373925351525933,0,0,0.2581818809924331,0,0,0.31151148733998035,0,0,0.2829104389417607,0,0,0.35365270958844364,0
100,0,0.6204972749139961,1,0,0.548788399455085,1,0,0.3947086775819979,0,0,0.4165759228222432,0,0,0.2782432048527548,0,0,0.3375436517780789,0
101,1,0.5450197872726256,1,1,0.3282797148322174,0,1,0.6139203660323752,1,1,0.34716537035053524,0,0,0.17160690571568515,0,0,0.48623842244590126,1
102,0,0.47063100281756354,1,0,0.4101504868249709,0,0,0.37214785170608516,0,0,0.35858638445862684,0,0,0.5051270677294838,1,0,0.42523310130249825,0
103,1,0.5740533821944585,1,1,0.47590844422127104,1,0,0.11894450278121399,0,0,0.2788083169670442,0,0,0.23092230052117893,0,0,0.34944962254665707,0
104,1,0.5983657584265627,1,0,0.3137105379057665,0,0,0.32499302199942953,0,0,0.3326071346736658,0,1,0.255262401194557,0,0,0.3200081448252793,0
105,0,0.4931493896239868,1,0,0.4923359651673667,1,0,0.2744295459700122,0,0,0.3141509671920537,0,0,0.19486390169413423,0,0,0.3901525955847585,0
106,1,0.5497830693397355,1,0,0.3974146000080767,0,1,0.48290751461313386,1,0,0.4168246522067529,0,1,0.5034082917286112,1,1,0.3424579351259713,0
107,1,0.46809848401159654,0,1,0.428803775924392,0,0,0.33261910248600723,0,0,0.3377400012032631,0,0,0.25991746862415466,0,0,0.4089462229983373,0
108,0,0.44099851106887955,0,0,0.5092232282202648,1,0,0.3046011757852971,0,0,0.3216640616490088,0,0,0.2591300810369392,0,0,0.2728955258434968,0
109,1,0.7647867981547188,1,1,0.7731260621640456,1,0,0.27187550640808045,0,0,0.32880536020447815,0,0,0.30504164083840785,0,0,0.3398883035358539,0
110,1,0.3914930536856282,0,0,0.4881879726469633,1,1,0.2668921578573413,0,0,0.2821673345247379,0,0,0.18457654327022582,0,0,0.23340474188444008,0
111,1,0.5210413530492993,1,0,0.39262859390826993,0,0,0.3631679399839121,0,0,0.39412629935653426,0,0,0.2207535766469799,0,1,0.5903820951761429,1
112,0,0.5066274925072584,1,0,0.5794943547998159,1,0,0.16730369008933427,0,0,0.4897678590041183,1,0,0.2540721653848922,0,0,0.35477820161040613,0
113,1,0.4793531330748887,1,0,0.2806982574821934,0,0,0.20324927575870205,0,1,0.5876917359616087,1,0,0.24872597054287546,0,0,0.303450397554788,0
114,1,0.6340330631364449,1,0,0.3255041279245855,0,0,0.3593640754328674,0,1,0.4745232888622966,1,1,0.4724944059172596,1,0,0.4507242859223369,1
115,1,0.4464792498048061,0,1,0.319202575741083,0,0,0.2761039417031909,0,0,0.358523323721659,0,0,0.203163422897648,0,1,0.640350374846341,1
116,0,0.3736434741971215,0,0,0.47220610077237263,1,0,0.32013332907902226,0,0,0.35147998017283033,0,0,0.18558244680641056,0,0,0.3118330086559178,0
117,1,0.7537917721136856,1,1,0.7004287406909117,1,0,0.3575509081480677,0,0,0.2520610708144135,0,0,0.2981851045604812,0,0,0.2560006010714715,0
118,0,0.46360827965908763,0,0,0.6544255939038965,1,0,0.4145797049873395,0,0,0.4426693971799246,1,0,0.21723555410209056,0,0,0.350806166435047,0
119,1,0.5901163416772501,1,0,0.24439614364343387,0,1,0.4104346088446527,0,0,0.17687792195992688,0,1,0.5383401933038128,1,0,0.3555278223875021,0
120,0,0.432463282024093,0,0,0.428098974768763,0,0,0.3319985267393989,0,0,0.39415188622936176,0,0,0.26608952096974764,0,0,0.31243748681385436,0
121,0,0.6363059038010246,1,0,0.279494075000806,0,0,0.22199731442242382,0,0,0.4249536415051486,0,0,0.2557766129988154,0,0,0.5216921351185851,1
122,1,0.6628202600311142,1,0,0.3163009338712784,0,1,0.6022065404510025,1,0,0.2589293469194993,0,0,0.2413148474937016,0,0,0.2521156552728668,0
123,1,0.6319296576067617,1,1,0.4973583959692989,1,1,0.5126375304643165,1,0,0.3321599775983415,0,0,0.3680050284945882,0,0,0.34675264134710965,0
124,1,0.5114508388666849,1,0,0.31224215553667184,0,0,0.39612944532023153,0,0,0.28097384454780844,0,1,0.5496189309937091,1,0,0.32010074401405375,0
125,0,0.40825547365740716,0,0,0.4472740030957891,1,0,0.23283106187695704,0,0,0.3252647224144811,0,0,0.24426013939339072,0,0,0.1998911130891973,0
126,0,0.47431681625410776,1,0,0.2529611094663023,0,0,0.33001200461247104,0,0,0.34904597407116583,0,0,0.19990561049731098,0,0,0.42291940744443557,0
127,0,0.507069083129575,1,1,0.7416200844541317,1,0,0.2911138284020813,0,0,0.27344259587969094,0,0,0.19843961559456272,0,0,0.30371581353787647,0
128,1,0.6971914233142003,1,0,0.3899353497570747,0,1,0.8540394710122126,1,0,0.42990394652785013,0,0,0.24045308825263711,0,0,0.29832319081170666,0
129,1,0.48442993371746224,1,1,0.7108192428571756,1,0,0.19214969579169522,0,0,0.19144216734106384,0,0,0.1292559052376378,0,1,0.2585355661280977,0
130,0,0.3971493950622671,0,0,0.5537902512600563,1,0,0.21674365123955078,0,1,0.36843666092671284,0,0,0.16856696980811145,0,0,0.20127864778017976,0
131,1,0.5996056456825182,1,0,0.4494697669790237,1,1,0.5785133314012162,1,0,0.38565939591328846,0,0,0.27211852285596533,0,1,0.40573703686444323,0
132,1,0.5360847981838837,1,0,0.37946608835443746,0,0,0.30713195033917173,0,1,0.494957720046222,1,0,0.3635700605718253,0,0,0.29841520580743014,0
133,0,0.5705870887612547,1,0,0.275640604798259,0,0,0.21406021817149706,0,0,0.6401007238142545,1,0,0.2244766767354464,0,0,0.2796778543133943,0
134,0,0.36071357993828346,0,0,0.5596280625327709,1,0,0.192304472379993,0,0,0.282984078764872,0,0,0.1553883063955315,0,0,0.31800290598037034,0
135,1,0.6831983874923138,1,1,0.7240570023221263,1,0,0.44761845922016713,0,1,0.40979551427312144,0,0,0.13990501034150307,0,0,0.4513172597239161,1
136,0,0.4625526658371946,0,0,0.24985487247884328,0,0,0.5914345758874693,1,0,0.5652488076961495,1,0,0.27727216549956235,0,0,0.33554351245417724,0
137,0,0.3242686493595366,0,0,0.40525423449331144,0,0,0.21819643342850806,0,0,0.28727022720284023,0,0,0.13584070835601697,0,0,0.311644599740073,0
138,0,0.41595859410700325,0,0,0.3220392024137174,0,1,0.33162282602159504,0,0,0.2894107113676346,0,0,0.31495737516956857,0,0,0.30953218423258627,0
139,1,0.45992871123384416,0,1,0.5452053652171556,1,0,0.4259570837194049,0,0,0.34569963866096204,0,0,0.22090387158540373,0,0,0.31160024885464926,0
140,1,0.4037753356436301,0,0,0.27876505811482494,0,0,0.28901574577059147,0,0,0.3740848946580594,0,1,0.6790681461139989,1,0,0.1757674547136898,0
141,0,0.37591315533984915,0,0,0.4960726463303449,1,0,0.3593918680388786,0,0,0.3176411632372934,0,0,0.12028345469110349,0,1,0.3847633548357127,0
142,1,0.40988933328238,0,0,0.2969168623843126,0,0,0.3836027119349618,0,0,0.3013926452441727,0,0,0.2704563293358683,0,1,0.4762112242167215,1
143,1,0.7956429448694893,1,1,0.562020619256062,1,0,0.2860860053303129,0,0,0.3882827571136495,0,1,0.5220126744929285,1,0,0.3082729053967552,0
144,0,0.4291985501101531,0,0,0.35703069530260895,0,0,0.20875165673026608,0,0,0.3795250326484934,0,0,0.19557094770411712,0,0,0.3599472286696436,0
145,1,0.5084493531033499,1,0,0.35030810386047917,0,1,0.6353461067712332,1,0,0.3581471441898256,0,0,0.21068735561455118,0,0,0.3875336071222749,0
146,0,0.4445085334671877,0,0,0.3419768607000754,0,0,0.33448145257332257,0,0,0.3031473632213077,0,0,0.19127438697240345,0,0,0.3400085585878214,0
147,0,0.451939069196728,0,0,0.49252086489714014,1,0,0.37697984220264125,0,0,0.4392915830548446,0,0,0.2977786084564909,0,0,0.3546086363902621,0
148,1,0.6612807824118759,1,0,0.34628820856054865,0,1,0.8123451900053933,1,0,0.27728581746097075,0,0,0.26543962639873014,0,0,0.3891983800839691,0
149,1,0.46046369337538756,0,0,0.3904326351544855,0,0,0.24263821247621276,0,0,0.32723412504487887,0,0,0.21729395299883947,0,1,0.6043173766628218,1
150,1,0.5423737154372549,1,0,0.32800529643485643,0,0,0.25750241101948423,0,0,0.4303750869706837,0,0,0.21734020623267933,0,1,0.5339288285751437,1
151,0,0.4735663424855397,1,0,0.5788964269688422,1,0,0.21290895463015425,0,0,0.28760884208059156,0,1,0.42316124186581505,0,0,0.2938303310006167,0
152,1,0.6482990517788093,1,0,0.28696864570295566,0,0,0.338879343928242,0,0,0.4484364192399879,1,0,0.28774390786087195,0,0,0.586863496121469,1
153,1,0.5677675106938816,1,0,0.3785536682048357,0,0,0.29620235856819577,0,0,0.40309228348684967,0,1,0.48596202934086524,1,0,0.3529158000122893,0
154,1,0.5174831174980201,1,1,0.39063191505862555,0,1,0.7490954410021466,1,0,0.49458967321017094,1,0,0.28411866799312746,0,0,0.4194845227801854,0
155,0,0.46171320749826034,0,0,0.4432651643143693,1,0,0.3069677181767765,0,0,0.4194876042674561,0,0,0.5923559847136696,1,0,0.3444351766187539,0
156,0,0.3214001941885019,0,0,0.48023426820564286,1,0,0.23461372567524486,0,0,0.318918943597427,0,0,0.169671185216593,0,0,0.25919839620865776,0
157,1,0.5576802376444762,1,1,0.36391875745670116,0,1,0.7615760947986278,1,1,0.4251798722127228,0,0,0.302508903085491,0,0,0.41466751819036707,0
158,1,0.7654585258633756,1,1,0.7867098309542188,1,0,0.19620766139409077,0,0,0.3299729261139929,0,0,0.2120335127255152,0,0,0.27524100223490094,0
159,0,0.41198536131297897,0,0,0.2526283226275175,0,0,0.34058297376422564,0,0,0.20941285970592022,0,0,0.19852123701025365,0,0,0.6223412784876993,1
160,1,0.4032515502167603,0,1,0.23941742372266053,0,0,0.3715007185020163,0,1,0.6406573804801876,1,0,0.2879591354298694,0,0,0.3708705206556752,0
161,1,0.4503615269047086,0,1,0.3553716972909597,0,1,0.33710253039750865,0,0,0.3279027610168136,0,0,0.35782509295604353,0,0,0.3657437995609115,0
162,1,0.4838662301506567,1,1,0.457963231586159,1,0,0.3771744173251178,0,0,0.36320264630419113,0,0,0.32740638412078227,0,0,0.313632764070115,0
163,0,0.5519606000884758,1,0,0.48114885192302387,1,0,0.5173090112177997,1,1,0.27911035217297187,0,0,0.1596007212425526,0,0,0.2920803497868259,0
164,0,0.3809743540221856,0,0,0.5827966446333884,1,0,0.16766398134561308,0,0,0.293338767913274,0,0,0.18283268744416392,0,0,0.1497362232622004,0
165,1,0.4490743197440715,0,0,0.2072551912293469,0,1,0.5317584621602008,1,0,0.28087545766342215,0,0,0.17433070011493437,0,1,0.668772438094965,1
166,1,0.7759648088220709,1,1,0.9116550827360542,1,0,0.5616827758281365,1,0,0.2419923081124389,0,0,0.21200385845008698,0,0,0.27101830828386747,0
167,1,0.7156633616951322,1,1,0.66939857856842,1,0,0.4151036744621138,0,0,0.4466067151841265,1,0,0.3576661399732044,0,1,0.35052515129524503,0
168,0,0.3506058539853618,0,1,0.515320409397327,1,0,0.26261645882888734,0,0,0.3406266022449916,0,0,0.1634794771964318,0,0,0.275571119312823,0
169,0,0.5358800565548638,1,0,0.2903480403971716,0,0,0.29861423410761984,0,1,0.5757956318083868,1,0,0.21437620760073037,0,0,0.23642817899588106,0
170,1,0.4183606359687615,0,0,0.39307814338513175,0,1,0.6285354130001793,1,0,0.3589342235226181,0,0,0.28195934516691373,0,0,0.29914415266236727,0
171,0,0.5142705137221005,1,0,0.38095863197010527,0,1,0.625672354884904,1,0,0.30283708737231907,0,0,0.20374421263583362,0,0,0.2989474520491907,0
172,1,0.4722254317937683,1,1,0.3287209394045586,0,0,0.4027155840130702,0,0,0.38793232802461025,0,0,0.1808739586964302,0,0,0.33076781508111053,0
173,0,0.31501576870929754,0,0,0.32232703468795026,0,0,0.24509306743056133,0,0,0.4687321861291132,1,0,0.22164933758885993,0,0,0.2571265328479964,0
174,1,0.4713662931206041,1,1,0.5287739283030326,1,1,0.3615094664311345,0,1,0.41562380704422125,0,0,0.27202805105835437,0,0,0.32013610581917423,0
175,1,0.48483868327913016,1,1,0.3247566579604935,0,1,0.44559246921102996,0,0,0.2745556331616128,0,0,0.23755915117329107,0,0,0.34519930134260873,0
176,1,0.7590900960472763,1,1,0.7092689337000665,1,1,0.46149338482640745,1,0,0.3608437737939205,0,1,0.3447895528246747,0,0,0.2990095675900084,0
177,0,0.3862480952259536,0,0,0.33255885639087973,0,0,0.21344756764533782,0,0,0.3204100297497051,0,0,0.5735364283280955,1,0,0.26070553764391363,0
178,0,0.510296557877726,1,0,0.2546026357475044,0,0,0.7065193925826622,1,0,0.42833370974087986,0,0,0.2168386080006317,0,0,0.38371786833303967,0
179,1,0.6666703324528088,1,0,0.19475541985396413,0,0,0.25103761537428476,0,0,0.39430745004585005,0,0,0.2908181388476895,0,1,0.5178888356184312,1
180,0,0.6710499630368211,1,0,0.44275576445624715,1,0,0.7250610077791599,1,1,0.3142581339476349,0,0,0.24591875396571072,0,0,0.25628819676469133,0
181,1,0.4641015828810602,0,1,0.648766949807992,1,0,0.18227499083272897,0,0,0.40499966466042653,0,0,0.13633949874353773,0,0,0.3315381889489881,0
182,1,0.5854477846244435,1,0,0.4341317528310449,1,1,0.6203634672536195,1,0,0.37829407161798995,0,1,0.5089987409347935,1,0,0.31175546502013773,0
183,1,0.5248533629278265,1,0,0.35563136589790173,0,0,0.3006910512387902,0,0,0.35347186902775096,0,1,0.6356082311818392,1,0,0.25200499710599533,0
184,0,0.5266125340436899,1,0,0.3193678216056232,0,0,0.27275520073653814,0,0,0.22927445257157436,0,0,0.5406703273924088,1,0,0.30524142710027125,0
185,1,0.7838068791821614,1,0,0.4211808121789424,0,1,0.7907323763111174,1,0,0.4272892321607136,0,0,0.20183866272350257,0,0,0.38116700300601486,0
186,0,0.3411895737647795,0,0,0.206523400723787,0,0,0.28125775763814614,0,0,0.32372626089748135,0,0,0.36694708335266296,0,0,0.35679258498976707,0
187,0,0.5675612663456525,1,0,0.3094919440748238,0,0,0.3128126812307074,0,1,0.6288693818842893,1,0,0.1677873957483961,0,0,0.2735467652424613,0
188,0,0.5374835655163068,1,0,0.45854902468087794,1,0,0.2882646967029686,0,0,0.3282695874745282,0,0,0.326907458332828,0,0,0.41444778813964245,0
189,1,0.5028265790865547,1,0,0.3756714955360769,0,1,0.6090519587667326,1,0,0.3163539969193627,0,0,0.2098568346676535,0,0,0.36327023139402737,0
190,1,0.42168236212900667,0,1,0.395888828088067,0,1,0.2983710019690839,0,0,0.5656549806725585,1,0,0.2654082074319584,0,0,0.2782849494729684,0
191,1,0.6493370981085148,1,0,0.34009026633391903,0,0,0.25575101971499037,0,0,0.6094588227064346,1,0,0.36089453551746664,0,0,0.4934952970443573,1
192,1,0.5282771166752137,1,1,0.4759289682374731,1,1,0.3067092581971288,0,0,0.2610330695017902,0,1,0.4354715888445711,1,1,0.5657547763727728,1
193,0,0.4755116024375104,1,0,0.33886545917956357,0,0,0.33699700787001896,0,0,0.3987645085654825,0,0,0.1955561563906759,0,0,0.26771228179121775,0
194,1,0.7851955945237563,1,1,0.6153757149279904,1,0,0.30185188977136906,0,1,0.45844662867371,1,0,0.2978176291394782,0,1,0.42565379550445626,0
195,0,0.39629482322594173,0,0,0.4197402158799482,0,0,0.37757286799537676,0,0,0.3346761893339103,0,0,0.24571935726258143,0,0,0.5508883684932853,1
196,1,0.4461860646372532,0,0,0.3585587368807825,0,0,0.29180509664635895,0,0,0.33397723052726697,0,0,0.28436750959886015,0,1,0.29583756958513935,0
197,0,0.22096529956787778,0,0,0.250341340642463,0,0,0.19412870728071363,0,0,0.2773606083066658,0,0,0.6433114508733035,1,0,0.2620897116996973,0
198,1,0.5345989940926922,1,1,0.2823493432412447,0,0,0.30575490290879465,0,1,0.41654572833787,0,1,0.15687324569368968,0,1,0.5509370819229513,1
199,1,0.6377106034260064,1,0,0.24893635279814802,0,0,0.3179772198767566,0,0,0.39002855404610326,0,0,0.2656657237105339,0,1,0.5525470633569288,1
200,0,0.40290668968504917,0,0,0.4934250017185374,1,0,0.2256985964131187,0,0,0.45707168532849823,1,0,0.2663878919369272,0,0,0.3289530965471221,0
201,1,0.6409869590303774,1,1,0.6908213419506071,1,0,0.3636180780856947,0,0,0.3525564155869022,0,0,0.21613630677684786,0,0,0.2234494967615021,0
202,0,0.5991903793497919,1,0,0.2452082066957181,0,0,0.2511171708506509,0,0,0.30514241757186805,0,0,0.2287636281128575,0,0,0.5585656305569712,1
203,0,0.4752279524176697,1,0,0.5059368249562053,1,0,0.2973532019032885,0,0,0.3852248919277742,0,0,0.19638481576596942,0,0,0.4368965337157497,0
204,1,0.5335493094855887,1,1,0.3458671290434225,0,0,0.335623064370453,0,1,0.6067798199181231,1,0,0.4205163633830542,0,0,0.34692550504542746,0
205,0,0.6908865139908834,1,0,0.6218538735953275,1,0,0.3134474509210568,0,0,0.3724658477153532,0,0,0.25035975209717837,0,0,0.26253367239701675,0
206,1,0.7214475078692278,1,1,0.7954153612155517,1,0,0.4797271006113277,1,0,0.26640639400226,0,0,0.1502939008899074,0,0,0.44450672041290623,1
207,1,0.5199691645100417,1,0,0.3638469583458024,0,0,0.21971715334395941,0,1,0.4547094987803264,1,0,0.24133435274567694,0,0,0.42861284154616075,0
208,0,0.40603584959950356,0,0,0.5006553266047178,1,0,0.20826833858764446,0,0,0.3613047981206415,0,0,0.18310179565398693,0,0,0.32426641676343343,0
209,0,0.43177703586531374,0,0,0.383132116307461,0,1,0.44708520737544843,0,0,0.2965514410490352,0,1,0.5626672038262579,1,1,0.3024003798998248,0
210,0,0.4455138564234328,0,0,0.6309147079039311,1,0,0.2260354200568248,0,0,0.33415521301207235,0,0,0.1981887776401388,0,0,0.3457369155250243,0
211,1,0.6386594454822094,1,1,0.7119659421568786,1,0,0.256961939141023,0,1,0.284411586815127,0,0,0.2947370872183847,0,0,0.3077957672075217,0
212,1,0.603293189343851,1,1,0.5831364196669239,1,0,0.34967215991537554,0,0,0.42651622941062833,0,0,0.26464845393261544,0,0,0.4150274931885757,0
213,0,0.4564250512808761,0,0,0.3045755668810362,0,0,0.2147534860299731,0,0,0.30593781909329076,0,0,0.3367194385398058,0,1,0.6233163402451941,1
214,1,0.44347955119884513,0,1,0.5418431170520456,1,0,0.44941741909632227,0,0,0.33962436861807005,0,0,0.15781841249112266,0,1,0.4880416123743212,1
215,1,0.40742816673529925,0,0,0.26411945257081676,0,0,0.19117052259405823,0,0,0.31264188036010443,0,0,0.15302332525854942,0,1,0.7518252212126709,1
216,1,0.5882849380241619,1,1,0.6540373651532063,1,0,0.2358844577103298,0,0,0.3969997819887705,0,0,0.28032464237663146,0,0,0.32308883384075987,0
217,1,0.5260985662727331,1,0,0.3882311996793396,0,1,0.7823374011620233,1,0,0.32783574654553443,0,0,0.23119697981381768,0,1,0.5214970199740179,1
218,0,0.4953064821227679,1,0,0.3914106797623964,0,0,0.3646048374388626,0,0,0.39249642455165057,0,0,0.2255641298865202,0,0,0.35901350461819914,0
219,0,0.5628612877064352,1,0,0.3351227546938062,0,1,0.5909529094561464,1,0,0.32792911851537876,0,0,0.20947171903351955,0,0,0.32360277720697106,0
220,0,0.4471871006234741,0,0,0.30533648901436095,0,0,0.20745576426750353,0,0,0.3116453561693353,0,0,0.19338285021065815,0,1,0.6285944476667568,1
221,1,0.6341498789536086,1,0,0.3442987015508597,0,1,0.5573053597787792,1,0,0.3353573308350977,0,0,0.2788375620667432,0,0,0.3330546726077843,0
222,0,0.6103662577821329,1,0,0.38560150831293,0,0,0.28162298177566275,0,0,0.542917660764105,1,0,0.18924108202790096,0,0,0.308570312645266,0
223,1,0.6926963940039591,1,1,0.6896180757836786,1,0,0.3155557383937355,0,0,0.3528938798972673,0,0,0.24449911169504995,0,0,0.2792484047488282,0
224,0,0.4423983738971243,0,0,0.273372529039942,0,0,0.3491767803393162,0,0,0.41583042755081284,0,0,0.2738458228456091,0,0,0.3323494754741161,0
225,0,0.3768181517318533,0,0,0.495622541563786,1,0,0.23162908064738738,0,1,0.5849385142171941,1,0,0.1778208533378793,0,1,0.2507994036763475,0
226,0,0.47240000981924624,1,0,0.2892080284709327,0,0,0.263301266343859,0,0,0.6203270351941433,1,0,0.2553199833117154,0,0,0.3456001280696152,0
227,0,0.44462134817448573,0,0,0.3928803018883957,0,0,0.43610211431183704,0,0,0.3468800446645667,0,0,0.19350202816552758,0,0,0.5827617935336709,1
228,0,0.5011215683597167,1,0,0.28283431450923546,0,0,0.2588248962891262,0,0,0.39320057411648907,0,0,0.5087284154794793,1,0,0.27324645983868073,0
229,0,0.47004493292568056,1,0,0.33798323786064044,0,0,0.24933074660010035,0,1,0.6173777345941902,1,0,0.19440089869091362,0,0,0.3105282381269992,0
230,0,0.3994976921609274,0,1,0.4399624333151742,1,0,0.2743992475424616,0,1,0.36421206699923503,0,0,0.3475415410808191,0,0,0.2838919443296485,0
231,1,0.6538351854869827,1,1,0.851712645717468,1,1,0.4554128288574262,0,0,0.3047041657672333,0,0,0.17415740982812414,0,1,0.26185002275854763,0
232,0,0.4557207398828212,0,0,0.24261143300910326,0,0,0.2574378429022724,0,0,0.2866789961973776,0,0,0.17352672292247365,0,0,0.25475753187388006,0
233,0,0.43988270730379914,0,0,0.33913040457937393,0,0,0.20957205098229217,0,0,0.24221129624255022,0,0,0.15672075319373618,0,0,0.1918441490922381,0
234,1,0.2881810308880178,0,0,0.43539419338171376,1,0,0.190760314873336,0,0,0.3705212223497628,0,0,0.13871483949324304,0,1,0.2262206776098833,0
235,1,0.566920405319121,1,0,0.37685010084671877,0,1,0.5558003495391467,1,0,0.33071967773501465,0,0,0.1701568789074915,0,0,0.32256974853971826,0
236,1,0.6420480478687612,1,0,0.3245098189219583,0,1,0.6414434043858414,1,0,0.3669859019993146,0,0,0.2527682597937288,0,0,0.28588317031663074,0
237,0,0.48362535843889226,1,0,0.3099779975635643,0,0,0.35853843119013684,0,0,0.3616429849029318,0,0,0.23696722386273741,0,0,0.2698524190876869,0
238,0,0.5330495376028901,1,0,0.3662356838609624,0,0,0.36284466970177465,0,0,0.3740649451774387,0,0,0.24570550688324214,0,0,0.32876809903958604,0
239,1,0.509703104797295,1,1,0.5606070513135775,1,0,0.3598005575965343,0,0,0.3157457068848211,0,0,0.2389099435653399,0,0,0.31499314863326666,0
240,0,0.44101431680004965,0,0,0.4952104057697946,1,0,0.24376044945158776,0,0,0.4739613208155956,1,0,0.20491872347461496,0,0,0.3198788649286542,0
241,0,0.482185232863597,1,0,0.5317204197346763,1,0,0.16382944749494782,0,0,0.4638696213206936,1,0,0.17548617516370085,0,0,0.329463897084223,0
242,0,0.4440688216031112,0,0,0.29838010320422403,0,0,0.31396287041450355,0,0,0.5522549892624725,1,0,0.3431883410386075,0,0,0.3276533178406765,0
243,1,0.44124433757605813,0,0,0.3966347331448619,0,0,0.22434997376341428,0,0,0.34882820266394404,0,1,0.6005756508101191,1,0,0.22942713222512714,0
244,0,0.3776225109314754,0,0,0.2752945611866149,0,0,0.3000546463757542,0,0,0.30927563211413,0,0,0.2326794194922187,0,0,0.5740626349754059,1
245,1,0.5772680563765593,1,0,0.42992088365996495,0,0,0.3511940005963602,0,0,0.4277790316053032,0,1,0.3964875915180719,0,0,0.3498509333248606,0
246,1,0.5317670198776965,1,1,0.46517584454753463,1,0,0.3518475949682457,0,0,0.326353861937011,0,0,0.2163458479913416,0,0,0.31655018131067947,0
247,0,0.5522996634438347,1,1,0.5521997034448367,1,0,0.1449181080061605,0,0,0.3200600949331418,0,0,0.2047631806646312,0,0,0.609155374431559,1
248,0,0.41895316003177324,0,0,0.27563387297765507,0,0,0.2980017748753282,0,1,0.5878521799972756,1,0,0.1942601255108321,0,0,0.3794026427577996,0
249,1,0.4854245334028591,1,0,0.2707817180678967,0,1,0.5862128866724038,1,0,0.37026552660336354,0,0,0.22282852141996068,0,0,0.34722056670334567,0
250,1,0.341809419894472,0,0,0.34316320586026944,0,0,0.31569176158309015,0,0,0.3439239484735351,0,0,0.23144325792771042,0,1,0.5458972193228561,1
251,0,0.4394163360196306,0,0,0.4959575744470827,1,0,0.21048573647522129,0,0,0.3772062825516106,0,0,0.2156907028320852,0,0,0.21892785951656102,0
252,0,0.4948477291037375,1,0,0.3270100548011537,0,0,0.2536203120493889,0,0,0.36329001783480247,0,0,0.33153787567836074,0,0,0.39367603333712287,0
253,0,0.8209969221853093,1,1,0.5544490216617016,1,0,0.2576116082537511,0,0,0.32614123814362317,0,1,0.5216670201931713,1,0,0.32237979121995575,0
254,1,0.7426625233725032,1,1,0.8123581449380949,1,0,0.3471468790542075,0,0,0.29947348800633355,0,0,0.22035850816789748,0,0,0.530931829321345,1
255,0,0.7602344476967954,1,0,0.28103985741861076,0,0,0.32989859131920835,0,0,0.4860550678885485,1,0,0.3258321751321107,0,0,0.5356398235075464,1
256,1,0.6472138785264926,1,0,0.19148292058703606,0,0,0.1720178551256351,0,1,0.558589110924222,1,0,0.1693428956188254,0,0,0.574339598734659,1
257,0,0.5127732232584504,1,1,0.4470973930184229,1,0,0.39973292649592157,0,0,0.33824032833298623,0,0,0.1931539994984167,0,0,0.2599376183249726,0
258,1,0.7036355380242608,1,1,0.2889344374798641,0,1,0.6693427944233199,1,0,0.244708003310656,0,0,0.34935966818053116,0,0,0.2534784571061129,0
259,1,0.44062067782960895,0,1,0.39834382046649075,0,0,0.21094160327418396,0,0,0.32353695767678,0,0,0.26269772187744667,0,0,0.2872234636471381,0
260,1,0.7844752724648744,1,1,0.8491823821592959,1,1,0.8527675437841825,1,0,0.32084364886334815,0,0,0.15163413989360852,0,1,0.2840819856280693,0
261,0,0.4610020852559788,0,0,0.27006110849437026,0,0,0.2141354264714263,0,0,0.3162375640563356,0,0,0.18162857827400147,0,1,0.7211277333047347,1
262,1,0.5302117018624195,1,1,0.5810311373340744,1,0,0.33886345600373924,0,1,0.3795829199241052,0,1,0.33013393338064156,0,1,0.6275162426716634,1
263,0,0.4073078805836406,0,0,0.4045156281932566,0,0,0.281535843693859,0,1,0.3084435808235795,0,0,0.30725318245354855,0,0,0.2790089068610594,0
264,1,0.44485429566317786,0,0,0.3165067089428995,0,0,0.326424889909273,0,0,0.35729609652610367,0,1,0.6208405594191879,1,0,0.2737784002724347,0
265,0,0.3952450369183612,0,0,0.3595496700937482,0,0,0.2865739261456932,0,0,0.27923108503833777,0,0,0.2362184294425472,0,0,0.3330917023312093,0
266,0,0.519549681272445,1,0,0.22182155975494686,0,0,0.25129079408367555,0,0,0.3505287882898175,0,0,0.31567175551765275,0,0,0.23910013786016174,0
267,1,0.6314542495208428,1,0,0.540820035476349,1,1,0.7015335038329,1,1,0.2923189647511713,0,0,0.26937390528946736,0,1,0.4378819992079862,0
268,1,0.6670601731481491,1,0,0.33331257573638917,0,1,0.6235791804820002,1,1,0.37155568123788774,0,0,0.2535109010656371,0,0,0.2352509015875205,0
269,1,0.4385318957263065,0,0,0.3818416511887339,0,1,0.5955879636725786,1,0,0.37030618165080376,0,0,0.3031962137973678,0,1,0.3562290052369819,0
270,0,0.5066707229819657,1,0,0.46504313955994625,1,0,0.4909369881829434,1,0,0.3026590661242398,0,0,0.2842468705304603,0,0,0.35294384517225086,0
271,1,0.6127419202214901,1,1,0.680242388735096,1,0,0.20096921157522543,0,0,0.32714208848016263,0,0,0.1812971400758876,0,0,0.2656963199190591,0
272,0,0.4451013740163093,0,1,0.6032646607359643,1,0,0.23739716708921518,0,1,0.4121232750367421,0,0,0.2709283491457501,0,0,0.19010656699816725,0
273,0,0.43137211834054595,0,0,0.3362297020939271,0,0,0.2991717101680376,0,0,0.32229708241850896,0,0,0.3161212411580948,0,0,0.4472828508497947,1
274,1,0.6232860733833505,1,1,0.6537105236764893,1,0,0.22714528968499137,0,0,0.24797641941360213,0,1,0.5775028332644228,1,0,0.2312504781547862,0
275,1,0.5247251718689264,1,0,0.3784458113242779,0,0,0.2098059436330744,0,1,0.5725793823100674,1,0,0.1594194450211329,0,0,0.3495346980577277,0
276,1,0.7167631587316227,1,0,0.2372569914743602,0,1,0.606820186928897,1,0,0.323737452668248,0,0,0.23271217122776122,0,0,0.26758961646674034,0
277,1,0.4910511391069032,1,0,0.56242921204791,1,0,0.24305956992073977,0,1,0.5633474533757408,1,1,0.478019472620558,1,0,0.2843764692584431,0
278,1,0.4737644860816729,1,0,0.32097536674625216,0,0,0.2552481957994587,0,0,0.38216573792503744,0,0,0.22366062254149288,0,1,0.6457483652846358,1
279,1,0.7418355813000341,1,1,0.6526042322705096,1,0,0.35466138777710216,0,0,0.2611668153883822,0,0,0.21391292140476054,0,0,0.40153444150191875,0
280,1,0.4030394141179054,0,0,0.20794011519622618,0,0,0.22226240191788854,0,0,0.26094032240289816,0,1,0.46600726899957257,1,0,0.22254929646888344,0
281,0,0.4168282142343967,0,0,0.2474915786392418,0,0,0.2799143575627132,0,0,0.5549434612231345,1,0,0.27025507759184786,0,0,0.25738794775385937,0
282,0,0.33953325184093497,0,0,0.19940252649215323,0,0,0.3236289714831932,0,0,0.5705662721782109,1,0,0.19581306576658636,0,0,0.24781669889815675,0
283,1,0.5697070168833734,1,0,0.36655017791132366,0,1,0.6502950906459575,1,0,0.3653299127812456,0,0,0.22444259732068417,0,0,0.38343375284365144,0
284,1,0.5804432394311516,1,0,0.3464833240690869,0,0,0.30625706690715465,0,0,0.3805939060872256,0,1,0.7632616612118152,1,0,0.30345006389207424,0
285,1,0.7234872091833201,1,0,0.3264910141438721,0,1,0.5887122528272835,1,0,0.34159371266494504,0,0,0.28105176412880517,0,0,0.21651292257573604,0
286,1,0.6145880840296084,1,0,0.34002310237609673,0,1,0.6275292318366782,1,0,0.2629320970547009,0,0,0.23798377404270243,0,0,0.19677433148313647,0
287,1,0.7240064503983035,1,0,0.401356999750468,0,0,0.35010499409632806,0,1,0.5252921309392239,1,1,0.555654482529381,1,0,0.3008329740231135,0
288,0,0.4407577227984036,0,0,0.4070865051274184,0,0,0.40402699189285735,0,0,0.38396538313144707,0,0,0.2672428240688552,0,0,0.30409266317559724,0
289,1,0.6846924092635015,1,0,0.3357100283884544,0,1,0.32531986057513834,0,0,0.5007304334536984,1,0,0.3375865346531281,0,1,0.5484146792811234,1
290,0,0.5952881608459182,1,1,0.4035393888951724,0,0,0.3699373668378447,0,0,0.4206953975398976,0,0,0.3604274582646803,0,0,0.3401775710030095,0
291,1,0.652739048443773,1,0,0.26626483135254,0,0,0.30403366034225504,0,1,0.36522413983795854,0,0,0.21451415895968892,0,1,0.5025677245686117,1
292,0,0.44242137335892834,0,0,0.5007088762896551,1,0,0.2607122321074117,0,0,0.5216764061538323,1,0,0.2225358166270484,0,0,0.31508554534280175,0
293,1,0.6543783758370463,1,1,0.7133510942866799,1,0,0.31529255850693855,0,1,0.49920326386625924,1,0,0.3577287962504603,0,0,0.35433001626131483,0
294,0,0.5087540312868701,1,0,0.35486485620028885,0,0,0.30725459746388906,0,0,0.5370825962759623,1,0,0.2676472181388933,0,0,0.35678005287122416,0
295,1,0.5898024952490322,1,1,0.6480618056574353,1,0,0.27668349943655873,0,0,0.34276435529248284,0,0,0.1990734441934113,0,0,0.2631074444569213,0
296,0,0.4685225727593109,0,0,0.5580767558674407,1,0,0.29813521645347696,0,0,0.2832767922450038,0,0,0.17848834438228953,0,0,0.1885347624308877,0
297,1,0.4775759313216298,1,0,0.35487102733126225,0,0,0.4353836921831545,0,0,0.3980315036937042,0,1,0.40148841745957653,0,0,0.316657347885972,0
298,1,0.46450017665982896,0,1,0.4306050681021886,1,1,0.21803400726936115,0,0,0.41200410916146,0,0,0.3315157753591305,0,1,0.3045130857119754,0
299,1,0.46343317003357887,0,0,0.2949553422186021,0,0,0.3472730566812414,0,0,0.6111755264439324,1,1,0.6144305796082872,1,0,0.31031873905902013,0
300,1,0.8537753337592882,1,1,0.9096550731219047,1,0,0.707556990579942,1,0,0.21355786319767758,0,0,0.24041184309627212,0,0,0.22507104183761928,0
301,1,0.6077264154192475,1,0,0.3245866057783606,0,1,0.6343820383066859,1,0,0.2679451849887008,0,0,0.2510450215980363,0,1,0.27981758452139077,0
302,1,0.6163010073646819,1,0,0.3549520958811895,0,0,0.32441778130888993,0,1,0.42140401906579666,0,1,0.46513421315316084,1,0,0.28768889194322145,0
303,1,0.635098338377657,1,0,0.32029829835059015,0,1,0.6055908699293184,1,0,0.25614806216503333,0,0,0.3027922384033094,0,0,0.2543057293414497,0
304,0,0.4421453065358798,0,0,0.35022017727293825,0,0,0.3044059301684024,0,0,0.338443278378215,0,0,0.24520680828390848,0,0,0.3188315981377434,0
305,1,0.4792467859660735,1,1,0.3387106716569557,0,0,0.2922066238851498,0,0,0.338443278378215,0,0,0.24520680828390848,0,1,0.29019858107265406,0
306,1,0.5584231668445905,1,1,0.49432888028318556,1,0,0.37068260355893,0,0,0.321728380306045,0,0,0.25588713301314664,0,0,0.40297046342617415,0
307,1,0.43943434457429675,0,0,0.43598405707767834,1,1,0.41493969093934174,0,0,0.2949176576300632,0,0,0.12791738908972494,0,1,0.6242660218720368,1
308,0,0.3827327236670254,0,0,0.23561372209319345,0,1,0.47497100809558834,1,1,0.5869368581452543,1,0,0.32687196708344096,0,0,0.3443028822077994,0
309,1,0.41280573042332214,0,1,0.4746931622997126,1,0,0.3358901220653697,0,0,0.29426493320712477,0,0,0.2000879805703055,0,0,0.24757020381067416,0
310,1,0.7380510913732776,1,1,0.46290263186873787,1,0,0.19135478076376483,0,0,0.4495060248173173,1,0,0.35768516544140955,0,0,0.3183886234811693,0
311,1,0.4308453329798103,0,1,0.3375717290699014,0,1,0.44046463729829666,0,1,0.39476071777688,0,0,0.28171813021013836,0,0,0.29033293300670393,0
312,1,0.6184954125390061,1,0,0.39245334107948715,0,0,0.41202594416303157,0,0,0.4227453027347918,0,0,0.5558705127872354,1,1,0.3028372000872802,0
313,1,0.7624825009270118,1,1,0.7192105490016412,1,0,0.30662933134629416,0,1,0.2979381333329556,0,0,0.24955039076279348,0,0,0.46595201354385846,1
314,0,0.5262969483443408,1,1,0.5523246488620009,1,0,0.3948394234014684,0,0,0.5191518989320355,1,0,0.3298368781795633,0,0,0.2927521185086002,0
315,1,0.48335300547260357,1,0,0.2522052015761733,0,0,0.09572905437045978,0,1,0.5391647836544442,1,1,0.4975813959843386,1,0,0.18249054313728474,0
316,1,0.4659542331307459,0,0,0.35542148554614167,0,1,0.4244795568648477,0,0,0.4448212040000757,1,0,0.3748343471271737,0,0,0.3752120779821248,0
317,1,0.40685345635341136,0,0,0.3288401138613746,0,1,0.5800789168929191,1,0,0.38550370471697565,0,0,0.19414808551297974,0,0,0.3057265097672807,0
318,0,0.3264652551315929,0,0,0.28520301009048676,0,0,0.22309255147387816,0,0,0.33864216934442637,0,0,0.5627295877692411,1,0,0.27565864993070116,0
319,1,0.4318730210448406,0,1,0.5534359420567059,1,0,0.25216775913389966,0,1,0.3243068853889554,0,0,0.20916484547939274,0,0,0.20247373495736545,0
320,1,0.6696513131370134,1,0,0.4259605155458369,0,1,0.6515382833915886,1,1,0.42016018100857994,0,0,0.35341841131562546,0,0,0.30543277165264965,0
321,1,0.7849632611335692,1,0,0.3026085729868797,0,1,0.679063788170901,1,0,0.33054088253555863,0,0,0.20189737181018125,0,0,0.3043860338491436,0
322,1,0.6393074298609929,1,1,0.659350891809675,1,0,0.31112839895697786,0,0,0.3322482422536247,0,0,0.2464157862871202,0,0,0.2828150938465159,0
323,1,0.5732882584762267,1,0,0.24346698946379233,0,0,0.3197064384426055,0,0,0.32439793676899153,0,1,0.5012269013732626,1,0,0.34066053133638885,0
324,0,0.45458381034082807,0,0,0.3732746129470147,0,0,0.3188532315654728,0,0,0.36720319693167947,0,0,0.2564027200085889,0,0,0.2799450748409529,0
325,1,0.6241143056059328,1,0,0.3144214682676987,0,1,0.5340241849941008,1,0,0.3623394630193292,0,0,0.2703401698128286,0,0,0.2896842192123239,0
326,1,0.4569766518830582,0,0,0.23432319190786785,0,0,0.1835559687090396,0,0,0.2793010540340605,0,0,0.2195351003866422,0,1,0.8080643792691764,1
327,1,0.5542363955276588,1,1,0.5215612686316838,1,0,0.17196047401726391,0,0,0.38824027013768797,0,0,0.22988243172343378,0,0,0.23739173042890324,0
328,1,0.4775157519108267,1,1,0.29588162229769344,0,1,0.36832012591719304,0,0,0.29448789489571187,0,0,0.23977804235449082,0,0,0.3262194584023866,0
329,1,0.45406967935429343,0,0,0.293544431436223,0,1,0.35281427839976404,0,0,0.5315258879902529,1,0,0.1919096087240676,0,1,0.3515468064702442,0
330,0,0.4441214637886396,0,0,0.2335371502859887,0,0,0.3412798535379919,0,0,0.3406961870696992,0,0,0.28563420695109965,0,0,0.5031146532367704,1
331,1,0.4160667938043444,0,0,0.33466088255460463,0,1,0.3870500110527766,0,0,0.36058683849195444,0,0,0.2268078760289609,0,0,0.2658693322910548,0
332,1,0.41105524348784167,0,0,0.3182138071649989,0,0,0.24553069777579684,0,0,0.2847343393664629,0,1,0.48479481016628134,1,0,0.23889396351220055,0
333,0,0.3656475168503151,0,1,0.48056894709547787,1,0,0.3107500404425189,0,0,0.39736607494795534,0,0,0.22712333942002177,0,0,0.38060438228665816,0
334,1,0.3979410151164457,0,0,0.28174350266986886,0,0,0.3539460543732338,0,0,0.38255424240821395,0,0,0.29425285502692866,0,1,0.5455686669316268,1
335,0,0.46407616719983086,0,0,0.24180499639090375,0,0,0.30651739420482255,0,0,0.26463182397910795,0,0,0.22156180484414623,0,0,0.2732601088389591,0
336,1,0.4395573320320716,0,0,0.37171578725817767,0,0,0.24789757605773882,0,1,0.6619264238657018,1,0,0.30449985496674115,0,0,0.30879193780639497,0
337,1,0.5110277602555345,1,1,0.5291928213088422,1,0,0.22474945003051855,0,1,0.3860725377091211,0,0,0.19623926698729877,0,1,0.45670181728079207,1
338,0,0.5198530991813245,1,0,0.37461301149433135,0,0,0.36674363015391415,0,0,0.44397351114212386,1,0,0.2901501267635461,0,0,0.2861104595844644,0
339,0,0.38127601467896566,0,0,0.4856770406861662,1,0,0.20825291695288078,0,0,0.2981798731455597,0,0,0.28879374309827793,0,0,0.3065824666716352,0
340,1,0.6591163601004448,1,0,0.31944519694285484,0,1,0.6265164987934813,1,0,0.237590890701818,0,0,0.29178724529642786,0,0,0.30134822109904297,0
341,0,0.5804445989885755,1,0,0.3495632052931346,0,0,0.44993506313535364,0,1,0.4686334072595945,1,1,0.30927357113858966,0,0,0.3827119475764466,0
342,1,0.5805657076066864,1,0,0.39889097045746563,0,1,0.6483158496988705,1,0,0.39833871402448984,0,0,0.24330395495284501,0,0,0.39592810297802533,0
343,1,0.3662301856542977,0,0,0.37890438964941187,0,0,0.3613424557812089,0,1,0.4629079670066314,1,0,0.25809827645973465,0,0,0.40428212626778903,0
344,0,0.4614712034393093,0,0,0.3066637033435131,0,0,0.2905314730610664,0,0,0.3585120941184894,0,0,0.3587716598287578,0,0,0.31769248891150315,0
345,1,0.5930332905041334,1,0,0.28452025524084107,0,0,0.2807907978457788,0,1,0.4291864503694448,0,0,0.34807465886553285,0,1,0.5552232468126612,1
346,1,0.4870381712272591,1,1,0.43423964842489127,1,0,0.28365564889394623,0,0,0.4122040412464425,0,0,0.16222881096715278,0,0,0.34203298961856393,0
347,1,0.46780735770613097,0,1,0.5130130856499515,1,0,0.2886794633009433,0,0,0.29735452767931986,0,0,0.2224084445199005,0,1,0.40106713714451014,0
348,0,0.4771433477437252,1,0,0.5001360039000472,1,0,0.29795481882149616,0,0,0.3250160886605354,0,0,0.18751819583149015,0,0,0.4364621668113414,0
349,1,0.6248174549888603,1,1,0.651684215041093,1,0,0.31619667260589224,0,0,0.4129983020774127,0,0,0.22919021292880054,0,0,0.2683753485180723,0
350,0,0.516834250875931,1,0,0.35944354876448775,0,0,0.38343286927088277,0,0,0.40327085480672276,0,0,0.2959816900721746,0,0,0.3603852166998283,0
351,1,0.6082340999286503,1,1,0.5489837174764316,1,0,0.4090856358884532,0,0,0.3832204846048772,0,0,0.2521447320778443,0,1,0.379245016533707,0
352,1,0.548921549312862,1,1,0.42385259879606674,0,0,0.2528360607866476,0,1,0.47392258646478425,1,0,0.23755289975308075,0,0,0.2663830350411793,0
353,1,0.7328160158371473,1,1,0.6740096312353667,1,0,0.28834995423280063,0,0,0.28403995397784604,0,0,0.3160760551430935,0,1,0.3704792211100874,0
354,1,0.4571549278716741,0,1,0.4016874877122679,0,0,0.3155343488697143,0,1,0.3926695151352527,0,0,0.3135184849597582,0,0,0.31349390756827755,0
355,1,0.5724192348562355,1,1,0.6429125363869017,1,0,0.32839281736569675,0,0,0.4113453561152464,0,0,0.2979620730898089,0,0,0.3115301809585981,0
356,0,0.5621837751219504,1,0,0.3238799009629468,0,1,0.5287723166388251,1,0,0.32376887850106484,0,0,0.24869687259447915,0,0,0.3585433560840564,0
357,1,0.42677388542802597,0,1,0.33278900952736057,0,0,0.27689201531127655,0,0,0.3572935248664061,0,0,0.21215796945604803,0,0,0.2737423979622507,0
358,0,0.35582384110718984,0,0,0.5116018683713404,1,0,0.18158677514936702,0,0,0.4816365005239491,1,0,0.19721224386661212,0,0,0.19075692417773277,0
359,1,0.7102250584145183,1,1,0.6231625264836135,1,1,0.5304731263187149,1,0,0.4447102729813364,1,0,0.22563622406504133,0,0,0.29953130369953657,0
360,0,0.623790366950692,1,0,0.4572406590512176,1,0,0.3443180491533344,0,0,0.38396726386742974,0,0,0.4699439917777046,1,0,0.40995797748052304,0
361,1,0.5866588323161143,1,1,0.5000663818205363,1,1,0.667591014959939,1,1,0.29972364363082965,0,0,0.19012389366300045,0,0,0.3134218662033386,0
362,0,0.46498687735228733,0,0,0.1895694060378377,0,0,0.23126980582828566,0,0,0.2949314407302371,0,0,0.15279098503456925,0,0,0.2584524273326682,0
363,1,0.40067112380233055,0,1,0.41236421380956134,0,0,0.3153202602686059,0,1,0.3341926778448512,0,0,0.24004004297742262,0,0,0.2110198673349031,0
364,1,0.4469610687444511,0,1,0.4518403779171747,1,1,0.5773728566085772,1,1,0.39462814452978745,0,1,0.49895403865414784,1,1,0.3080154895087667,0
365,1,0.4531702252299114,0,1,0.631444020225648,1,0,0.2268431634572065,0,0,0.2816603376130385,0,0,0.1710975673801195,0,0,0.27016499670898386,0
366,1,0.5755097483435465,1,0,0.35787992982813344,0,1,0.5885654866030724,1,0,0.2679719978953048,0,0,0.27249057900954915,0,0,0.5438685182475796,1
367,1,0.5480920502008954,1,1,0.3504294770520107,0,0,0.29825523942286786,0,0,0.48769056769907215,1,0,0.24431968763701467,0,0,0.29515654565115934,0
368,0,0.4318361337216752,0,0,0.5233225858984324,1,0,0.3098545833425447,0,0,0.2695018292380722,0,0,0.43987796028855863,1,0,0.38513287057671486,0
369,1,0.6168305049610473,1,0,0.2543414825797872,0,0,0.22743059357518017,0,1,0.39523055559108006,0,0,0.2181897439069462,0,1,0.5722149490029153,1
370,1,0.5000009918385209,1,0,0.5862753314023466,1,0,0.3771456909877777,0,1,0.33888028922763,0,0,0.3181227637760265,0,0,0.2650602934936859,0
371,1,0.49140351636918134,1,1,0.4071636949288022,0,0,0.3315073501541041,0,0,0.41044409554079364,0,0,0.2868969637980725,0,0,0.3422478346625387,0
372,0,0.5198318111339498,1,0,0.3960120737718934,0,0,0.27812421221003286,0,0,0.3828548877422235,0,0,0.3187092965958668,0,0,0.2969326067543766,0
373,0,0.5095096448901615,1,0,0.4301748126935582,1,0,0.2641333914879665,0,0,0.35026706110001116,0,0,0.3072708900414865,0,0,0.36695368092509456,0
374,1,0.6166080961519632,1,0,0.24939031879337187,0,0,0.3124984953235134,0,0,0.29037981021096954,0,1,0.6641182905236018,1,0,0.3107819925714313,0
375,1,0.606192062732931,1,0,0.328873309490287,0,0,0.396502520793895,0,1,0.3476533942171595,0,1,0.6071319478906139,1,0,0.3340754798518388,0
376,1,0.7349559465517481,1,1,0.883504718341725,1,1,0.6000576011761498,1,0,0.20764668148781162,0,0,0.31102195446713005,0,0,0.22326840364447995,0
377,1,0.607342193920978,1,1,0.4415381854325304,1,1,0.5080678488593378,1,1,0.4672007959355714,1,1,0.497597025293376,1,0,0.30401706465321043,0
378,1,0.760159565087247,1,1,0.6384965944290419,1,1,0.5327820548083907,1,0,0.37058134009005733,0,0,0.269731749239331,0,0,0.3861202143048421,0
379,0,0.3611759988049307,0,0,0.36789191413685096,0,0,0.3782964535387599,0,0,0.19682652811658413,0,0,0.19271021521234782,0,0,0.37136183598984923,0
380,0,0.5263896818310361,1,0,0.4328845424556963,1,0,0.2846430837072763,0,0,0.36784303293088344,0,0,0.28500678277987573,0,0,0.26741771495999556,0
381,1,0.45452194757742037,0,0,0.36877337563690205,0,0,0.2994122746777333,0,0,0.40516382592876277,0,1,0.3057274807292044,0,0,0.3239591550302958,0
382,0,0.4777052788762152,1,1,0.4763224511299242,1,0,0.32688530521375336,0,1,0.20991004739673233,0,0,0.2449357896316164,0,0,0.31045561785836645,0
383,1,0.45050386298848144,0,0,0.34526469328949794,0,1,0.3038680261839336,0,0,0.2930980286449225,0,0,0.2598832603770521,0,0,0.31679790840990013,0
384,1,0.5640555668898191,1,1,0.4692927234483706,1,1,0.6471947292962037,1,0,0.31946111943750294,0,0,0.2684422259875668,0,0,0.292482679101428,0
385,1,0.5746379640977313,1,0,0.37865321202965735,0,0,0.2524303104675243,0,1,0.388770807562401,0,1,0.5153085641381855,1,0,0.2614563924569005,0
386,1,0.40484093424167744,0,1,0.32607051575883145,0,0,0.2971425498851874,0,1,0.6084366408338527,1,0,0.21987021981474966,0,0,0.29442170243471777,0
387,0,0.4182539758135306,0,0,0.2907243868755429,0,0,0.2746395832745981,0,0,0.24529861059130728,0,0,0.20725350650438984,0,0,0.32605964814463706,0
388,0,0.5444354183164759,1,0,0.2675931120092745,0,0,0.4711579597029502,1,0,0.5851373555804181,1,0,0.3276702625827883,0,0,0.37062237069193704,0
389,0,0.5421888780238621,1,0,0.28514444910993925,0,0,0.4109025615945705,0,0,0.430824612408517,0,0,0.23247650691346883,0,0,0.3180119753631673,0
390,0,0.4287972074022733,0,1,0.3503212294293296,0,0,0.28479310878725206,0,1,0.3693773682597638,0,0,0.3508524989547735,0,0,0.3368164451889151,0
391,0,0.3933140087264133,0,0,0.3156155649964924,0,0,0.31256438785710494,0,0,0.415596921842855,0,0,0.21386778828594158,0,0,0.346943335451654,0
392,0,0.479327777893717,1,0,0.3989089161009201,0,0,0.37204196327292727,0,0,0.30307402246299997,0,0,0.22602202005794336,0,0,0.33436294026712937,0
393,0,0.3782096100362337,0,0,0.3928041665553357,0,0,0.23576805276768667,0,0,0.29480111283569377,0,0,0.518938481135137,1,0,0.2784782423255222,0
394,1,0.4243165264815387,0,0,0.3129305020862112,0,0,0.2909973823922729,0,0,0.2620983731853098,0,0,0.11325396863480748,0,1,0.7290924966009027,1
395,0,0.5252392336756877,1,0,0.37204184787241684,0,0,0.5448869519130582,1,0,0.2881630707929082,0,0,0.13595357398586733,0,0,0.6368695396810132,1
396,0,0.4065937026110308,0,1,0.44443700276581033,1,0,0.3743464126288524,0,1,0.5004671602899246,1,0,0.17642309362875933,0,0,0.2570230446185758,0
397,0,0.367960590601981,0,0,0.29112841801932504,0,0,0.27317249822549555,0,0,0.3206511325071476,0,0,0.17091291012433352,0,0,0.6904551500929753,1
398,1,0.6339085872187925,1,0,0.3492863718794289,0,0,0.2338758417043201,0,0,0.5614684781488896,1,0,0.22676786926163967,0,1,0.5350798088544192,1
399,1,0.7366933620122099,1,1,0.8094770722751659,1,0,0.28720692118856733,0,0,0.4344349579446185,0,0,0.16897721482921607,0,0,0.2542209094660303,0
400,0,0.4560033317534576,0,0,0.3732746129470147,0,0,0.3188532315654728,0,0,0.36720319693167947,0,0,0.2781700950143094,0,0,0.2799450748409529,0
401,0,0.5178392546104957,1,0,0.4835611643628496,1,0,0.330068917864257,0,0,0.44555597405601355,1,0,0.38553054588198793,0,0,0.33327213639231246,0
402,1,0.43904784269679403,0,1,0.6155823971108765,1,0,0.28672205985886806,0,0,0.351273036884136,0,0,0.12941635649889546,0,1,0.33531031858225463,0
403,0,0.6350379933005289,1,0,0.45408565922559385,1,0,0.6748085278189717,1,0,0.30647571466485274,0,0,0.18498938851098304,0,0,0.40502420061232147,0
404,1,0.5898955030132765,1,1,0.6067029564917921,1,0,0.2773396471661096,0,0,0.4327145627968844,0,0,0.19418374410199166,0,0,0.286953702474483,0
405,0,0.38985543384900967,0,0,0.4647767461117534,1,0,0.38132342877218467,0,0,0.29883097371823186,0,0,0.2578681000958279,0,0,0.3954182212229144,0
406,1,0.6583208387364293,1,1,0.6097622237998824,1,0,0.3301232891953657,0,1,0.532895971900678,1,0,0.30288852277117567,0,0,0.2565949212901723,0
407,0,0.4143664843317773,0,0,0.296082770042059,0,0,0.2452587848166177,0,0,0.27604136545319846,0,0,0.5622947484368122,1,0,0.2855938978797478,0
408,1,0.525769209993194,1,0,0.5253455209740991,1,0,0.16421133676006802,0,0,0.5298423619883276,1,0,0.28903668488963397,0,1,0.3747393256195353,0
409,1,0.43120924516740977,0,1,0.33682306560633213,0,0,0.2992358925910327,0,0,0.505616571896512,1,0,0.21065835342804162,0,0,0.3096076170830994,0
410,0,0.31760061733439027,0,0,0.2413299217459978,0,0,0.23074136398957076,0,0,0.28732321313446424,0,0,0.18805000012715117,0,0,0.4664126031444219,1
411,0,0.5541675581639768,1,0,0.3128254152317769,0,0,0.6912363001675329,1,0,0.31548140546629444,0,0,0.20310610771881055,0,0,0.7626162675224055,1
412,1,0.7402937110549327,1,1,0.8246944843439811,1,0,0.2785554933079229,0,0,0.5374097003374565,1,0,0.17259200783669768,0,0,0.2621002737386006,0
413,0,0.3982444705204055,0,0,0.3159720399440731,0,0,0.2249199221666434,0,0,0.40346217103367926,0,0,0.23565715149648916,0,0,0.475717445173785,1
414,1,0.4254742738561769,0,1,0.5390003317497777,1,0,0.4031754463576817,0,0,0.34029014958511183,0,0,0.31095119718118786,0,0,0.37683967311797434,0
415,1,0.6278478232687875,1,0,0.285667134444777,0,0,0.2865097588041764,0,1,0.41163158829546137,0,1,0.5989300446188586,1,0,0.28789138108221285,0
416,1,0.45105354578897666,0,0,0.26829736678072513,0,0,0.22480405011289395,0,0,0.22701177095470074,0,0,0.23993956803328967,0,0,0.23818569934760686,0
417,1,0.6158557185816516,1,1,0.6249946320335457,1,0,0.24301504826533435,0,1,0.6714805912915717,1,0,0.1650185076846134,0,0,0.26354222521528314,0
418,1,0.5404677336774091,1,0,0.3382224773655128,0,1,0.520535731628018,1,0,0.2904023368510519,0,0,0.20793487409606926,0,1,0.2971788369600575,0
419,0,0.5997044567655933,1,0,0.3708274426481465,0,1,0.6484275127910092,1,0,0.35350239683315254,0,0,0.24484740036006858,0,0,0.3766011874592857,0
420,0,0.5772522412286301,1,0,0.42368887047807613,0,0,0.2488779451558657,0,0,0.47965397149571537,1,0,0.2052279520159402,0,0,0.2902678749695659,0
421,1,0.6597147268618272,1,1,0.660108037056133,1,1,0.6894637040249282,1,1,0.31105168279310585,0,0,0.17215370012990136,0,0,0.19912221520920323,0
422,0,0.5700168911133112,1,0,0.40909983078095996,0,0,0.44688263632312347,0,0,0.30543500675875396,0,0,0.23468690404788595,0,0,0.4883097503484981,1
423,1,0.6175947951029497,1,1,0.6414868374614627,1,1,0.4792549752721202,1,0,0.32447490967833964,0,1,0.4938079817149522,1,0,0.3235401838609514,0
424,1,0.6113343696322678,1,0,0.33321887371822095,0,0,0.3707550277467893,0,1,0.34223615629775467,0,1,0.46922004044549354,1,1,0.3319763556502602,0
425,0,0.5360494412673517,1,0,0.5360932484959631,1,0,0.3616181041016629,0,0,0.37147585819031625,0,0,0.43185585283120703,1,0,0.29681980882114095,0
426,0,0.4459667429988663,0,1,0.4892097037877026,1,0,0.35140353494473997,0,0,0.2124923758605175,0,0,0.18752322234035693,0,0,0.23675865001846788,0
427,1,0.4900854697037027,1,1,0.3043054545853374,0,0,0.24870715772663338,0,1,0.5590235096297046,1,0,0.2591746720185588,0,0,0.3500389819024002,0
428,0,0.34949046700504677,0,0,0.26459413945849086,0,0,0.13860139468190746,0,0,0.3319130861896386,0,0,0.6572224604332869,1,0,0.19577484315724605,0
429,1,0.5314031368761574,1,0,0.3714325696912888,0,0,0.25634364208158456,0,1,0.341904459337651,0,1,0.5220922546440406,1,0,0.3710613571941901,0
430,1,0.4904575411658422,1,0,0.4827690531219006,1,1,0.4862887362248122,1,0,0.25379548494073645,0,0,0.1759453641140654,0,0,0.5419413405974784,1
431,1,0.48493935138329547,1,1,0.4928739471664748,1,0,0.41099258797455485,0,1,0.445118986753862,1,0,0.2781897439638151,0,0,0.2961953113133718,0
432,1,0.6367717293397548,1,0,0.31432782231707784,0,0,0.19304568756518445,0,0,0.41483623335576897,0,0,0.6059120667243048,1,0,0.34933083124125774,0
433,1,0.7196910063897942,1,0,0.3169802831892776,0,1,0.27612454797500835,0,0,0.4282984071264997,0,1,0.6806212892578155,1,0,0.5576470854052138,1
434,1,0.5699677599934226,1,0,0.3339577250423027,0,0,0.29856344963864445,0,1,0.4333498531851018,0,1,0.45339223488777086,1,0,0.2996762614136827,0
435,1,0.42662309534893483,0,1,0.39726765375511114,0,1,0.3494915333451182,0,0,0.44482238543680247,1,0,0.19619919427371682,0,1,0.29024751767237633,0
436,0,0.4691525381649617,0,0,0.3125767410410404,0,0,0.3884238303558246,0,1,0.6885524738518296,1,0,0.21776918659061548,0,0,0.2868348809747497,0
437,0,0.4505227887733429,0,0,0.49662518113479065,1,0,0.5717869137570737,1,0,0.2968612097389272,0,0,0.21779084372942106,0,0,0.4837645234555389,1
438,1,0.5101177696635151,1,0,0.33627033767120024,0,1,0.7161728072506894,1,0,0.36324022167461667,0,0,0.17195115438717812,0,0,0.5903118947623716,1
439,1,0.44139044971436747,0,1,0.39784164089989793,0,0,0.2064958435200188,0,0,0.3108149949913613,0,0,0.32026350519751123,0,1,0.3437860480379043,0
440,1,0.596143956705094,1,1,0.4181285972877487,0,1,0.6298190254498773,1,0,0.2875011598930983,0,0,0.21494463212850562,0,0,0.4528319153369426,1
441,1,0.48324911266839826,1,0,0.3350191645625946,0,1,0.30291186267522474,0,0,0.3355381809551591,0,0,0.24520680828390848,0,1,0.3822213476793906,0
442,0,0.4949151887888485,1,0,0.47220773928138365,1,0,0.38622980719180317,0,0,0.23572959725478598,0,0,0.23553791644418773,0,0,0.3983622660002899,0
443,1,0.5366331063868006,1,0,0.31049386665614187,0,1,0.5255209949628682,1,0,0.3123663400658928,0,0,0.35073669873004276,0,0,0.3316302694612263,0
444,1,0.5140708081455566,1,1,0.4970480717742057,1,1,0.342694887305632,0,0,0.305736865350143,0,0,0.2686181490774237,0,0,0.41257119948229115,0
445,0,0.3185641091112816,0,0,0.4779979155875776,1,0,0.1995895904558251,0,0,0.3553335878640547,0,0,0.2067729539929306,0,0,0.25790409398560465,0
446,0,0.4155050300030058,0,0,0.2822277683144274,0,0,0.3459805374155507,0,0,0.23219804597111468,0,0,0.21104312037805342,0,0,0.5953550947575229,1
447,1,0.5673000957177521,1,1,0.6769946505207571,1,0,0.2035546385883927,0,0,0.17601965110351825,0,0,0.23759484082928622,0,0,0.2155428682796472,0
448,0,0.6243278536270266,1,0,0.5518733744114941,1,0,0.35025031704793685,0,0,0.3621974286270573,0,0,0.1447466749441111,0,0,0.5180764289051852,1
449,0,0.40554739549479335,0,1,0.5036940979209084,1,0,0.3060455386010867,0,0,0.3312666263360705,0,0,0.18686155409640126,0,0,0.19630800890230035,0
450,0,0.5233515281985268,1,0,0.31702968923513836,0,0,0.41851124999919875,0,1,0.6475407237394463,1,0,0.18351493875798927,0,0,0.39662419021688355,0
451,1,0.5830349424210782,1,1,0.4647238557376897,1,1,0.41556673270201994,0,0,0.3317097723383725,0,0,0.22534471337284204,0,0,0.48474944855616686,1
452,1,0.48164842376177375,1,0,0.28637710249033566,0,0,0.47700458823478925,1,1,0.5641824881841998,1,0,0.17978937067422535,0,0,0.3856907895427907,0
453,1,0.4485356655399182,0,0,0.2755887667955639,0,0,0.30778815689429684,0,0,0.48826938762048966,1,0,0.15288854678391067,0,0,0.3680656208907876,0
454,1,0.6840698824910584,1,0,0.3381058600795234,0,1,0.6499006426786559,1,0,0.3341127806317852,0,0,0.3083401774998991,0,0,0.38571472044923844,0
455,1,0.4214929665269153,0,1,0.3473399284848991,0,1,0.28876339405136114,0,1,0.3838936694447391,0,1,0.5738553738967663,1,1,0.3475028260953853,0
456,0,0.4358287721119505,0,0,0.4282691930116125,0,0,0.3307203284709499,0,0,0.4388026239643682,0,0,0.1677310762253889,0,0,0.3622881302550883,0
457,1,0.5742044425232243,1,1,0.6762191933657232,1,0,0.2898986218754061,0,0,0.32833422714995514,0,0,0.28616396582650017,0,0,0.3016328443861379,0
458,1,0.592067455035224,1,1,0.43248621741299237,1,0,0.35325572691726714,0,0,0.5011515799170043,1,0,0.2896048231502226,0,0,0.40927504535629616,0
459,1,0.6462063662679047,1,0,0.19312927211709457,0,0,0.21748171103587163,0,0,0.3902360473401541,0,0,0.28712846566096933,0,0,0.5256762897911013,1
460,1,0.6972611893109932,1,1,0.7410556445187741,1,0,0.3828503812718322,0,0,0.25126131066155255,0,0,0.20068085033008004,0,0,0.45469717955762806,1
461,0,0.3521886855012577,0,0,0.270330052078986,0,0,0.25927846797773796,0,0,0.5310427868178271,1,0,0.2545399061983561,0,0,0.3090546803682955,0
462,1,0.44827518431777197,0,1,0.4519431089022806,1,0,0.3111288210295036,0,0,0.42099196635895525,0,0,0.38662030845789747,0,0,0.43642438707421616,0
463,0,0.45965772256413195,0,0,0.2543314513437782,0,0,0.3386045914616899,0,0,0.28788576485268885,0,0,0.21157900514115496,0,0,0.7565855529358723,1
464,1,0.5523045929520708,1,1,0.4615219761486341,1,0,0.3585746804715774,0,1,0.4379133577443279,0,0,0.3234235791787615,0,1,0.3245787526875836,0
465,1,0.4010647904441716,0,1,0.4232306666806851,0,0,0.2030951227807699,0,1,0.5005954362573433,1,0,0.19666742441868235,0,0,0.30178614161427963,0
466,1,0.4239961281663755,0,0,0.34604012419832697,0,0,0.35998002014138564,0,0,0.22050815916008035,0,0,0.19053612650224175,0,1,0.5406845105284124,1
467,1,0.7378313816394027,1,1,0.6554863024860637,1,1,0.39765343381956486,0,0,0.38336461993190624,0,0,0.30584147224383285,0,1,0.333959571461957,0
468,0,0.49537438279823853,1,0,0.3064885338238591,0,0,0.3169733915210339,0,0,0.6268389703987417,1,0,0.3237100819695231,0,0,0.370772868024256,0
469,1,0.7204227771881965,1,1,0.6488306847675372,1,0,0.2577738671608453,0,1,0.3135993432737209,0,1,0.5576434904280692,1,0,0.28122047716482795,0
470,1,0.73597029979204,1,1,0.6826620821580559,1,0,0.2614898601284814,0,0,0.31319703828542617,0,0,0.4148876891525245,0,0,0.3003329050395744,0
471,0,0.4343733597794923,0,0,0.4025338913685735,0,1,0.3315874929278085,0,0,0.2646126114515043,0,0,0.46694727686362336,1,1,0.499622110690846,1
472,1,0.476645154025476,1,0,0.28240399863567617,0,0,0.2483556218484583,0,0,0.3099120936254304,0,0,0.24991722125715152,0,0,0.23447725819983845,0
473,0,0.3924025751384836,0,0,0.23749342845628976,0,0,0.275615094097495,0,0,0.6113011641380101,1,0,0.29043817441329267,0,0,0.27537810643745253,0
474,1,0.7970942970213951,1,0,0.37889709659305104,0,1,0.5950199337654422,1,1,0.6414402908477591,1,0,0.15650307280293463,0,0,0.2288427593615337,0
475,0,0.5108054052299188,1,0,0.35915234623632264,0,0,0.3626661121281686,0,0,0.3926712171590617,0,0,0.299152081307863,0,1,0.47552855628215995,1
476,1,0.547923282676291,1,1,0.7251091911943951,1,0,0.19155755819429163,0,0,0.5288277198986688,1,0,0.21915434052289448,0,1,0.24849488032835643,0
477,0,0.5478528810198302,1,0,0.3207416915177043,0,0,0.27485880839379767,0,0,0.48438915325281745,1,0,0.32115034255931374,0,0,0.21426871926534277,0
478,1,0.62391637609144,1,1,0.6813541238599654,1,0,0.3254109046288954,0,0,0.33658718291294615,0,0,0.2595101566274883,0,1,0.36780822007195624,0
479,0,0.4976716101826602,1,0,0.37385625418110136,0,1,0.4369126392472299,0,0,0.3547339881519027,0,1,0.2779894249879384,0,0,0.33715628045664603,0
480,1,0.4187719963073434,0,0,0.22655804516281242,0,0,0.2600637398104883,0,1,0.27530569969807306,0,0,0.24209024968313075,0,0,0.2713427549938519,0
481,0,0.47816900595402434,1,0,0.5016939507854635,1,0,0.20548094367168346,0,0,0.48364267873407285,1,0,0.3508232956107601,0,0,0.31116561545944305,0
482,0,0.4047877721330547,0,0,0.4236365244133287,0,0,0.44075015027125275,0,0,0.5568874520199518,1,1,0.5162250370775233,1,0,0.38496059316270625,0
483,1,0.4129841462006256,0,1,0.42861883504144777,0,1,0.3505497972351276,0,0,0.2921561212257237,0,0,0.2685204642758364,0,0,0.31495301908745876,0
484,1,0.45987585498047645,0,1,0.2992108317000115,0,1,0.4303876182058419,0,0,0.32193165352147124,0,0,0.21131768966209075,0,0,0.2953709758786838,0
485,1,0.4551801705347953,0,0,0.3732746129470147,0,1,0.344466307906739,0,0,0.47021660307391777,1,0,0.2792666712656062,0,0,0.2799450748409529,0
486,1,0.6669580820903409,1,0,0.300044493584364,0,0,0.2908806797851903,0,0,0.32406138033914017,0,1,0.5894869338371975,1,0,0.33639130405091344,0
487,1,0.5583341090307912,1,0,0.35949321349928803,0,0,0.2815597952039087,0,0,0.3626971665857925,0,0,0.2787425525718935,0,0,0.47182992829299353,1
488,1,0.7467188362653859,1,1,0.6889386981046354,1,0,0.3587970987171094,0,0,0.42743933906155734,0,0,0.4149028556213511,0,0,0.4121644673124571,0
489,0,0.5637334067435519,1,0,0.40590225475357405,0,0,0.7369014170324525,1,0,0.30139097376635277,0,0,0.20452385204181714,0,0,0.3933396910157557,0
490,1,0.4521212993829475,0,0,0.3045790528152539,0,0,0.32285589272582343,0,0,0.25597844528382957,0,0,0.13936932328038804,0,1,0.509416843178319,1
491,1,0.5500430589181937,1,0,0.3992592351515666,0,1,0.3916645263957547,0,0,0.4239542266903961,0,0,0.4081150728910283,0,0,0.32989928635042226,0
492,0,0.44329363974540165,0,0,0.40588737020882026,0,0,0.31231498415699077,0,0,0.3066841385171199,0,0,0.1580292386911182,0,0,0.20898724728052862,0
493,0,0.4856792637632155,1,0,0.2828557788099862,0,1,0.5410006341860154,1,0,0.258931832480585,0,1,0.3630362735435389,0,0,0.39999487353971963,0
494,0,0.439317313648979,0,1,0.3806121915236286,0,0,0.3783516474448865,0,0,0.4128690489544598,0,0,0.17971486521130509,0,1,0.5252183306646517,1
495,0,0.4514601896384216,0,0,0.6882792485070747,1,0,0.2497932644607041,0,0,0.3997557235592757,0,0,0.2359613650527205,0,0,0.225023982107009,0
496,0,0.488828610115384,1,0,0.3233691867038959,0,0,0.3029100448908517,0,0,0.46790422900835227,1,0,0.24087175569006847,0,0,0.3448348748088463,0
497,1,0.3125317869270061,0,0,0.2912509319777471,0,1,0.637488644110025,1,0,0.5476149426820285,1,0,0.45189696490414305,1,1,0.3070631905898709,0
498,1,0.6064041781418439,1,0,0.19906545540302337,0,0,0.1971491601637844,0,0,0.4150984323818981,0,0,0.2708737799716524,0,1,0.5323555697088816,1
499,0,0.518480652178759,1,1,0.5558498751575147,1,0,0.3472829167548924,0,0,0.31573879947307265,0,0,0.2808062952380989,0,0,0.27471593806629635,0
500,0,0.5311197284915289,1,0,0.4381758190946755,1,0,0.3141653128926554,0,0,0.3566708169177741,0,0,0.15768381417423843,0,0,0.3230665756993315,0
501,0,0.3843413995481884,0,1,0.4733372377308747,1,0,0.2505463111820341,0,0,0.28061897881740705,0,0,0.2194008757007078,0,0,0.3268778667812579,0
502,0,0.486708370404226,1,0,0.574409161576941,1,0,0.16728109615247388,0,0,0.5148146373395175,1,0,0.3214703156672363,0,1,0.27939190942786946,0
503,1,0.6102977320700416,1,0,0.31806158520589517,0,0,0.2946944390138749,0,0,0.3118702812012942,0,1,0.6744627860243871,1,0,0.2747611152416987,0
504,0,0.4930039520348303,1,0,0.460057614588162,1,0,0.4786977120565804,1,0,0.3882380690508887,0,0,0.23611201316401417,0,0,0.492722869779644,1
505,1,0.509855497171236,1,0,0.3614424880503,0,0,0.20970830935351664,0,0,0.32548784108518347,0,0,0.30166024335583486,0,0,0.29832564983593557,0
506,1,0.46126926854975187,0,1,0.4996694635785548,1,0,0.31838393118549696,0,0,0.3328818689606674,0,0,0.30359286409309455,0,1,0.3280487772517388,0
507,0,0.43226796147420826,0,0,0.3653913690980687,0,0,0.3497389403387459,0,0,0.3653434598798311,0,0,0.2562138365603801,0,0,0.4303673176975504,0
508,0,0.45634200419928,0,0,0.3492256569831956,0,0,0.3419515222587488,0,0,0.34573699720753476,0,0,0.3529810651948291,0,0,0.25959378102771824,0
509,0,0.460668639499714,0,0,0.3732746129470147,0,0,0.3188532315654728,0,0,0.36720319693167947,0,0,0.2564027200085889,0,0,0.2799450748409529,0
510,0,0.4496029613942797,0,0,0.6017351951990693,1,0,0.15711575648688725,0,0,0.5534692000366933,1,0,0.14405920065314498,0,0,0.14733382290436103,0
511,0,0.5189931465193772,1,1,0.4891838486578456,1,0,0.3129849532108019,0,0,0.36886412288177434,0,0,0.2538206242956154,0,0,0.2905779907395658,0
512,1,0.47376447281370243,1,1,0.55466625626707,1,1,0.2915896136527373,0,0,0.35868482434104715,0,0,0.2281123276620742,0,0,0.26129517232525656,0
513,1,0.5798092088870225,1,0,0.3557323138376813,0,0,0.2601531844077216,0,0,0.5782311154600848,1,1,0.6327190976670722,1,0,0.293348008629405,0
514,1,0.6480204934285773,1,0,0.2540983792223638,0,0,0.2702633969028282,0,1,0.43373371060810234,0,0,0.23794192635573025,0,0,0.5395774050177291,1
515,1,0.42327892043121007,0,1,0.48330306857942584,1,0,0.37994694506448085,0,0,0.4143322758368535,0,0,0.3806124999349538,0,0,0.3498018501666408,0
516,0,0.4331000954911046,0,0,0.331771303438929,0,0,0.5395855881236317,1,0,0.2504900222710368,0,0,0.22908317007131684,0,0,0.3729661249047765,0
517,1,0.7160318411600389,1,0,0.25129055435746034,0,1,0.5999029654326201,1,0,0.29297335106124506,0,0,0.25892010992497194,0,0,0.25808904079291145,0
518,0,0.48125093592142193,1,0,0.2711615896754058,0,0,0.23138724017092938,0,0,0.6912904556653031,1,0,0.5714245923595056,1,0,0.295377420278013,0
519,0,0.5589008299462945,1,0,0.2491847850101974,0,0,0.6888015693798079,1,1,0.3359142159517488,0,0,0.26478101748680133,0,0,0.4488002078098263,1
520,0,0.45538704141413583,0,0,0.35847533879992466,0,0,0.3039235287431251,0,0,0.23687952956576833,0,0,0.3123332813662736,0,0,0.30585556744648335,0
521,1,0.44725351045218753,0,0,0.25056458826512173,0,0,0.3343133659053273,0,0,0.34620978475573383,0,0,0.2548426626539584,0,1,0.8693258618355597,1
522,0,0.6141168743723988,1,0,0.3376257088887969,0,0,0.32587581130613164,0,0,0.391630590919155,0,1,0.5577877204968751,1,0,0.3525745967686587,0
523,1,0.38333417571270795,0,0,0.28201423066250253,0,0,0.4366887308359898,0,1,0.5556735219970468,1,1,0.230997161369042,0,0,0.41406509080156456,0
524,0,0.44480431279402344,0,0,0.39662171969301674,0,0,0.3734048505074846,0,0,0.39250490396298054,0,0,0.18201344810557996,0,0,0.2619413719312916,0
525,0,0.5462562163959337,1,0,0.37575991907568534,0,0,0.34090530780734357,0,0,0.4697706492653465,1,0,0.40335404562496796,0,0,0.5826062153694851,1
526,1,0.4919367051777237,1,0,0.3745491699443487,0,0,0.35250202107536305,0,1,0.4100344002898907,0,1,0.5922828121119749,1,0,0.36531505731213765,0
527,0,0.4275264735676243,0,0,0.42632861133692956,0,0,0.1904134145670358,0,0,0.3650856030676664,0,0,0.648559393589803,1,0,0.21630611406066538,0
528,1,0.5853430421335765,1,1,0.6069664451613744,1,0,0.2489834517358131,0,0,0.35466145219517864,0,0,0.14458298362920505,0,0,0.18544030920324733,0
529,1,0.768109030924981,1,1,0.6673484708739067,1,0,0.26184829619291555,0,0,0.3441024565004181,0,1,0.5773914522870383,1,0,0.3033462499553738,0
530,0,0.5014309794167253,1,0,0.3561850176394115,0,0,0.31749339275307675,0,0,0.318657105041139,0,0,0.2926207623940328,0,0,0.339809049227779,0
531,1,0.6304293221196172,1,1,0.32356223979553034,0,0,0.24572194194681343,0,0,0.3974956926827903,0,0,0.34452902139092734,0,1,0.4389566803393702,0
532,0,0.5435582673554116,1,0,0.38222670715667595,0,0,0.3647393573753673,0,0,0.3167066158399211,0,0,0.20694782157559954,0,0,0.5206897089227465,1
533,1,0.527574302508945,1,1,0.5011497286943285,1,0,0.4036824854482952,0,0,0.33161667055969607,0,0,0.32131655234096174,0,0,0.31605190417927975,0
534,0,0.5369778619418868,1,0,0.323989617826686,0,1,0.6241533519807599,1,0,0.32301420066036113,0,0,0.28676388775261524,0,0,0.4049891729944911,0
535,0,0.424289846316438,0,0,0.3965649942383995,0,0,0.2630590698516059,0,0,0.26775644116019376,0,0,0.37110693876854767,0,0,0.4162539921612603,0
536,0,0.46096307561510896,0,1,0.2691069719649775,0,0,0.40837175582195895,0,0,0.6923689023783627,1,1,0.2856543020650169,0,0,0.377633702449912,0
537,1,0.6393296460675891,1,1,0.6707125923950418,1,0,0.2491863693397998,0,0,0.3025890497609508,0,1,0.6619941585617695,1,0,0.27414162604195835,0
538,1,0.4715406931148855,1,0,0.3387106716569557,0,1,0.2922066238851498,0,0,0.338443278378215,0,0,0.24520680828390848,0,0,0.29019858107265406,0
539,0,0.4729155995704932,1,0,0.24039736263235364,0,0,0.31196962705655557,0,0,0.4889922455441803,1,0,0.2136328473660615,0,0,0.4259770709757962,0
540,1,0.5279652755060015,1,0,0.44213903754443046,1,0,0.27442665476377026,0,1,0.5741544358135301,1,0,0.23726668581943267,0,0,0.34363398263866135,0
541,1,0.6082967745943139,1,0,0.333195350248969,0,1,0.6720925112420061,1,0,0.45894819687777955,1,0,0.2723853878535639,0,0,0.38504523331367135,0
542,1,0.563027568217239,1,1,0.5103980675973315,1,1,0.4355952044303667,0,0,0.3800360662012943,0,0,0.1560857891972585,0,0,0.19379720431862815,0
543,0,0.5392606014814929,1,1,0.6561895491985247,1,0,0.2996312674601123,0,0,0.3416593900831921,0,0,0.23843246803650303,0,0,0.3045541120384551,0
544,1,0.41565879242839937,0,1,0.4383341034420591,1,0,0.23422546262672472,0,0,0.4241515324228638,0,1,0.3302027128273937,0,0,0.3643713750890727,0
545,1,0.6289506124836352,1,0,0.2519996202901489,0,0,0.32466357444668154,0,0,0.4094477299704286,0,0,0.284614626130519,0,1,0.4960297485907242,1
546,0,0.5211868661238775,1,0,0.28032774740791105,0,0,0.3292256522049069,0,0,0.5073951136906288,1,0,0.1329807922795817,0,0,0.28564397372232314,0
547,1,0.6336921309655351,1,0,0.33371692752767057,0,0,0.30472878754384536,0,0,0.39485599050876347,0,0,0.33019650733330663,0,1,0.6134391957890322,1
548,1,0.4816279764823338,1,0,0.35814830768620154,0,0,0.3372128007824297,0,0,0.33380787233704046,0,1,0.5892876806519229,1,0,0.2996762614136827,0
549,1,0.4492786175785043,0,1,0.6079365015879168,1,0,0.2418900068942327,0,0,0.31041618504226126,0,0,0.11484848383976765,0,0,0.22238768145623825,0
550,0,0.3842148825417751,0,0,0.34994319384593386,0,0,0.33282062210161123,0,0,0.6089525655050162,1,0,0.26020614513203766,0,0,0.2612264870784365,0
551,0,0.444760807813892,0,0,0.47405098551452224,1,0,0.4080500041700105,0,0,0.3769667106044883,0,0,0.29049345009949323,0,0,0.29453366090078187,0
552,1,0.4375105885283161,0,0,0.48974406612003973,1,1,0.4449112375204441,0,0,0.26961199894863824,0,0,0.15763823580560835,0,0,0.2410693106314081,0
553,0,0.5275972403989122,1,0,0.39771688068219124,0,0,0.3241589903884382,0,0,0.3523051942212012,0,0,0.27659709652490305,0,0,0.39581807353952225,0
554,0,0.48562132049116447,1,0,0.22444341281197153,0,0,0.2886910225914003,0,0,0.4595033543373354,1,0,0.16625034379217274,0,0,0.2435846164870096,0
555,1,0.47303189986212685,1,0,0.2707967498593412,0,1,0.52407578784689,1,0,0.2893806592028733,0,0,0.15050501305369046,0,0,0.4490559083066751,1
556,1,0.6710720895140759,1,1,0.597582376237341,1,0,0.2524421969341175,0,0,0.46754473838646404,1,0,0.21529316181901217,0,0,0.463035823675414,1
557,1,0.7112023032073419,1,0,0.44266523228065885,1,1,0.6423047728137898,1,0,0.37873377681197906,0,0,0.2641603947565896,0,0,0.2835881277084504,0
558,1,0.6132026185909197,1,0,0.3287762879155052,0,0,0.30704129677780195,0,1,0.46718891352175557,1,1,0.6557206353601214,1,0,0.2739196640851632,0
559,0,0.4514329972817541,0,0,0.2653266772559961,0,0,0.3777063903572134,0,0,0.6659233699862865,1,0,0.2160971494084419,0,1,0.3370414209459319,0
560,0,0.7140136092448284,1,0,0.4183846401491783,0,0,0.6066065279072687,1,0,0.496562270473736,1,0,0.2935922898039561,0,0,0.4365030125076729,0
561,1,0.5757045611198044,1,1,0.35456426374154465,0,1,0.7086769024302242,1,0,0.3951943898848044,0,0,0.257517073137231,0,1,0.4250632444131068,0
562,1,0.4764969024848903,1,0,0.2510927949415584,0,0,0.29620092562218414,0,1,0.5391945158488736,1,1,0.4838176730565677,1,0,0.2787972371487321,0
563,1,0.46494973771316617,0,1,0.38564760051218067,0,0,0.28481286530252914,0,0,0.3110915316358427,0,0,0.2763600534492498,0,0,0.3451378459305023,0
564,1,0.5825854528947216,1,1,0.39946738129125214,0,0,0.23730414884744336,0,0,0.4461092688325724,1,1,0.6133053821295188,1,0,0.29339503595679056,0
565,0,0.40208549443381414,0,0,0.5561088851517786,1,0,0.22340839275540908,0,0,0.3785658597558276,0,0,0.26161178794058204,0,0,0.2359787972985586,0
566,1,0.46172797359879325,0,0,0.26552776223983593,0,0,0.3191345502514324,0,0,0.3303941253949167,0,0,0.274583005126359,0,1,0.7330409185439365,1
567,0,0.5262117543816053,1,1,0.400100063540218,0,1,0.6101690732840613,1,0,0.31530929153633036,0,0,0.24518536316771325,0,0,0.33671867917563053,0
568,0,0.5608899869619121,1,0,0.5542105133631787,1,0,0.612785598553345,1,0,0.2529721110258075,0,0,0.22592532715875113,0,0,0.3290242070204001,0
569,0,0.42972008174905335,0,0,0.28481836930639687,0,0,0.3103942608639457,0,1,0.3402289824165154,0,0,0.2221844732646862,0,0,0.2674942163485216,0
570,0,0.6485923216865089,1,0,0.6171913827517008,1,0,0.5110502515755493,1,0,0.3403241859324802,0,0,0.24824303463588085,0,0,0.29008298597087906,0
571,0,0.38760399652547767,0,0,0.2528195584158539,0,0,0.24921199212136236,0,0,0.30736457014506824,0,0,0.186182947439898,0,1,0.5714478256164398,1
572,0,0.4106688683446413,0,0,0.4071293292297986,0,0,0.19165867466817796,0,0,0.42041525585318695,0,0,0.14984911304208903,0,1,0.3402670320671746,0
573,1,0.7045171083676501,1,1,0.7387258313750579,1,1,0.8361988476989883,1,0,0.29257680088945687,0,0,0.30649422374130036,0,0,0.3114069673338782,0
574,1,0.5766784550163706,1,1,0.5803457016422088,1,0,0.19082632549430825,0,0,0.307827235286749,0,0,0.23780335424408575,0,0,0.4331333243946522,0
575,0,0.4228852549173295,0,1,0.7233867533294387,1,0,0.13147742076262606,0,0,0.21512709813053846,0,0,0.15838125592132676,0,1,0.456795775526537,1
576,0,0.40322454242303324,0,0,0.502267507036484,1,0,0.19241182952463412,0,0,0.3234412938112218,0,0,0.17438074364897443,0,0,0.1785387664298496,0
577,1,0.5522178801599789,1,1,0.5445201875078854,1,0,0.2700470089972068,0,0,0.4064650347502556,0,0,0.37580079336043815,0,1,0.4491640947748347,1
578,1,0.45424511963287556,0,0,0.3102919334048495,0,0,0.33046923897440694,0,1,0.6940924203400667,1,0,0.22796464193449226,0,0,0.3574243607736572,0
579,0,0.5293817478903823,1,0,0.377410380288129,0,0,0.3418670877026424,0,0,0.326513104885559,0,0,0.27566963686126655,0,0,0.3222463183346245,0
580,0,0.43175979997434594,0,0,0.5163202029971867,1,0,0.2731452514553449,0,0,0.2881424559986826,0,0,0.2244435490673797,0,0,0.19186587292783763,0
581,0,0.4412677514427969,0,0,0.2881307854971045,0,0,0.23346596945454157,0,1,0.3165669040985176,0,0,0.17785123123058907,0,0,0.7742718341013961,1
582,1,0.4450131459930245,0,1,0.6287820631484698,1,0,0.20720991653100676,0,0,0.3368436957659088,0,0,0.169671185216593,0,1,0.28474516446684117,0
583,1,0.4460628361204415,0,0,0.326312519399673,0,0,0.3023201631953847,0,0,0.41311572946382397,0,1,0.4460158206028623,1,0,0.3493668275003273,0
584,1,0.38913568792024567,0,0,0.29383183127314155,0,0,0.39342404952218046,0,1,0.5935088811579063,1,0,0.20961042138234115,0,1,0.4477314272961419,1
585,1,0.3791776479404374,0,1,0.37903081391767096,0,0,0.2767910524268012,0,0,0.4283870750929892,0,0,0.18888118128424689,0,0,0.3577675078530502,0
586,1,0.5398105218636269,1,1,0.4327453928436575,1,0,0.2636709128468908,0,1,0.4309204215781816,0,1,0.3589403729886834,0,0,0.3212073111943396,0
587,1,0.5700591103389528,1,0,0.36230226173764596,0,0,0.2840118236403966,0,1,0.6760798106150784,1,0,0.2105795855220436,0,0,0.30454285403455084,0
588,1,0.6993843159439865,1,1,0.8674529103982561,1,1,0.6747618655529347,1,0,0.3674100651432134,0,0,0.1724027265692834,0,0,0.29495885340441647,0
589,1,0.387393908796248,0,0,0.2768382901344504,0,0,0.2855867726738551,0,0,0.3911648131856555,0,0,0.13292294594339904,0,1,0.6375367236141878,1
590,1,0.6912552383599735,1,0,0.27429648077834884,0,0,0.28726823566993576,0,0,0.3487775998482411,0,1,0.5808277087626625,1,0,0.3067168941051604,0
591,1,0.4388496022944788,0,1,0.27759183517293523,0,0,0.20529771705515182,0,0,0.6054481357461979,1,0,0.24011147140256067,0,0,0.2719460801640655,0
592,1,0.530714278783377,1,0,0.592350757378958,1,1,0.48046549821776585,1,0,0.5203563222812695,1,0,0.28423876600004044,0,1,0.2533149266566455,0
593,1,0.5233724801658297,1,1,0.5547667867509993,1,0,0.2809578076174264,0,0,0.378158140853411,0,1,0.23726668581943267,0,0,0.3903670834511927,0
594,1,0.8094308586823185,1,1,0.8885428150706223,1,0,0.5388898786304668,1,0,0.24931863918592156,0,0,0.2919104536257878,0,0,0.2899045719561044,0
595,0,0.3927778139317698,0,0,0.24764972399343865,0,0,0.23460718898581262,0,0,0.567775295776735,1,0,0.2477910177202953,0,0,0.3436547905776725,0
596,1,0.4672647887119495,0,1,0.3965156545150199,0,0,0.3461428905791335,0,0,0.36720319693167947,0,0,0.2792622439639037,0,0,0.28796742018853416,0
597,0,0.5188129769276806,1,0,0.48364484318454576,1,0,0.26792411846741226,0,0,0.4696339248306247,1,0,0.2823516407067613,0,0,0.2788842616335764,0
598,0,0.4792467859660735,1,0,0.3450501932250379,0,0,0.28788630118512354,0,0,0.338443278378215,0,0,0.31716340959641365,0,0,0.29019858107265406,0
599,0,0.5159870543826298,1,0,0.38849698635833535,0,0,0.4559591302019511,0,0,0.3070767226813258,0,0,0.24670134747639808,0,1,0.29798715515384533,0
600,1,0.5634039342201228,1,0,0.3653583722075354,0,1,0.5863457531620427,1,0,0.42610174853471605,0,0,0.1536948472021279,0,1,0.4605519340153345,1
601,0,0.5180303676241399,1,0,0.22711305626630993,0,0,0.1621178015571145,0,0,0.46591711456302654,1,0,0.20252907465326525,0,1,0.2055125541920921,0
602,0,0.46962231908219854,0,0,0.31395036468217025,0,0,0.3699537094124739,0,0,0.35568865297899743,0,0,0.23825562774882192,0,0,0.4814882734373219,1
603,1,0.6407765888365544,1,1,0.40665337110983096,0,1,0.6518919928353848,1,0,0.29837653646766243,0,0,0.21467220180084867,0,0,0.3729666735891194,0
604,1,0.7399028476151692,1,1,0.7028811197428518,1,0,0.32013957334760756,0,0,0.25458647335877627,0,0,0.24251801641000068,0,0,0.4240755921834618,0
605,1,0.6030218825298772,1,1,0.30109337129934055,0,0,0.2732445534979773,0,0,0.32472201671257594,0,1,0.6646281858377269,1,0,0.30288339027886174,0
606,1,0.5436140841942505,1,1,0.30868975054316494,0,0,0.544307150769688,1,0,0.3081517358444072,0,0,0.2767021591815157,0,0,0.33620078001956855,0
607,1,0.5069022537807373,1,1,0.573783741914724,1,0,0.7382279401005938,1,1,0.3075200998523859,0,0,0.2090491917284154,0,0,0.315316504312379,0
608,1,0.6274292880396602,1,0,0.25394632363207215,0,0,0.25708037158110064,0,0,0.34765144289472405,0,0,0.19381975161700665,0,0,0.54649184059071,1
609,0,0.4319916065386176,0,0,0.47059004672466626,1,0,0.4970259337158958,1,0,0.6326822157685511,1,0,0.16225124032949284,0,0,0.24664825455346234,0
610,1,0.5832565028368834,1,1,0.6403769714312141,1,0,0.29340618533850743,0,0,0.499508516840138,1,0,0.17076733072376318,0,0,0.2605361973962708,0
611,0,0.54600422985172,1,0,0.24445530317250797,0,0,0.1949689083844701,0,0,0.6015941897179695,1,0,0.26956154438960345,0,0,0.21660059044930385,0
612,1,0.47209427070575116,1,0,0.3623659351471211,0,0,0.339745682568674,0,0,0.39021790273989915,0,0,0.22255185338107047,0,0,0.2996762614136827,0
613,0,0.4237520762952487,0,1,0.5580328486272171,1,0,0.36509178574719797,0,0,0.2892705252522039,0,0,0.22729556892084296,0,0,0.3897727534450166,0
614,1,0.38359695211190165,0,0,0.2970488181096269,0,1,0.6306163027773456,1,1,0.5430930119360461,1,0,0.22489416808483947,0,0,0.5159313276465066,1
615,1,0.47264670187803104,1,1,0.48605294261786375,1,0,0.2909637133320303,0,0,0.2509160149163913,0,0,0.13509024196724834,0,0,0.27902351988042107,0
616,1,0.7004537454348265,1,0,0.3451103330793031,0,0,0.3779083821492607,0,1,0.36863534079647364,0,1,0.5842729920241434,1,0,0.27901740692362587,0
617,1,0.5761198477732509,1,1,0.5289392962295816,1,1,0.6954671723824103,1,0,0.3781719647351191,0,0,0.28429046507015193,0,0,0.5747900499368634,1
618,0,0.47018847862306795,1,0,0.33255571430309233,0,0,0.39890262805023513,0,0,0.27502640041952,0,0,0.22344751926905002,0,0,0.6228531358899533,1
619,1,0.5137418655444769,1,0,0.31667181109368175,0,1,0.660975825167326,1,0,0.31882487628067396,0,0,0.2460608696322103,0,0,0.3503170346317701,0
620,1,0.4779900756847884,1,0,0.2632697030953355,0,1,0.4936887428926716,1,0,0.28277024077849,0,1,0.38241683112479613,0,0,0.48414326498681515,1
621,0,0.36351816602150394,0,0,0.3244014980894736,0,0,0.3273234128585964,0,0,0.33628477596030576,0,1,0.6395066441625119,1,0,0.24062820401896604,0
622,1,0.48842176151691347,1,1,0.4944480637549424,1,1,0.32134636603388333,0,0,0.32726227750452097,0,0,0.22972324851305725,0,0,0.4963564197243344,1
623,1,0.645099632489997,1,1,0.6537604098193677,1,1,0.26852237495797243,0,1,0.2934917063899959,0,0,0.2529539195644166,0,0,0.25267468518888314,0
624,1,0.49315762508424704,1,1,0.4157768619744274,0,0,0.34933849394952166,0,0,0.4958555739440583,1,0,0.29186945626264976,0,0,0.30957278080082684,0
625,1,0.5176240379855948,1,0,0.3942905903111621,0,0,0.3204063691577029,0,1,0.6637805099421797,1,0,0.2508335385010357,0,1,0.41806210253285825,0
626,1,0.6278848929449433,1,0,0.3536519147085354,0,0,0.24690799071821187,0,0,0.6228701538120123,1,1,0.4344421826765339,1,0,0.33542736241582116,0
627,1,0.7325755939328553,1,0,0.33082494481100383,0,1,0.5664781009352405,1,0,0.3211782809596324,0,0,0.22055789371752224,0,0,0.48160134711021185,1
628,1,0.6654974853321254,1,1,0.6010904264564451,1,0,0.4158689322495626,0,0,0.4447648950040114,1,0,0.2290008172545389,0,0,0.40671190575100724,0
629,1,0.675586748673609,1,1,0.6683236483676993,1,0,0.291450227404066,0,0,0.3765385241143439,0,0,0.2738867001888145,0,0,0.4165769332645634,0
630,0,0.4508859320334641,0,0,0.32883675181687516,0,0,0.37433320996498004,0,0,0.2538225236597211,0,0,0.1996015148414494,0,1,0.5777868471318498,1
631,1,0.46297993595897263,0,1,0.4270479223492901,0,0,0.39303501303034727,0,0,0.3419786913868273,0,0,0.18953018163294366,0,0,0.5698925920301003,1
632,1,0.6488671984926268,1,1,0.3890813669558981,0,0,0.28153114879700747,0,0,0.5227327123463528,1,1,0.6194795406331255,1,0,0.27860806983960007,0
633,1,0.5129615485563462,1,0,0.4961456796374609,1,1,0.6083460360966314,1,0,0.3792670929593087,0,0,0.17528262189775015,0,1,0.4155206008284213,0
634,1,0.5215582274480943,1,0,0.3438313843569023,0,1,0.6057251991871789,1,0,0.45474932591217415,1,0,0.20325378678844633,0,1,0.3675050515204138,0
635,0,0.5204681412766987,1,0,0.43439313246817285,1,0,0.29040375153393294,0,0,0.39511634389959877,0,0,0.16478445084033844,0,0,0.49121668977691163,1
636,1,0.411785952554929,0,1,0.48138435640853244,1,0,0.19015464152796693,0,1,0.4648243156760277,1,0,0.18769509510021404,0,0,0.3412272464437169,0
637,1,0.5770609867072394,1,0,0.4866347955086636,1,1,0.7154047597133165,1,0,0.4296796881796826,0,0,0.2421297583554726,0,0,0.28789189910411367,0
638,1,0.7023138874191316,1,0,0.25620886959873046,0,1,0.612551419611661,1,0,0.30172290541343016,0,0,0.25549218316978667,0,0,0.25808904079291145,0
639,0,0.35757532559553096,0,0,0.29829627577867196,0,0,0.3126740967803753,0,0,0.474524803497321,1,0,0.2366678132816467,0,0,0.5167414467881617,1
640,0,0.4430141557908476,0,0,0.43710681938997736,1,0,0.3098579624958256,0,1,0.23404396251696108,0,0,0.1599103021622242,0,0,0.14264785210952763,0
641,1,0.6088645563365657,1,0,0.40374919084285055,0,1,0.5171820288694823,1,0,0.3124544183454666,0,0,0.19504048173944394,0,1,0.36165670399538674,0
642,1,0.5042933371356537,1,0,0.3128935437459775,0,0,0.2539478165341911,0,1,0.517267464900491,1,0,0.3093810799476025,0,0,0.22934288100676264,0
643,1,0.5778535590353262,1,0,0.3327956510530372,0,0,0.29109236847976505,0,0,0.4102025614443361,0,1,0.6398323739311623,1,0,0.35801117144326045,0
644,0,0.5568105468945024,1,0,0.55176410440036,1,0,0.23021032022527158,0,0,0.3957496174220956,0,0,0.212179681245703,0,0,0.3571626745062425,0
645,0,0.48369862001614994,1,0,0.374729202274129,0,0,0.29823571344913125,0,0,0.35484462416281537,0,0,0.2252577733362823,0,0,0.33450684395085684,0
646,1,0.6191458484890443,1,1,0.7261439307192019,1,1,0.6776100815295042,1,0,0.25158043686312875,0,0,0.18625124157036158,0,0,0.36509407620307766,0
647,1,0.6693707728075527,1,1,0.67780965781582,1,0,0.21177353804183088,0,0,0.3220804838224604,0,0,0.27120994600985243,0,0,0.3478943510858382,0
648,0,0.4136660358742694,0,0,0.3154974541463094,0,0,0.20828923755841564,0,0,0.32545402231729326,0,1,0.57943216541956,1,0,0.29139966342705076,0
649,1,0.4226503197213438,0,0,0.25807424794634626,0,0,0.19309022926251423,0,0,0.27468881117481814,0,0,0.23207742178521198,0,0,0.25728397571177364,0
650,1,0.7918459282921059,1,1,0.6942991574267691,1,0,0.428259775756794,0,0,0.406237315733541,0,0,0.2728617215428913,0,0,0.43973200153519465,0
651,0,0.478831475918095,1,0,0.3852927611791629,0,0,0.33325424729000325,0,0,0.477032137479338,1,0,0.32431343917226585,0,0,0.3220629243701441,0
652,1,0.5717140278736459,1,0,0.3249504591968968,0,1,0.5852974109431985,1,0,0.40344766242732477,0,0,0.333693788343643,0,0,0.4603116331903208,1
653,1,0.5531459512557924,1,0,0.42372098207007586,0,0,0.3074154582687298,0,0,0.25307382438737197,0,0,0.34525220387467764,0,0,0.4518998048458065,1
654,1,0.4688963935494856,0,0,0.28131941490255785,0,0,0.2660569347145923,0,1,0.46587621570519766,1,0,0.2288968927198537,0,0,0.33073601917230555,0
655,0,0.48494485761381545,1,0,0.3041296583599606,0,1,0.32614501954924047,0,0,0.34443067248866716,0,0,0.20051674816624465,0,0,0.3774223633556535,0
656,0,0.37095859953101434,0,0,0.5347558406297215,1,0,0.18333573326289188,0,0,0.36838932590204254,0,0,0.1752669322565383,0,0,0.19867867109835632,0
657,0,0.42833458390693746,0,0,0.3470759402834521,0,0,0.33718051906855667,0,0,0.6480122764688051,1,0,0.404498201265174,0,0,0.37049857327868957,0
658,0,0.5052904671673807,1,0,0.3180124989600771,0,0,0.24747880069229108,0,0,0.2670609058876511,0,0,0.23898792779285827,0,1,0.4718441071188401,1
659,1,0.4564313827616945,0,1,0.33989248552086554,0,0,0.23021448540035191,0,0,0.2784900172623941,0,1,0.46937113903635613,1,0,0.25676999832008657,0
660,0,0.35436328676424744,0,0,0.26686401587817116,0,0,0.305559087701658,0,0,0.20029033761289708,0,0,0.27701623861196856,0,0,0.1713134846201695,0
661,0,0.6215201951071123,1,0,0.2060642236521519,0,0,0.22426516699914523,0,0,0.4375385258340192,0,0,0.34637123528860914,0,0,0.5018485494074035,1
662,1,0.7610838026397821,1,1,0.5550658272385438,1,0,0.26593390938301165,0,0,0.25736479732389766,0,1,0.5458688996799517,1,0,0.24335041399008964,0
663,1,0.7409996185978787,1,1,0.6986750821845499,1,0,0.2839898609675005,0,0,0.3061023813312124,0,0,0.2810202426330416,0,0,0.4938244739101855,1
664,0,0.40860437127181515,0,0,0.5048069837214116,1,0,0.16975159650272595,0,1,0.31001896676414953,0,0,0.17509017812246216,0,0,0.325634678468637,0
665,0,0.49508752275714624,1,0,0.3294808119848022,0,0,0.25692575930410455,0,0,0.2759389279925178,0,0,0.2746711633076813,0,0,0.2596031487437938,0
666,1,0.7002425281574419,1,1,0.7206241887419409,1,0,0.28500437363832526,0,1,0.35210901509089554,0,0,0.28188131600592936,0,0,0.382973458733215,0
667,0,0.5772470379047542,1,0,0.34826559569968196,0,0,0.6082950493011048,1,0,0.3943131144250613,0,0,0.2501766442181788,0,0,0.38463004264745704,0
668,1,0.5073763453127147,1,1,0.5573961511420878,1,0,0.22075852755216405,0,1,0.35012291601287904,0,0,0.20068245795728437,0,0,0.355973850173191,0
669,1,0.7223507327902531,1,1,0.6495578944559344,1,0,0.29742173426712765,0,1,0.35700033097041517,0,0,0.2912321799225045,0,0,0.3059126963748244,0
670,1,0.5492821674472602,1,0,0.5551289186896298,1,0,0.1604857432654537,0,1,0.650938317879434,1,0,0.11351233170723765,0,0,0.2930804708132779,0
671,0,0.41809267057910915,0,0,0.22360076241499616,0,0,0.25231698012315057,0,1,0.667118657250825,1,0,0.21348610895841275,0,0,0.2604236679709226,0
672,0,0.48884821032325265,1,0,0.3644189361944941,0,0,0.3407351698642933,0,0,0.3297059980029858,0,0,0.24523651453296572,0,0,0.3632768089783767,0
673,1,0.6659863932097588,1,0,0.3136066435633564,0,1,0.5892193523648747,1,0,0.24693356310264755,0,0,0.25317830910708977,0,0,0.22471043073458208,0
674,1,0.336235138790832,0,1,0.4948880528203208,1,0,0.2282405510496973,0,0,0.3059968081204638,0,0,0.1807130770088263,0,0,0.3255972040492167,0
675,0,0.4191862473827749,0,0,0.3202567163562589,0,0,0.4182016612447106,0,0,0.4602968734799599,1,0,0.19825040812012015,0,0,0.3498038072497981,0
676,1,0.5415120116392703,1,0,0.276453932265659,0,1,0.7007172644765762,1,0,0.5091221850574835,1,0,0.3235196246230245,0,0,0.4339035819698014,0
677,1,0.7010145823062444,1,1,0.29187530836431047,0,1,0.6104701480513026,1,0,0.44682667668111203,1,0,0.2401739808270178,0,0,0.5914834726158241,1
678,0,0.3846396280990438,0,0,0.22446993312185046,0,0,0.24577989739087147,0,0,0.28288263171299977,0,0,0.2169823019115036,0,0,0.27066292847178125,0
679,1,0.5672678923982883,1,1,0.6775027237539741,1,0,0.17349278176954064,0,0,0.357333379646459,0,0,0.17453275476550595,0,0,0.3295690700250074,0
680,1,0.3332496621124349,0,0,0.33152399405024624,0,0,0.26715235114830904,0,0,0.32934753609323114,0,0,0.28585993097122847,0,0,0.21656057458750777,0
681,0,0.44712296708596,0,0,0.17777786732366982,0,0,0.23887551007438887,0,0,0.27328079324467414,0,0,0.14196958392601006,0,0,0.7451296164676855,1
682,1,0.6072741272187117,1,0,0.3788030721944464,0,1,0.6276662546619852,1,0,0.25497119689529446,0,0,0.2362382194090782,0,0,0.36671296190444,0
683,0,0.338030949544962,0,0,0.4776662366000118,1,0,0.23474388908587115,0,0,0.4132777821119453,0,0,0.4578979362161196,1,0,0.23640049564892548,0
684,1,0.4448729603759894,0,1,0.6429558501360526,1,0,0.1686861492508075,0,1,0.44099476001154847,1,1,0.3782547137643133,0,0,0.2347784741967954,0
685,0,0.3473747493433374,0,0,0.21201361580634198,0,0,0.339462201688695,0,1,0.5642685944146384,1,0,0.19453656395016586,0,0,0.242234316248434,0
686,0,0.42242611941837427,0,0,0.5147861985692682,1,0,0.27319923908523575,0,0,0.4078743820723535,0,0,0.24627437663753504,0,0,0.3632134925673854,0
687,0,0.4703665648911073,1,0,0.22686360784684084,0,0,0.30348600880007753,0,0,0.40495234935014,0,0,0.5372851534340083,1,0,0.36460886413794547,0
688,1,0.5409534986528969,1,1,0.5400126263682326,1,0,0.2522753760556748,0,0,0.43024916511008104,0,0,0.2791743736219196,0,1,0.4866438640963131,1
689,0,0.5899705843105252,1,0,0.3524671948883804,0,0,0.4080462476379643,0,1,0.6306434774572663,1,0,0.3020265415891488,0,0,0.3983851354231996,0
690,1,0.3893579666404958,0,1,0.4642856094082739,1,0,0.31427516261176425,0,0,0.3298953573278159,0,1,0.32359926478486206,0,0,0.2802506427277054,0
691,0,0.39885130943286473,0,1,0.5176442382602955,1,0,0.22003176338086447,0,1,0.6115681562404837,1,0,0.242237757347891,0,0,0.3240034053879772,0
692,1,0.7246556157481266,1,1,0.28199563175174935,0,1,0.7124236820827821,1,1,0.38421276463589077,0,1,0.21777462858745106,0,1,0.2655293520380556,0
693,1,0.48061441107188013,1,0,0.38783217359309896,0,0,0.32845187214031607,0,0,0.4233802906337663,0,0,0.26029118241981486,0,1,0.4557573766044809,1
694,0,0.5479808456379247,1,0,0.4794312517713701,1,0,0.32340373662743344,0,0,0.35818196666952096,0,0,0.23925221016120415,0,0,0.3426383427249703,0
695,0,0.46960214373713166,0,0,0.29984191449177555,0,1,0.5996678165789531,1,0,0.3046425114698877,0,0,0.3012803265301767,0,0,0.42496437495238987,0
696,1,0.5131912438669791,1,0,0.3725018934206084,0,0,0.43936785287204405,0,0,0.27405830043258445,0,0,0.27874197573756043,0,1,0.46113504840629593,1
697,1,0.654641889150511,1,1,0.4066045374347141,0,1,0.33358297782260243,0,0,0.40152680915594174,0,0,0.3672947225684126,0,1,0.5945465837091487,1
698,1,0.5577903700809027,1,0,0.3324729722698375,0,1,0.6666710562150256,1,0,0.3107158580613412,0,0,0.27416321550349365,0,0,0.26213656925225093,0
699,1,0.5044500962246611,1,0,0.34793865925145834,0,0,0.30380561095034625,0,0,0.552612205698472,1,0,0.25523742867494115,0,0,0.3699242570493474,0
700,1,0.44990259583799297,0,0,0.4542149106038288,1,1,0.39854891755214344,0,0,0.31039604026964857,0,0,0.22789371114550916,0,0,0.22134212727924638,0
701,0,0.4853410537009908,1,0,0.35437954268412386,0,0,0.38685930085067693,0,0,0.3286403362050426,0,0,0.14007448135321104,0,0,0.7858087227943203,1
702,1,0.7088885031167318,1,0,0.3168413948654188,0,0,0.2032709485924298,0,0,0.40992492204172293,0,0,0.3439111057063788,0,0,0.5529878890149025,1
703,0,0.5029136828545846,1,0,0.3641195373293511,0,0,0.28370017337317704,0,0,0.3092869750388115,0,0,0.2901918291646601,0,0,0.40477335998861874,0
704,1,0.4490430531338919,0,1,0.43244673589313154,1,0,0.43866514832823716,0,0,0.36810705704195096,0,0,0.35874958297521026,0,0,0.5345869707669182,1
705,1,0.4646064533143947,0,0,0.2759073578074253,0,0,0.2050424823034821,0,1,0.5562400356881835,1,0,0.19607586140650668,0,0,0.25081644538506764,0
706,1,0.6709768514835308,1,1,0.34777199081624943,0,1,0.5867411852698043,1,0,0.2516144550947251,0,0,0.18445157327569706,0,0,0.3785890094027916,0
707,0,0.5079487644349487,1,0,0.3516987148240461,0,0,0.32976523447607126,0,0,0.3240074494562262,0,0,0.5359894612527475,1,0,0.2809485551881523,0
708,1,0.6262894513006386,1,0,0.3172926812856658,0,1,0.6427943378978506,1,0,0.24087831853091607,0,0,0.2927108508009719,0,0,0.29471147225154154,0
709,0,0.46741619930859724,0,0,0.4631470806254597,1,0,0.25473026566731477,0,0,0.29876692655906156,0,0,0.18840124819323778,0,0,0.2953413602991264,0
710,1,0.5524398900824368,1,0,0.35012294162317176,0,0,0.18866277481711174,0,1,0.4056337640524678,0,0,0.3191217978490809,0,1,0.4991134484152737,1
711,0,0.49789816559056965,1,0,0.3262727895900472,0,0,0.27755784094514396,0,0,0.3395400653477992,0,0,0.2427498173600865,0,0,0.3953121544299563,0
712,0,0.6837705594917712,1,0,0.32844876080323815,0,0,0.22778821064200758,0,1,0.6054541621710767,1,0,0.41221720181679106,0,0,0.2929602634518991,0
713,1,0.7493169598490381,1,1,0.5318710556324789,1,0,0.29643526310245977,0,1,0.44283170752749385,1,0,0.3209192214719397,0,0,0.35333075160856386,0
714,1,0.48107712117959206,1,1,0.4057896030725265,0,0,0.3603387501384356,0,1,0.5741833915843816,1,0,0.24798212060241254,0,0,0.43419460584962993,0
715,1,0.48424094302152987,1,1,0.7664696552731963,1,0,0.3540754004361266,0,0,0.28664911260949627,0,0,0.15861684920621524,0,0,0.3658351809576857,0
716,1,0.8516078969779187,1,1,0.7511397761212175,1,1,0.6507262408122133,1,0,0.29093949998810914,0,0,0.2867189309274999,0,0,0.46670057451469044,1
717,1,0.47766002662405505,1,1,0.5112576102495385,1,0,0.3490176696007258,0,0,0.33404407688368554,0,0,0.40382308313282855,0,0,0.3552785590216715,0
718,0,0.41593373479886026,0,0,0.36271778134960597,0,0,0.4539307788745933,0,0,0.32657985409535245,0,0,0.15786512810814532,0,0,0.3346204148925407,0
719,1,0.546600011603931,1,1,0.30945827017495137,0,0,0.3835851358837805,0,0,0.39848158122378335,0,1,0.4698882410976082,1,1,0.39675723888576236,0
720,1,0.4667740054503553,0,0,0.3881880135748996,0,0,0.31531764489401914,0,0,0.39644571184585276,0,1,0.4736474056647583,1,0,0.3116576966992789,0
721,0,0.44597239112400744,0,0,0.41833632215883304,0,0,0.2558100383808145,0,0,0.30715158834053463,0,0,0.2960799547632099,0,0,0.28820887470365,0
722,1,0.695982624110769,1,0,0.40109710756338957,0,0,0.3020739182521685,0,1,0.37720964758243153,0,1,0.6010414919247222,1,0,0.3411382527964247,0
723,0,0.4346659746221362,0,0,0.3933393075346314,0,0,0.5981010296059657,1,0,0.38648599147176177,0,0,0.21208162380192033,0,0,0.3463893228851198,0
724,1,0.6114188895520275,1,0,0.33051650345330175,0,0,0.2795484861557941,0,0,0.387250164820299,0,0,0.15208760590784495,0,1,0.4340512985027714,0
725,1,0.4965733729947572,1,1,0.4361287715281746,1,0,0.3739572485103017,0,0,0.45761857487131596,1,1,0.31490038284959593,0,1,0.38035892491444484,0
726,1,0.6937534157632723,1,1,0.7413351521467436,1,1,0.6045758389745334,1,0,0.4002854483457964,0,0,0.22412292071297382,0,1,0.3714995345799112,0
727,0,0.45307330413587854,0,0,0.40014733463419233,0,0,0.4021913725741464,0,0,0.2611463735535191,0,0,0.1720859887425973,0,0,0.39413595498017784,0
728,1,0.6260089734779558,1,0,0.3806302192845688,0,0,0.40898784247113895,0,1,0.4064603438543106,0,0,0.20822555559848943,0,0,0.574029822469307,1
729,0,0.6652562975382594,1,0,0.20130766733684796,0,0,0.37621782453765296,0,0,0.67795421640173,1,0,0.21276762047030995,0,0,0.3934803151317331,0
730,0,0.4702550688701003,1,0,0.29117721187072654,0,0,0.296997143031697,0,0,0.3495320208653118,0,0,0.20615086813791392,0,0,0.316403805662727,0
731,1,0.8010314785250132,1,1,0.7280879945926785,1,1,0.3226232777644609,0,1,0.5039126631594597,1,0,0.34054465613058815,0,0,0.35448545057972974,0
732,1,0.4455791958481707,0,1,0.5666548408418682,1,1,0.37180580821460535,0,0,0.38892024007583587,0,0,0.32684730674057416,0,0,0.27827502052787584,0
733,1,0.6254801031255327,1,1,0.7294648267269536,1,0,0.29951043320896276,0,0,0.35181500250725345,0,0,0.23653503320469962,0,0,0.2781517891331118,0
734,1,0.6538965508342959,1,1,0.6384511380989999,1,0,0.28510434432597576,0,0,0.31517051933899487,0,0,0.3228110469459864,0,0,0.29194209483280803,0
735,1,0.6588300346278138,1,0,0.4581128447320023,1,1,0.7329612087625299,1,0,0.30263789270204683,0,0,0.2696961099967829,0,0,0.5114910062536573,1
736,1,0.6049239004440693,1,0,0.3226277274824698,0,1,0.4351887442900993,0,0,0.3305477301712153,0,1,0.5047168676071199,1,1,0.5221459197413905,1
737,0,0.39180480241899796,0,0,0.6284748267757214,1,0,0.38816309303491325,0,0,0.2864464824004353,0,0,0.2180128480142478,0,0,0.23051518380435532,0
738,1,0.7942032340180052,1,0,0.26400866674142964,0,1,0.7301025431840645,1,0,0.27806093121400943,0,0,0.24752597770572368,0,0,0.306859116138618,0
739,1,0.5239842138892368,1,0,0.3888872956948157,0,0,0.30248600725484687,0,1,0.596159028356402,1,0,0.2415357320598802,0,0,0.31294478503285494,0
740,0,0.4914841762598453,1,0,0.41942974330790433,0,0,0.3692778024622138,0,0,0.4288228278251285,0,0,0.2656905775917195,0,0,0.3057252814033016,0
741,1,0.4702291804851718,1,0,0.3184960705002329,0,0,0.3484969066949398,0,1,0.617235562786579,1,0,0.3902759276009361,0,0,0.34772865251816876,0
742,0,0.4104176139796953,0,0,0.4196293548574514,0,0,0.31333064316285136,0,0,0.31490664064130447,0,0,0.3136253769406537,0,0,0.2881676831824789,0
743,0,0.7149328121499876,1,0,0.7220275525374398,1,0,0.30197911206690475,0,0,0.40070395144487714,0,0,0.2742452837413108,0,0,0.3107096821503496,0
744,1,0.4510336287905613,0,1,0.4041279174409332,0,0,0.44411000663417255,0,0,0.5378833637753089,1,0,0.2954931198275746,0,1,0.46660875285029735,1
745,0,0.5020219968253989,1,0,0.5024726348676753,1,0,0.5338107898249507,1,0,0.31574670621798157,0,0,0.1630212180645619,0,0,0.15953221393440575,0
746,1,0.5773079060057845,1,1,0.47203137640022347,1,1,0.7214530446469134,1,0,0.39827379821276404,0,1,0.628747046509944,1,0,0.31220504413016703,0
747,1,0.4636554624093416,0,1,0.384732755372025,0,1,0.5666731385266779,1,0,0.4026343746442707,0,0,0.24778319623141987,0,0,0.3814049406588874,0
748,1,0.7113970255883681,1,1,0.5993577718696801,1,1,0.3316557075289417,0,0,0.4510520362872201,1,0,0.27870020951485536,0,0,0.2006925945835592,0
749,1,0.5075449523308976,1,0,0.33567207615211,0,0,0.32037089473404756,0,1,0.3790609671331609,0,0,0.2243685353790333,0,0,0.34363012303832835,0
750,0,0.7161196343878924,1,0,0.6802744104396176,1,0,0.21271920135725933,0,0,0.4419293962279767,1,0,0.331142004146011,0,0,0.36143397369323566,0
751,0,0.5522110827469442,1,0,0.621178123523824,1,0,0.3003202754561603,0,1,0.29251673826572894,0,0,0.3130270277243596,0,0,0.2970685851554396,0
752,0,0.391091702549676,0,0,0.3384354004466752,0,0,0.29937313052520065,0,0,0.34034142629237896,0,0,0.2519328284310308,0,0,0.28694036931094724,0
753,0,0.3112104646651053,0,0,0.4849753394886779,1,0,0.2021285198123425,0,0,0.31421322456741196,0,0,0.19608888194343857,0,0,0.2447229528028993,0
754,1,0.6893936715688092,1,0,0.3952283493689642,0,1,0.6044104246290225,1,0,0.4753704744456832,1,0,0.27186947685245083,0,0,0.4175036343421404,0
755,0,0.3683656888251693,0,0,0.27259219897602405,0,0,0.26063376247381354,0,0,0.26108430778662145,0,0,0.4121559655842329,0,0,0.19298761662910785,0
756,1,0.49680911173350534,1,0,0.45427981078633245,1,1,0.4221439667860171,0,0,0.29148440766141553,0,0,0.2141071051673888,0,0,0.2647727117819848,0
757,0,0.4219148947549303,0,0,0.32629221503623573,0,0,0.3572479275891745,0,0,0.20613256355476742,0,0,0.32905579814178565,0,0,0.24980380033594413,0
758,1,0.726145809491033,1,1,0.7673359423441591,1,1,0.7411653392400532,1,0,0.29974347484789277,0,0,0.2010856667597387,0,0,0.2877594022475619,0
759,1,0.7390691231603985,1,1,0.8307017242711399,1,1,0.6883272010099775,1,0,0.4759775373928487,1,0,0.1701968042733551,0,0,0.3069857326213452,0
760,1,0.4409158963231062,0,1,0.36873081809350977,0,0,0.40937385739681836,0,0,0.34421320374073544,0,0,0.30316761207123266,0,1,0.33229417849864645,0
761,1,0.3372217783903524,0,1,0.29277441032003565,0,0,0.20324601265845713,0,0,0.29210103817821154,0,1,0.5507542428569401,1,0,0.2331778085506565,0
762,0,0.4940191689611243,1,0,0.40874736066346945,0,0,0.3025667137772286,0,0,0.35347969709032406,0,0,0.30966908995242504,0,0,0.42442735383318936,0
763,0,0.5625751116135006,1,1,0.6108559555648511,1,0,0.2975616114445414,0,0,0.3354713375432948,0,0,0.19622909914054698,0,0,0.45300474320478024,1
764,0,0.5069322559869675,1,0,0.3974156286335357,0,0,0.3085774171910377,0,0,0.39725731747251525,0,1,0.6158164123628096,1,0,0.2799450748409529,0
765,1,0.7230101826280899,1,1,0.6557601382656958,1,0,0.41423438080636227,0,0,0.3697986063094224,0,0,0.32289385938209947,0,0,0.4730970401222864,1
766,0,0.33079776817707335,0,0,0.47086130009481825,1,0,0.20133139648377482,0,0,0.35219047681582233,0,0,0.13062248073606011,0,0,0.19767163311089514,0
767,1,0.5178579491537442,1,0,0.27862331293733916,0,0,0.36824876014794383,0,1,0.6643972945390481,1,1,0.5141294791507812,1,0,0.36707443344892954,0
768,1,0.5404021239453697,1,0,0.18908111804844835,0,0,0.2698026094023724,0,1,0.475271419045525,1,0,0.2415782940572673,0,0,0.3662169087213046,0
769,0,0.596247455927136,1,0,0.38304975291048454,0,0,0.28357625412481935,0,1,0.5071704724708151,1,0,0.3559457247682922,0,0,0.36180234528931676,0
770,1,0.47101731934842217,1,1,0.5222317523856407,1,0,0.24929249312602664,0,0,0.3748072845794083,0,0,0.22356033803571154,0,1,0.2835617667740318,0
771,1,0.5405044921714538,1,0,0.32384287549065677,0,0,0.2678187662404522,0,1,0.39360355897838883,0,0,0.2805819639454666,0,1,0.5921860336779257,1
772,0,0.41053755663080127,0,0,0.3274294806865534,0,0,0.3719315151117638,0,0,0.3580836915768816,0,0,0.210305420101851,0,1,0.5715563385137532,1
773,1,0.4412806842743758,0,0,0.3209445577919056,0,0,0.2299239622724853,0,1,0.5024855055578901,1,1,0.3134406959719407,0,0,0.24641835883738605,0
774,1,0.43256755328524443,0,1,0.5061027113284089,1,1,0.22256667225897891,0,1,0.4450927546274006,1,0,0.2942403318135389,0,0,0.2864643480738064,0
775,1,0.4715406931148855,1,1,0.3729922059554879,0,0,0.30581501376029546,0,0,0.338443278378215,0,0,0.24520680828390848,0,0,0.29019858107265406,0
776,0,0.426017093964829,0,0,0.5198731150785872,1,1,0.42554969339741566,0,0,0.30793917637165225,0,0,0.3276889653848121,0,0,0.4937437866285002,1
777,1,0.6041792598503964,1,0,0.5295981841601631,1,0,0.10590145533888552,0,0,0.3562635190001281,0,0,0.24057709271364525,0,0,0.3684361798729575,0
778,0,0.48549649226095226,1,0,0.49219085938122775,1,1,0.30011621249049186,0,0,0.34426870249999736,0,0,0.2354107952580769,0,0,0.3177621462564899,0
779,0,0.4389088081210658,0,0,0.34780582749691136,0,1,0.437412683355934,0,0,0.41356688123011826,0,0,0.3193537694899274,0,1,0.4337639550112171,0
780,1,0.4470097410163821,0,0,0.27265652377979016,0,0,0.20155464682638807,0,1,0.564415755395155,1,0,0.21547307723667697,0,0,0.2483483291868867,0
781,1,0.5172717959386378,1,0,0.45561408485387644,1,0,0.3578875212795907,0,0,0.48303998962307626,1,0,0.20143628211835596,0,0,0.3588091510135576,0
782,1,0.4690997922528521,0,1,0.6646930246512799,1,0,0.5944340187946551,1,0,0.4561843160836254,1,0,0.1732224639889632,0,0,0.30022914614344853,0
783,1,0.6307545615311558,1,1,0.8043318342128791,1,0,0.3048521064098161,0,0,0.3005819855230069,0,0,0.283598885687896,0,0,0.32211029130321583,0
784,1,0.7154974731199204,1,0,0.34896615418593974,0,1,0.657005127762017,1,0,0.3320864695694549,0,0,0.24106955225159996,0,1,0.4343007931578786,0
785,1,0.6436098282898944,1,0,0.3334888149879674,0,0,0.27076199862156725,0,1,0.35146856610607113,0,0,0.3118870015882211,0,1,0.3884429549313462,0
786,0,0.48011245752406473,1,0,0.5109250524180936,1,0,0.3751964055690273,0,0,0.3783065490500884,0,0,0.21607128960152713,0,0,0.3594163953745498,0
787,0,0.4223261957578076,0,0,0.3409646603353629,0,0,0.3834872959999485,0,0,0.34210939510202487,0,0,0.337515166095221,0,0,0.44434896736898255,1
788,0,0.5184214361320802,1,0,0.36547855960334213,0,0,0.20762025271040307,0,0,0.6570330467485285,1,0,0.19128974845355312,0,0,0.3980053237862181,0
789,1,0.60784957495358,1,0,0.2634273634360748,0,1,0.586877412649769,1,0,0.20418987687918547,0,0,0.27430895756066886,0,0,0.22386753788164715,0
790,0,0.4080272103014483,0,0,0.25222346777866844,0,0,0.19309022926251423,0,0,0.2679141093635313,0,0,0.2661206992099422,0,0,0.25728397571177364,0
791,1,0.45660021183064475,0,0,0.20570349958602413,0,0,0.24159933891664925,0,1,0.264229469028895,0,0,0.2626600835801233,0,1,0.8180466021106729,1
792,0,0.5246577769374543,1,0,0.3870069461135722,0,1,0.6844349930046837,1,0,0.37688016158670234,0,0,0.2830383628089815,0,1,0.5760006183012093,1
793,0,0.5414990860369665,1,0,0.5150557749308291,1,0,0.26350415973752567,0,0,0.4165366760700477,0,0,0.2229031801114759,0,0,0.3555161201285636,0
794,0,0.35443111803695004,0,0,0.36523469121424207,0,0,0.31604400557247014,0,0,0.4689506838252701,1,0,0.38306824020078845,0,1,0.4233276919268597,0
795,0,0.48422154627442715,1,0,0.3920236217976865,0,0,0.37088725515516857,0,0,0.27619072643532494,0,0,0.2619539893725574,0,0,0.4234762558607528,0
796,1,0.4466798448870239,0,1,0.46462675670201414,1,0,0.3385891541587685,0,0,0.3138174896339987,0,0,0.24916786869609525,0,0,0.3083987905146724,0
797,1,0.5360750915577577,1,0,0.34653968932313944,0,0,0.1882260223818007,0,0,0.3084718770488451,0,0,0.19155625683846636,0,1,0.5395820011972471,1
798,1,0.41824071981597055,0,0,0.2424847090123321,0,1,0.4325092500749331,0,0,0.44802703713085873,1,0,0.14337666756144424,0,1,0.381915603144737,0
799,1,0.46099434852065024,0,1,0.38160632284218,0,0,0.3188532315654728,0,1,0.3784372067594234,0,0,0.2715003351435859,0,0,0.2799450748409529,0
800,0,0.5605307671467337,1,0,0.5626980374525711,1,0,0.6459579602684893,1,0,0.39776252257701616,0,0,0.22099878183210306,0,0,0.30880145191530706,0
801,0,0.41294378442935453,0,0,0.2991601604939364,0,0,0.23464824514493823,0,0,0.301078770025641,0,0,0.5566540929044467,1,0,0.253119912687264,0
802,0,0.508621767496183,1,0,0.3433156812624393,0,0,0.28075021980455145,0,0,0.3973463162220839,0,0,0.4015635179272749,0,0,0.2545142590642995,0
803,0,0.40958097902868185,0,0,0.24416619650865876,0,0,0.3639534985373807,0,0,0.2695334440651052,0,0,0.19810464169372108,0,1,0.6324762241742048,1
804,1,0.8050281230066233,1,1,0.8596341426098613,1,0,0.5947406649316533,1,0,0.3325831835446602,0,0,0.2341504646518287,0,0,0.32677954105497753,0
805,0,0.4046331727728416,0,0,0.3904772282214974,0,0,0.28363624710008745,0,0,0.3912082122983298,0,0,0.22323201767374468,0,0,0.3629713781974496,0
806,1,0.6432867701111546,1,1,0.26874255159554417,0,0,0.3713463145669308,0,0,0.34417851115569187,0,0,0.2160154650233071,0,1,0.5151925870140421,1
807,0,0.4431786970630086,0,0,0.25852107768600735,0,0,0.26824873965924695,0,0,0.29643380677134507,0,0,0.22191400312672818,0,0,0.26351006850275827,0
808,1,0.5570430325579188,1,1,0.4393281636339621,1,0,0.4302698675974914,0,1,0.35308850803579606,0,0,0.22435943331032746,0,0,0.3323821466073358,0
809,1,0.5553900512563851,1,0,0.4100882804194352,0,1,0.596186722997423,1,0,0.3623226436132529,0,0,0.23848090550019044,0,1,0.32933107758091695,0
810,1,0.7657943645703148,1,0,0.28353423025303426,0,1,0.5819662376633533,1,0,0.2780225930622257,0,1,0.5847842487288251,1,0,0.22221185622673165,0
811,1,0.7296006279901415,1,0,0.2892326084416884,0,1,0.5724696104692018,1,0,0.3127535328665309,0,0,0.3761455121660464,0,0,0.2756954676395869,0
812,1,0.44243269897423354,0,1,0.5689047437362781,1,0,0.20915629515876205,0,0,0.4353101550394806,0,0,0.20921092294262036,0,0,0.23988445790981983,0
813,1,0.6371783033505026,1,0,0.30724633773281185,0,0,0.3970292654794949,0,0,0.6282445499376126,1,1,0.5033640182844004,1,0,0.3151612293529935,0
814,1,0.5407268042808353,1,0,0.3187914302124606,0,1,0.6994220799568684,1,0,0.2536888954481003,0,0,0.24828010631354036,0,0,0.2943506023452754,0
815,1,0.6385950259624381,1,1,0.4359138598040349,1,1,0.6059306142727062,1,1,0.5158124523808583,1,0,0.24253952582064742,0,1,0.4247991081069263,0
816,1,0.5485224386412832,1,0,0.322751294009129,0,0,0.3194978624029413,0,0,0.37063519398988176,0,1,0.4349652756365577,1,0,0.3797402941556654,0
817,1,0.5528005607200558,1,0,0.287206036657255,0,1,0.53988457134864,1,0,0.2615581513762123,0,0,0.26539363677676986,0,0,0.2394864085429749,0
818,1,0.6068272639263916,1,1,0.6477721997394766,1,0,0.18870286958888205,0,1,0.5370127179636535,1,0,0.2173453572861873,0,0,0.3149223368040032,0
819,1,0.5281318507750953,1,1,0.3893087856724311,0,0,0.30315125106179974,0,0,0.4385964487573469,0,0,0.2817488917796748,0,0,0.3122805746635499,0
820,0,0.4309073747059857,0,0,0.36286995877813555,0,0,0.3479445830524448,0,1,0.32468572642554777,0,1,0.40188262425181337,0,0,0.39852014434453015,0
821,1,0.5005369543212376,1,1,0.49484600438888426,1,0,0.3298167252646724,0,0,0.29591317505764014,0,0,0.16201904921680726,0,0,0.37958590900351336,0
822,0,0.5428141633103776,1,0,0.5563027812047149,1,0,0.3700897131196997,0,0,0.40615962453761995,0,0,0.3082170082596893,0,0,0.5463165890256483,1
823,1,0.5589221758163953,1,1,0.42112884321521316,0,1,0.47403014450287456,1,1,0.3951801630200157,0,0,0.17522213069638973,0,1,0.5450333775309957,1
824,1,0.4479139676002066,0,0,0.40541133077659824,0,1,0.3275753930707837,0,0,0.3821491211783755,0,0,0.21930944152577372,0,0,0.359077788501251,0
825,0,0.3939675494921056,0,0,0.6361011925494601,1,0,0.1607851133524157,0,0,0.398448126651999,0,0,0.22326035833919458,0,0,0.1853414239735218,0
826,0,0.6580793927437867,1,1,0.6712489387468406,1,0,0.2905690199272327,0,0,0.36652566425082106,0,0,0.21246513316336282,0,1,0.3178738414129168,0
827,1,0.38940278256427596,0,0,0.23385073162003905,0,0,0.36004181244654887,0,1,0.5236498286449599,1,0,0.31490570263829154,0,0,0.33938382978998943,0
828,0,0.4193778274357011,0,0,0.40025792452079273,0,0,0.2835932898463935,0,0,0.33617448566145114,0,0,0.22553617735856585,0,0,0.24180479443458325,0
829,1,0.34002581314321634,0,1,0.3778009124458242,0,1,0.5868995128787373,1,0,0.37939788031205557,0,0,0.21166057275071337,0,1,0.3914770433856073,0
830,1,0.7080666976968775,1,0,0.25371297581263785,0,1,0.6454383264040326,1,0,0.46024744907009624,1,1,0.6000652046948795,1,0,0.4230017129491715,0
831,0,0.5374894795927545,1,0,0.2623690451164808,0,0,0.20118855327712568,0,0,0.5854888992349303,1,0,0.16743852183753502,0,0,0.30405099250685813,0
832,1,0.5985080841373929,1,0,0.20795086211728994,0,0,0.2617594492935906,0,1,0.3543544300791661,0,0,0.27533485930484003,0,1,0.5070292038160912,1
833,1,0.3962535388610146,0,0,0.2824163549020589,0,0,0.4008144134951847,0,1,0.6152934761657879,1,1,0.4900179547102189,1,0,0.2998322763477526,0
834,1,0.619631866890698,1,0,0.21055244654522534,0,0,0.45199632114841426,0,0,0.33973679622914427,0,1,0.5227852445704786,1,0,0.21815512812394908,0
835,0,0.5767545217542013,1,0,0.6544753522913423,1,0,0.24746177544536627,0,0,0.30223273688176394,0,0,0.21583506982930956,0,0,0.29232648848669157,0
836,0,0.47633493378844743,1,1,0.5191502461552322,1,1,0.15917345460183172,0,1,0.4607797707627909,1,1,0.13051508208796392,0,0,0.2997553695654155,0
837,0,0.4637976296241116,0,0,0.2825620438916794,0,0,0.361515608811276,0,0,0.32955578422396775,0,0,0.4439508788378015,1,0,0.3382165324407658,0
838,1,0.6288094214802008,1,0,0.472871174433724,1,1,0.547070656443108,1,0,0.37052815510275694,0,0,0.41211000353057964,0,1,0.38435990382689816,0
839,1,0.5044858108249628,1,1,0.4210507770998865,0,0,0.36927785022739734,0,0,0.39313491538579354,0,0,0.1908603506813072,0,0,0.2973875357583911,0
840,1,0.6231245484550314,1,0,0.2435970219621551,0,1,0.5392458988205799,1,0,0.3447481667796226,0,0,0.3072887442871987,0,0,0.22538870712834624,0
841,0,0.6345752183109943,1,0,0.43637920229136234,1,0,0.6510323832590006,1,1,0.4336044388300067,0,0,0.3049790083079161,0,0,0.3626257914758815,0
842,1,0.6829331895861961,1,0,0.35065433295894777,0,1,0.5771133364238954,1,0,0.31588432348806783,0,0,0.3211501035284155,0,1,0.3019542276002339,0
843,0,0.392942080944126,0,0,0.4443343468052331,1,0,0.3238233459551679,0,0,0.36262583832561535,0,0,0.2429045217686741,0,0,0.28903676307938647,0
844,0,0.47696665803709554,1,0,0.30219029695513316,0,0,0.2631758856608695,0,0,0.33283082611657555,0,0,0.2439260613417717,0,1,0.5779441074684789,1
845,0,0.41256088149982667,0,0,0.23661883705972894,0,0,0.3269215625971424,0,0,0.5522230313201212,1,0,0.17567632520111093,0,0,0.28905317337407793,0
846,1,0.6369524679598213,1,1,0.8013568604283563,1,0,0.17063708498274466,0,0,0.27350613685344205,0,0,0.2577250003162388,0,0,0.1281489532846526,0
847,1,0.5422260504590853,1,1,0.5420332145009348,1,0,0.27196448820492675,0,0,0.322912648706365,0,0,0.16885479477276297,0,0,0.25456819269996556,0
848,0,0.6394725741453714,1,0,0.6049638012439935,1,0,0.3251829310425357,0,0,0.4565267970259513,1,0,0.17386313255040714,0,0,0.3913809799720424,0
849,1,0.451947240921551,0,1,0.5835460766567802,1,0,0.37316107629510287,0,0,0.41043730171977705,0,0,0.22038285916398348,0,0,0.27375713161202003,0
850,1,0.38166719224264195,0,0,0.46854659250082487,1,0,0.2074830385321623,0,0,0.3352598192836254,0,0,0.206539073448492,0,1,0.6392359828158442,1
851,0,0.4606250749188336,0,0,0.42330765803466186,0,0,0.2187933913890714,0,0,0.3350799264393556,0,0,0.19020282014504306,0,0,0.30980572977066223,0
852,1,0.6761028977822843,1,1,0.4097040890652455,0,0,0.3704475797330355,0,0,0.37205196566230564,0,0,0.2790843965754069,0,1,0.2921180238748932,0
853,0,0.5728844254122905,1,0,0.27102488606739217,0,0,0.28903349262297695,0,1,0.6359183690284533,1,0,0.2368756501935117,0,0,0.26886457166739963,0
854,0,0.4367738552682554,0,0,0.3079543401150321,0,0,0.26182222035950675,0,0,0.2939737792865155,0,0,0.5894636486681447,1,0,0.29005748377335533,0
855,1,0.4980554986922685,1,0,0.3491762589113442,0,0,0.22589068457477446,0,1,0.5957309015565093,1,0,0.30867260782937483,0,0,0.3070772386798997,0
856,1,0.7245041850310203,1,1,0.7286490869970657,1,0,0.23941881552120872,0,0,0.30965396074466184,0,0,0.2785695085984626,0,0,0.240005360757205,0
857,0,0.4032722529900179,0,0,0.2753387952353928,0,0,0.19650181436428305,0,0,0.3818591602962167,0,0,0.19149042831675914,0,1,0.7152518327788597,1
858,1,0.6432342512857192,1,0,0.32879209030580897,0,0,0.6414747051561377,1,1,0.3169258662799806,0,1,0.2801404686636707,0,0,0.3486067695328287,0
859,1,0.6370099421993056,1,0,0.263127332330961,0,1,0.6813470691137379,1,0,0.42263323468456115,0,0,0.24332042499960913,0,0,0.28127852772164896,0
860,1,0.6656954709555991,1,1,0.6917841746337966,1,0,0.24646244409440557,0,0,0.277917058680189,0,0,0.27508928331387594,0,0,0.3646697462242894,0
861,0,0.4344248127380892,0,0,0.353008180528601,0,0,0.18389812123371144,0,0,0.3045137109298554,0,0,0.6047407068384325,1,0,0.24252498752435203,0
862,1,0.4921823276729225,1,0,0.5511883591857253,1,0,0.31410764090438925,0,0,0.36720319693167947,0,1,0.40718454466923726,0,1,0.283799165158998,0
863,1,0.5074522411883678,1,0,0.31973091256495756,0,0,0.4782412619336144,1,0,0.5392189149633514,1,1,0.2689015131732723,0,1,0.40931581876938167,0
864,1,0.3984243838329528,0,1,0.5603398798120449,1,0,0.266756120926882,0,0,0.42622521373534433,0,0,0.19146847506295891,0,0,0.18791185207736874,0
865,0,0.7409517892987812,1,0,0.24167166321470368,0,1,0.6254849450217078,1,0,0.2759756042364012,0,1,0.6499548791798223,1,0,0.231065334756799,0
866,1,0.45656680481428547,0,1,0.41909286715133254,0,0,0.4114851340000394,0,0,0.3762148237573745,0,0,0.27719060362331116,0,0,0.3818292432703325,0
867,1,0.7367919767628717,1,1,0.645925906324532,1,0,0.3166811326632806,0,0,0.23920105969789074,0,0,0.26162154047506675,0,0,0.2529666915966145,0
868,0,0.47388465433514443,1,0,0.2936200603558603,0,0,0.2482361213179028,0,0,0.5290743784213332,1,0,0.33246507273067777,0,0,0.26435317496521693,0
869,1,0.5930342200080017,1,0,0.39711758457910395,0,0,0.28041946788573535,0,1,0.40915452726981666,0,1,0.3870616884702034,0,0,0.2745064380715502,0
870,0,0.45544957853198864,0,0,0.4724439238437093,1,0,0.3816079500455764,0,0,0.3438451700549473,0,0,0.16773260084849392,0,0,0.351874672697023,0
871,1,0.5542111099330117,1,0,0.461339131332642,1,0,0.5154764852056134,1,0,0.3354524131812044,0,0,0.13666132642800066,0,1,0.3316004299984994,0
872,0,0.3489178850897818,0,0,0.5081475236850497,1,0,0.18065953210383007,0,0,0.3210884605908565,0,0,0.16049986130925867,0,0,0.16544737516087812,0
873,1,0.7296535757557538,1,1,0.7026862162480443,1,1,0.5531506301411585,1,1,0.4048075941074448,0,0,0.36046915523421397,0,0,0.5247742714728173,1
874,0,0.5960026597832985,1,0,0.36000657997719604,0,0,0.298974058984803,0,0,0.3798941371427335,0,0,0.2618570087026094,0,0,0.3536391223398497,0
875,0,0.45365680626443355,0,0,0.3564937669711938,0,0,0.3230840700753645,0,0,0.3544251469728291,0,0,0.2500091592624087,0,0,0.2996762614136827,0
876,0,0.4144208404220352,0,0,0.27380260600466627,0,0,0.263286249558067,0,0,0.4412544539750958,1,0,0.27093449422855986,0,0,0.38862555362801277,0
877,1,0.4762523732725619,1,0,0.3071921598647858,0,1,0.49692160907560273,1,0,0.34730049207433217,0,0,0.2807810173237742,0,0,0.30783173901940497,0
878,1,0.5072141280309388,1,0,0.43600876394007515,1,0,0.3036101542412426,0,1,0.632170722676653,1,0,0.29842042773007105,0,0,0.315675832045278,0
879,0,0.3760180733979,0,0,0.2155057974773549,0,0,0.32336815998336993,0,0,0.5476990142261531,1,0,0.2566118202821579,0,0,0.3450810917207089,0
880,1,0.5090658257936863,1,1,0.6966380852416625,1,0,0.31832546085175245,0,0,0.5462702704279568,1,0,0.12695777985563642,0,0,0.400530490943905,0
881,1,0.32613805669157975,0,0,0.2971601856102761,0,0,0.33989690581222554,0,1,0.5887316082983187,1,0,0.25332804700001654,0,0,0.36248643760538063,0
882,0,0.360840744691062,0,1,0.5072062254251334,1,0,0.2470291688315397,0,0,0.20613300649187735,0,0,0.14966710260589952,0,0,0.27356498749547004,0
883,1,0.6805448735142121,1,0,0.2672878023185449,0,1,0.7357230936362396,1,1,0.49010515407881017,1,0,0.264447320615548,0,1,0.45875950203954347,1
884,0,0.4669663557715396,0,0,0.3245192241151883,0,0,0.2339064505867006,0,0,0.349797424696921,0,0,0.3672745045304272,0,0,0.43369055292185327,0
885,1,0.44098059942401535,0,1,0.4746718726685595,1,0,0.34230430911773724,0,0,0.340666698447369,0,0,0.15778718435210923,0,1,0.3166607655512508,0
886,1,0.44191265147095715,0,1,0.3876316721658836,0,0,0.29343144835866486,0,0,0.36075638973701774,0,0,0.3315443594871246,0,1,0.21055628340574914,0
887,1,0.7191956105908147,1,1,0.6741284401746719,1,0,0.27688568449589024,0,0,0.3540680197926834,0,0,0.30605406006948555,0,0,0.3118831215605054,0
888,1,0.5948870083082642,1,1,0.3341464358603542,0,1,0.6441576834440198,1,0,0.3766223915497825,0,0,0.27223741963023323,0,0,0.3679314800062055,0
889,1,0.5085360176461907,1,0,0.3595912846589467,0,1,0.6478388186141183,1,0,0.33715631214260633,0,0,0.2961959019840859,0,0,0.38489547935679347,0
890,0,0.5142191102087408,1,0,0.39208247000919627,0,0,0.6508987191441712,1,0,0.3842722253038864,0,0,0.2002900601050291,0,0,0.4510114824882682,1
891,0,0.379496980255697,0,0,0.31320373520954253,0,0,0.25411729654648957,0,0,0.5655385816050358,1,0,0.18161062496898536,0,0,0.308080560531763,0
892,0,0.4986581226882703,1,0,0.44561571317435517,1,0,0.5793412696550532,1,0,0.41171743807764993,0,0,0.27665657871821747,0,0,0.30562046449753505,0
893,1,0.6873772387177162,1,0,0.5612251986665994,1,1,0.5028715535288903,1,0,0.4776407276416802,1,0,0.2551750784521449,0,1,0.4260669755501247,0
894,1,0.7874597650379608,1,1,0.8713452494928807,1,1,0.5383458045183901,1,0,0.475977826259405,1,0,0.20172379713835167,0,1,0.34281407876856584,0
895,0,0.3718235290026326,0,0,0.2631200963068545,0,0,0.2934897607355987,0,1,0.3050200459591283,0,0,0.17633997718530525,0,0,0.2828968102647818,0
896,0,0.5224481795354575,1,0,0.5404489926000107,1,0,0.25094151211959903,0,0,0.38777177539362967,0,0,0.15751301442255117,0,0,0.37732199890151363,0
897,1,0.7160584303898403,1,1,0.6576788671731768,1,0,0.27319215951227505,0,0,0.23920105969789074,0,0,0.2879724888654464,0,1,0.23743165211248704,0
898,1,0.46012133044334624,0,0,0.43247511794004556,1,0,0.2820943970595654,0,1,0.4464223818383412,1,0,0.22710555194916238,0,0,0.27052299255787793,0
899,1,0.48321316596199704,1,0,0.3372550714899516,0,0,0.3547468434149736,0,1,0.5574430219036057,1,0,0.18152583478513856,0,0,0.4200628917098739,0
900,0,0.3740057963542465,0,0,0.24417279977447126,0,0,0.2864613884394947,0,0,0.5770505819618639,1,0,0.2739493723348157,0,0,0.2689799306235835,0
901,1,0.7065354709308937,1,0,0.2985256529053962,0,1,0.6467238036944967,1,0,0.24587562499183394,0,0,0.2980307361181302,0,0,0.25498737164944124,0
902,0,0.44855593581479697,0,0,0.2719178602731393,0,0,0.18935794452420032,0,0,0.6691258834579357,1,0,0.2590757628563857,0,0,0.21903064057340849,0
903,0,0.43981981408329773,0,1,0.5556746735456838,1,0,0.3028896179952661,0,1,0.342200118395648,0,0,0.26279060867725246,0,0,0.28199771943319063,0
904,1,0.47424673809933443,1,0,0.27604128775955256,0,0,0.19024882900503073,0,0,0.5555033309978525,1,0,0.21148029883418312,0,0,0.2822186461417634,0
905,1,0.4753236539265814,1,1,0.3320999371363055,0,1,0.6920563962909977,1,1,0.34140127019714045,0,1,0.23252041279636204,0,1,0.35614544967600137,0
906,0,0.3552580132366499,0,0,0.47091509676852356,1,0,0.21595410427383901,0,0,0.35074386398086954,0,0,0.17022330861539942,0,0,0.33969446265975606,0
907,1,0.533166667736238,1,1,0.5809595019119068,1,1,0.4780731140671247,1,0,0.36446229927670004,0,0,0.1324401317112088,0,0,0.20414741849916504,0
908,0,0.44009087493840504,0,0,0.4348159441120773,1,0,0.3851578020472227,0,0,0.4580381521817777,1,0,0.2599902190854378,0,0,0.2522583094779922,0
909,0,0.4049310644293619,0,0,0.378054098027555,0,0,0.3609153432238999,0,0,0.27924023826670075,0,0,0.30464045932323913,0,0,0.32681561836216155,0
910,1,0.5074740413594007,1,0,0.5997063032760818,1,0,0.4516727860464256,0,0,0.4737030096724974,1,0,0.2428397984211564,0,1,0.41175024595773685,0
911,0,0.4313071538041875,0,0,0.3069857230917774,0,0,0.2755071796005798,0,0,0.30751286775823583,0,1,0.6084170465941716,1,0,0.27403615243755036,0
912,1,0.4549645432209343,0,0,0.4404379517083438,1,0,0.3262061394180184,0,0,0.34502063738731825,0,0,0.18550760787676748,0,1,0.3776145979962815,0
913,1,0.5267128191270911,1,1,0.3867724576908003,0,1,0.6342101609313,1,1,0.35461875162194084,0,0,0.2583883525252537,0,0,0.34282833507184013,0
914,1,0.7410873532454436,1,1,0.6740044218436416,1,1,0.6272747575279841,1,0,0.36408308522496946,0,1,0.2100942961321041,0,1,0.4431896354451445,1
915,1,0.5734732808631974,1,0,0.47322783588824646,1,0,0.2604077980184982,0,0,0.44732536825654257,1,1,0.4184917311293023,0,0,0.435853600101133,0
916,0,0.39039841025466926,0,0,0.41115896558957943,0,0,0.2734818044897615,0,0,0.4575206474682183,1,0,0.2872080409177159,0,0,0.26430162301508653,0
917,0,0.41306306859094466,0,0,0.3399186378598963,0,0,0.276567412293204,0,0,0.35003112995747315,0,0,0.30251376816992903,0,0,0.27892074976000414,0
918,0,0.46894742321707367,0,0,0.33664276230194046,0,0,0.30248600725484687,0,0,0.33360991481569263,0,0,0.22688660602581837,0,0,0.2996762614136827,0
919,0,0.38132831269584827,0,0,0.3388904873078135,0,0,0.269375817351593,0,0,0.31448368886266326,0,0,0.29895290801383273,0,0,0.3215849500480582,0
920,1,0.4321533296527709,0,0,0.2652448961607154,0,0,0.2800835152326286,0,1,0.6297069894978848,1,0,0.18133280621744371,0,0,0.3528790652150236,0
921,1,0.610854756145284,1,0,0.31591913293165547,0,0,0.2835202629189573,0,0,0.48607839930160107,1,1,0.6131253246223028,1,0,0.20297528756710698,0
922,1,0.6733588056193279,1,1,0.47572822729572706,1,0,0.23002490638962167,0,0,0.5315802214473562,1,0,0.350363998518035,0,0,0.45490763419335517,1
923,1,0.5526333052253114,1,1,0.35836804684811924,0,1,0.5608646629334452,1,1,0.2380131004760133,0,0,0.2518128272610657,0,0,0.47034285306016665,1
924,1,0.6838196134814974,1,0,0.4078073355675408,0,0,0.2992804005430603,0,0,0.4099816594491062,0,1,0.5646811559282464,1,0,0.31281640389579035,0
925,1,0.6029717632844513,1,0,0.40331176707296346,0,0,0.28683867689117554,0,0,0.3938446870826998,0,1,0.656281490435975,1,0,0.4048762616252832,0
926,1,0.3646244473888421,0,0,0.33214765768306553,0,0,0.46351202933493246,1,0,0.42367884391876337,0,0,0.21931291011545953,0,1,0.30259346397196707,0
927,1,0.5878858058960054,1,1,0.5322954453760769,1,1,0.5518611040593377,1,0,0.4520284063205188,1,1,0.13721033810521294,0,1,0.3310258349383551,0
928,1,0.6094946327599229,1,0,0.38358626125951195,0,1,0.6846035127913737,1,0,0.33802812029266843,0,0,0.35634762038017154,0,0,0.2998331232163653,0
929,1,0.517095860145713,1,1,0.612973590902385,1,1,0.6309883094577641,1,0,0.32286335836994307,0,0,0.26280526931940806,0,0,0.362080657647109,0
930,0,0.5254561033184206,1,0,0.5454191955193332,1,0,0.30469359270662344,0,0,0.3561013420779309,0,0,0.203441903443382,0,0,0.31345853901685466,0
931,1,0.555806590995132,1,0,0.36582771383410456,0,0,0.26032321866056757,0,0,0.34364502380244344,0,1,0.3092443621817682,0,1,0.3153376691500063,0
932,1,0.39415737443079235,0,0,0.2328791835958575,0,0,0.3223981034127287,0,1,0.6506495435431523,1,0,0.1974927858236293,0,0,0.3137624363189654,0
933,1,0.45036786139116236,0,1,0.6215729206047655,1,0,0.293757233228685,0,0,0.5025689280170472,1,0,0.22515799796440672,0,0,0.26645087052827976,0
934,1,0.4922661381586704,1,1,0.41016385751376705,0,1,0.6085280724278069,1,1,0.37908288002379653,0,0,0.2910587117951994,0,0,0.4185130834177713,0
935,1,0.6013950138282698,1,0,0.29065486320510797,0,0,0.2305596594928563,0,0,0.39051255707490956,0,0,0.27707047603772955,0,0,0.5999556012020656,1
936,1,0.6100893913835372,1,1,0.6005497787132599,1,0,0.17477036702541432,0,0,0.2549606683914501,0,0,0.5478459252877067,1,0,0.3022767351298535,0
937,1,0.6748082455968789,1,1,0.7561532224158409,1,0,0.29684810499749953,0,1,0.30074141600356885,0,0,0.21687852484322478,0,0,0.3998003093908644,0
938,0,0.4715406931148855,1,0,0.3387106716569557,0,0,0.2922066238851498,0,0,0.3740035892860112,0,0,0.4369797578792977,1,0,0.31122901973200584,0
939,0,0.5188947549729094,1,0,0.39514872835322506,0,0,0.44383394114472147,0,0,0.320040191379775,0,0,0.3337103861873639,0,0,0.3860926275289245,0
940,1,0.47902833385101834,1,0,0.38991070475083384,0,1,0.6305316619601592,1,0,0.4198246266740926,0,0,0.23476304110608773,0,0,0.27325050851808996,0
941,0,0.533509462301672,1,0,0.4634485571940549,1,0,0.22714573787836775,0,0,0.508004786440798,1,0,0.3129106591470612,0,0,0.28241237685819265,0
942,1,0.6180539972701068,1,0,0.30947016413062634,0,0,0.22460540363852186,0,0,0.44084771857235866,1,0,0.25725847305144184,0,1,0.3850354436568893,0
943,1,0.5955937102889207,1,1,0.659515466714931,1,0,0.2466956879268488,0,1,0.2579793715402913,0,1,0.29589589981973063,0,0,0.30733944929222345,0
944,0,0.3966502079863807,0,1,0.6107404203648191,1,0,0.21704106927661052,0,0,0.3422095213928199,0,0,0.22630019664997084,0,1,0.27114007627531855,0
945,1,0.5546078665291208,1,0,0.3684416574980393,0,0,0.3435105856362191,0,0,0.39117432600248897,0,0,0.3894842719225929,0,1,0.2982321912795897,0
946,1,0.5534480169873143,1,1,0.3439911245739538,0,1,0.4627060414040187,1,0,0.41378368771256235,0,0,0.16777362073924246,0,1,0.26805356693999094,0
947,0,0.4289580814337532,0,0,0.5072397463870016,1,0,0.23741928214359156,0,0,0.3648343150273559,0,0,0.18811581420688664,0,0,0.2628684526586803,0
948,1,0.7908081027516725,1,1,0.7921584969285,1,0,0.23127984501601254,0,0,0.31408211585316437,0,0,0.2999080339010445,0,0,0.31407140904497666,0
949,0,0.519327672758761,1,0,0.3604575033060157,0,0,0.3302154379859592,0,1,0.4943280500724503,1,0,0.2290243011730297,0,0,0.34073793931313995,0
950,1,0.5567359638865359,1,0,0.3583772029744611,0,1,0.6084573850580779,1,0,0.3449009511585967,0,0,0.265118566181737,0,1,0.3621301180160732,0
951,0,0.422945770347315,0,0,0.359307171085348,0,0,0.20127448424461797,0,0,0.29142631459940377,0,1,0.6166354418107636,1,0,0.19466245092426454,0
952,0,0.466454948989534,0,0,0.3394950950819717,0,0,0.19876411844253014,0,1,0.3920963848324125,0,0,0.23440311752245313,0,0,0.651295738878342,1
953,1,0.5994100027643549,1,0,0.3367977521608592,0,0,0.3579729584989423,0,0,0.377998890090013,0,1,0.5473388180748685,1,0,0.2922136940140462,0
954,1,0.5126710664059505,1,1,0.5229603740303401,1,0,0.3323472224374373,0,0,0.35202771179532133,0,0,0.2777706801871082,0,0,0.32224915361013584,0
955,0,0.49379028347666226,1,1,0.5020430147465073,1,0,0.2882179380306813,0,0,0.3210336054410644,0,0,0.219260973454026,0,0,0.36736191224247094,0
956,0,0.3651138946501487,0,0,0.28874812211272205,0,0,0.36999732048592565,0,1,0.29083864041712676,0,0,0.2598365300697856,0,0,0.2270720900549365,0
957,0,0.6433223845820478,1,0,0.6416836601597755,1,1,0.5063396269142328,1,0,0.476575324000349,1,0,0.25232453391434145,0,0,0.3037763399090929,0
958,1,0.605898118712111,1,1,0.6791726519830583,1,0,0.212860911576922,0,0,0.36908252326812463,0,0,0.23747693436275108,0,0,0.23783101561738731,0
959,0,0.6601623862299673,1,0,0.35757685058068883,0,0,0.273451171170736,0,0,0.37497686467643376,0,0,0.3544504083729826,0,0,0.6115270551658116,1
960,1,0.4079384395349278,0,0,0.5570716576413718,1,0,0.19247911938446832,0,1,0.34681294389359035,0,0,0.19112041571690738,0,1,0.2623158686804652,0
961,1,0.46894742321707367,0,1,0.37382144444584176,0,0,0.30248600725484687,0,0,0.33983911497532104,0,0,0.2674977227400233,0,0,0.2996762614136827,0
962,1,0.46538959480580644,0,0,0.30116834591039987,0,0,0.39949513225999145,0,0,0.5151286408749787,1,0,0.24379643378341512,0,0,0.27019250768825204,0
963,1,0.6483471790144021,1,1,0.6071650571302094,1,0,0.24589815881199406,0,0,0.34298985398421544,0,0,0.2896090349574083,0,0,0.1492435959989371,0
964,0,0.4828683617620647,1,0,0.22823494469513925,0,0,0.2626376953533044,0,0,0.5415010225434845,1,0,0.3539535066591072,0,0,0.3619966759952284,0
965,0,0.4865957215445024,1,0,0.40823786628487313,0,0,0.6502639909183473,1,0,0.40568030645025166,0,0,0.24472497720555175,0,0,0.36937322354768143,0
966,0,0.6202072668572625,1,0,0.7500789457012424,1,0,0.32713383147215,0,0,0.3151835340560155,0,0,0.20848628398056704,0,0,0.30326151135287693,0
967,0,0.54431911904349,1,0,0.5089880928316685,1,0,0.1889268424444691,0,0,0.34259871084976734,0,0,0.18528160578137923,0,1,0.33051251806441023,0
968,0,0.35323732149065573,0,0,0.41657871004348684,0,0,0.2754287438816981,0,0,0.26895816484420465,0,0,0.19601642999711563,0,0,0.25042341141370467,0
969,1,0.5660729191469944,1,1,0.43627612691911205,1,1,0.7185583749608156,1,0,0.2796387145249794,0,0,0.21424288811963893,0,1,0.4008893834215843,0
970,1,0.455812341002197,0,0,0.26078346640972927,0,0,0.3634298607343875,0,0,0.19898818705306856,0,0,0.25224543536628974,0,1,0.31372669151984756,0
971,0,0.49482138991692215,1,0,0.3537354162632353,0,1,0.6544878251374843,1,0,0.41106122309805404,0,0,0.27854489679884015,0,0,0.35884789343985113,0
972,0,0.48311202184581736,1,0,0.30509157825256505,0,0,0.27533532527534194,0,1,0.5248731319629085,1,0,0.27567019597245945,0,0,0.30204207655374404,0
973,0,0.49884960457464833,1,0,0.30185662685733133,0,0,0.2732984562466171,0,0,0.3562422098070224,0,0,0.2609157366318064,0,0,0.40437483793282336,0
974,1,0.47449586542404787,1,1,0.29043847602311745,0,1,0.6371917244873234,1,1,0.33021033690261725,0,0,0.19495284506858748,0,0,0.3493824487631397,0
975,0,0.5374960971985066,1,0,0.29699510055972567,0,0,0.6623058148048557,1,0,0.31833239472166325,0,0,0.19145045378028666,0,0,0.38664243025723527,0
976,1,0.5001303003519133,1,0,0.3108527624105329,0,1,0.6065993680560132,1,0,0.3646978809484736,0,0,0.2141171803523404,0,0,0.3133641140160026,0
977,0,0.4229777264907991,0,0,0.468435484970539,1,0,0.19242242584329744,0,0,0.3235919624420283,0,0,0.21930630214154379,0,0,0.19474726627238828,0
978,1,0.5284596242224165,1,0,0.4319102320408258,1,1,0.420187702930112,0,0,0.3732237774445688,0,0,0.28243231195406493,0,0,0.384526067736712,0
979,1,0.3696464819952217,0,0,0.4669447700514974,1,1,0.47678910182451784,1,0,0.2932427860849858,0,0,0.1352996379088512,0,1,0.57985313230749,1
980,1,0.35186166538614966,0,0,0.45784260300880375,1,0,0.32064927008124844,0,0,0.38068545334842196,0,0,0.17872783070920212,0,1,0.4427431145141352,1
981,1,0.4502231061793601,0,1,0.5655371067132601,1,0,0.3546638197183699,0,0,0.261485606322002,0,0,0.2367445142238361,0,0,0.40187464778893056,0
982,1,0.42180760038370163,0,1,0.4743279905258538,1,0,0.2800232197327346,0,0,0.371764037848975,0,0,0.2540558428441102,0,0,0.32463949843622353,0
983,0,0.3326171205173805,0,0,0.5803334521904381,1,0,0.249128265335794,0,0,0.2146266070844599,0,0,0.21140464264264733,0,0,0.1844054280826322,0
984,1,0.5962900200003697,1,1,0.7178476525050765,1,0,0.17778797887818595,0,0,0.3415145009386201,0,0,0.24351548011363705,0,0,0.26548487160725553,0
985,1,0.6906028363391553,1,0,0.370334721805389,0,1,0.5854935302967478,1,0,0.41818780940585665,0,1,0.285683284712773,0,0,0.5236731564067779,1
986,0,0.38795732381353487,0,0,0.27460594996698307,0,1,0.4726003496898744,1,1,0.5390167962015542,1,0,0.32100082456505924,0,0,0.23376952928815126,0
987,0,0.53085849116389,1,0,0.26279570995504703,0,0,0.21539398179945668,0,0,0.611351396325156,1,0,0.17498297248677303,0,0,0.287408859366027,0
988,1,0.7074111657559906,1,1,0.6095894514128202,1,0,0.277909302526362,0,1,0.5718001370002921,1,0,0.3513283361488933,0,1,0.26853848004093034,0
989,1,0.538972259803417,1,0,0.4416016951399601,1,0,0.3271477333290583,0,0,0.4056736182985698,0,0,0.25483360697465823,0,0,0.4262409322120267,0
990,1,0.413871172904864,0,1,0.36648767835648743,0,0,0.4483611505918325,0,0,0.40912797952350644,0,0,0.2655830584854033,0,0,0.3920501008917927,0
991,1,0.4440981614805081,0,0,0.303765935037653,0,1,0.37549549352068673,0,0,0.403297479327976,0,0,0.23302617549868043,0,0,0.243592572034691,0
992,0,0.413302221721548,0,0,0.3744908764818873,0,0,0.26874904375977005,0,0,0.4098854315170891,0,0,0.37900923742987097,0,0,0.23456917768298233,0
993,1,0.6822112677515321,1,1,0.8542508345485078,1,1,0.5846809269342615,1,0,0.3504819434443266,0,0,0.23411257504681843,0,0,0.2615112548931074,0
994,1,0.4688559360765663,0,0,0.23712918574629502,0,0,0.4272426213933595,0,1,0.31188575374025196,0,0,0.1596500834459504,0,1,0.6623439965199857,1
995,1,0.4978107362605218,1,1,0.7200444122591712,1,1,0.46836442895366365,1,0,0.34854272375548395,0,0,0.1429634080979344,0,0,0.2870388230727616,0
996,1,0.5946500399711916,1,1,0.37160456006459436,0,1,0.6646677219106477,1,0,0.2903166557500019,0,0,0.14325483266510372,0,0,0.30837933992307753,0
997,0,0.6403201435828768,1,0,0.3408974785710685,0,0,0.5510700034848217,1,0,0.39881949547723317,0,0,0.3379912237708306,0,0,0.36705814900405337,0
998,1,0.4413285218782045,0,0,0.3111537720291322,0,0,0.32454438445374045,0,1,0.341090610085516,0,0,0.30631852511845453,0,0,0.2586919024403812,0
999,1,0.5503953390548718,1,0,0.3502530050714688,0,1,0.613113287838726,1,0,0.4136661367816652,0,0,0.23332030609899804,0,0,0.2866942853932999,0
1000,1,0.39751403703984073,0,1,0.45957864795167225,1,1,0.3958987687356276,0,0,0.3504678896714664,0,0,0.2913132187808136,0,0,0.306915625244172,0
1001,1,0.5627290078291454,1,0,0.37804143113039723,0,0,0.27007613130585156,0,1,0.6037462524898415,1,0,0.16924733886021606,0,0,0.37587144718614557,0
1002,0,0.4572991638997643,0,0,0.3755512852301946,0,0,0.3727356186105229,0,0,0.33632836142833633,0,0,0.21407517605700002,0,0,0.4410117717890053,1
1003,1,0.5605696404454392,1,1,0.5788299612596859,1,0,0.4144463494369414,0,0,0.34819067204265186,0,0,0.23510550224857726,0,0,0.36326975329200817,0
1004,0,0.6691155228937108,1,0,0.31423313745396203,0,0,0.24082435090553495,0,0,0.3225422982600465,0,0,0.21725213180127897,0,0,0.3901213717857753,0
1005,1,0.3643002112981267,0,0,0.3717904947700063,0,0,0.27177695230350124,0,0,0.40289553693699676,0,0,0.20450758785033302,0,1,0.3435696895953677,0
1006,0,0.2846554779890455,0,0,0.2777303757108456,0,0,0.3170973222130833,0,0,0.3352719734199573,0,0,0.17171435674468413,0,0,0.2758392618990088,0
1007,0,0.4282941601712971,0,0,0.4057255835801394,0,0,0.21316302188289873,0,1,0.3350799264393556,0,0,0.17227130775309824,0,0,0.29560424306306365,0
1008,1,0.7541614876451935,1,1,0.8554890512887305,1,1,0.7415976743053123,1,0,0.30534357696827963,0,0,0.21974489257420368,0,0,0.2756289846706111,0
1009,0,0.5537630726344298,1,1,0.7981134158744134,1,0,0.30744098904316225,0,0,0.2418845215675898,0,0,0.23450929157209532,0,0,0.32920167061951233,0
1010,0,0.4505760220238809,0,0,0.2666959164999688,0,0,0.11122023827446367,0,0,0.5603817343863159,1,0,0.3680625181599266,0,0,0.2637956582191489,0
1011,1,0.6440995836582475,1,0,0.2846231520120404,0,0,0.3175797713610194,0,0,0.40254219947850456,0,1,0.5638058713638767,1,0,0.2850454457773752,0
1012,0,0.6050073603622241,1,0,0.6324113279450075,1,0,0.30075518445641697,0,0,0.34289096253289386,0,0,0.2571820293173032,0,0,0.24827608015488292,0
1013,0,0.45370218447842875,0,0,0.29186251182659245,0,0,0.3382663752193785,0,0,0.3480053789529823,0,0,0.17465710492075984,0,1,0.5937993095360018,1
1014,1,0.6876585797091741,1,0,0.2640767075885344,0,1,0.5227958597728808,1,0,0.370172818159422,0,0,0.3286186507730289,0,1,0.561608203079203,1
1015,1,0.4658367035933186,0,1,0.297470279378274,0,1,0.293182040717906,0,0,0.32523509321941513,0,0,0.20988918904223575,0,1,0.6537993708950482,1
1016,1,0.44423299914304604,0,0,0.42776332059368677,0,1,0.37487229993280546,0,0,0.41696780547135953,0,1,0.5593793747675946,1,1,0.3764205899053483,0
1017,1,0.6007532767817092,1,0,0.40055274272619423,0,1,0.6432743900557885,1,0,0.385305722057316,0,0,0.181549819649056,0,1,0.4697801326454351,1
1018,1,0.3668907817701579,0,1,0.3788183715701249,0,0,0.18670225499119725,0,1,0.5303383979208676,1,0,0.13416266253415035,0,0,0.2011384457163208,0
1019,1,0.4712759353345129,1,1,0.7144100547173469,1,0,0.37794880814195186,0,0,0.3052006242015054,0,0,0.17300798271102877,0,0,0.33308006866088496,0
1020,1,0.5751343531522483,1,1,0.6177166354818401,1,1,0.6282287374938028,1,1,0.3303329020689175,0,0,0.18473691212099297,0,0,0.33918028087510615,0
1021,0,0.4548615770791394,0,0,0.4287085448917815,0,0,0.3089899535060463,0,0,0.3230831715009571,0,0,0.24044319206332462,0,0,0.45313914557342816,1
1022,0,0.44560084998547594,0,0,0.5336618185618605,1,0,0.2568855035138822,0,0,0.35389688912662176,0,0,0.26992029256008654,0,0,0.2879256634628395,0
1023,0,0.47097893432270227,1,0,0.35643682704291935,0,0,0.2922066238851498,0,0,0.34088651791930774,0,0,0.2732072522130079,0,0,0.3450809776095606,0
1024,1,0.810453516606241,1,1,0.3644545519342805,0,1,0.8628543216068522,1,1,0.2958517364660226,0,0,0.2514366709425317,0,1,0.39492770522656073,0
1025,0,0.38143462257822963,0,0,0.40734917401391074,0,0,0.2658577504328527,0,0,0.4948230944891166,1,0,0.25482722572951466,0,0,0.2412134973225294,0
1026,0,0.3823341350207115,0,0,0.5099677125572631,1,0,0.1843294511077957,0,0,0.5698224312509439,1,0,0.1583204643020197,0,0,0.3027403761266029,0
1027,0,0.5038713807330222,1,0,0.34050664746730547,0,0,0.25468298223374336,0,0,0.45512294688465815,1,0,0.2663016187767987,0,0,0.32654611365599123,0
1028,1,0.7371555560363409,1,1,0.6909417594893713,1,0,0.3736084348616205,0,0,0.3783379825119456,0,0,0.3048466343677489,0,0,0.36180587650991014,0
1029,1,0.3981168030346396,0,1,0.33924273080915995,0,1,0.43466192947344356,0,0,0.30515839315567317,0,0,0.34616976022018714,0,0,0.31212641219552195,0
1030,1,0.4726380007966586,1,0,0.35729987376669886,0,0,0.3042560341256997,0,1,0.6238734729644831,1,0,0.2545175340401556,0,0,0.27682107357397173,0
1031,0,0.40625896676620415,0,0,0.17790948531562278,0,0,0.25615382922487623,0,1,0.27961520738348783,0,0,0.22732578190024164,0,0,0.6984963049554342,1
1032,1,0.7440861694644909,1,1,0.7254704947932475,1,0,0.3714423586689756,0,0,0.4344639680415677,0,0,0.2406324688050024,0,0,0.3654346059408286,0
1033,1,0.5685092713202512,1,0,0.26410569269506934,0,0,0.3738110085164713,0,1,0.3308061698710855,0,0,0.32065672078625035,0,1,0.5375595577247927,1
1034,0,0.399638679202894,0,0,0.3142044371118192,0,0,0.20135070922460707,0,0,0.2965258006822763,0,1,0.5507296280058361,1,0,0.22789197044599713,0
1035,1,0.49956954526675645,1,0,0.381735467062652,0,0,0.3139193738479446,0,1,0.5583409431319123,1,1,0.602335161935206,1,0,0.3027774220364912,0
1036,1,0.49807582917023313,1,0,0.40023743546898527,0,1,0.3472518057121979,0,0,0.32751023026737786,0,0,0.32588083681214103,0,0,0.4668391707475952,1
1037,1,0.4792390439361136,1,0,0.3531459270701541,0,0,0.2728407195045206,0,0,0.432125475762119,0,0,0.31630710729443007,0,1,0.3876796025507717,0
1038,0,0.5809640696035058,1,0,0.3502023520069831,0,0,0.32685679436120163,0,0,0.3935973474612814,0,0,0.27871365376304824,0,0,0.2850758305851032,0
1039,0,0.34524145850795235,0,0,0.5901179413562803,1,0,0.1620200197778345,0,0,0.4106312146179705,0,0,0.3508585486182765,0,0,0.18151741528867285,0
1040,1,0.4340150956501838,0,0,0.23491976761595265,0,0,0.3094943884500427,0,0,0.2744090736546542,0,0,0.17229681468975483,0,0,0.23549384885071395,0
1041,0,0.3933125427850489,0,0,0.41288983583445327,0,0,0.2404338822902838,0,0,0.39547131339352115,0,0,0.12088214359652034,0,0,0.294174570924399,0
1042,0,0.47227213682628594,1,0,0.43562659139496873,1,0,0.35004995276463313,0,0,0.3394576764711029,0,0,0.2878266819817563,0,0,0.4085400309719938,0
1043,1,0.5329587565450437,1,1,0.4474760162005577,1,0,0.3372100830156439,0,0,0.3967359122127783,0,0,0.23493660715843928,0,0,0.389969137710652,0
1044,1,0.6546020709118407,1,0,0.22280536926615863,0,1,0.580022359978368,1,0,0.29111225780180167,0,0,0.3245336450453,0,0,0.3454493166906372,0
1045,1,0.8560193813577698,1,1,0.8559897890836251,1,1,0.7958804506386429,1,0,0.25917901540165683,0,0,0.15414613057119725,0,0,0.2872184527367046,0
1046,1,0.4754992147463648,1,0,0.3315468888605139,0,0,0.30248600725484687,0,1,0.32601921937690986,0,1,0.27460276712834064,0,1,0.2996762614136827,0
1047,1,0.5045917439504692,1,1,0.5182092926739926,1,0,0.2581769336842737,0,0,0.31698533600655343,0,0,0.19129325941949718,0,0,0.3966513342579923,0
1048,0,0.421429174696564,0,0,0.3917196877490744,0,0,0.26326223970791596,0,0,0.45545752369509973,1,0,0.3536655446274332,0,0,0.24435494889635911,0
1049,1,0.7740983111249242,1,1,0.8228028613413051,1,1,0.4816893424800679,1,0,0.2852735813913268,0,0,0.26965201752266005,0,0,0.3562288778169774,0
1050,0,0.32627275791375193,0,0,0.3060105866367588,0,0,0.1985219226987315,0,0,0.37616274519066983,0,0,0.3478709556439942,0,0,0.3196482432880051,0
1051,1,0.4498569657275246,0,1,0.6784007302300094,1,0,0.35320129653593535,0,1,0.2587989625045394,0,0,0.26545313543046095,0,0,0.4078464924682858,0
1052,1,0.324155176490947,0,0,0.27778225611949703,0,0,0.3383084244788005,0,1,0.6077306783892875,1,0,0.2257899288806572,0,0,0.331282880758871,0
1053,1,0.608021309048608,1,1,0.6279892593512958,1,1,0.5658506847028466,1,1,0.6010195877381102,1,0,0.22926882364172138,0,0,0.24283937459254845,0
1054,1,0.6528153332917705,1,1,0.6157236669840132,1,0,0.3351579408572156,0,0,0.44713782440890093,1,0,0.3723250435496833,0,0,0.31553289235447707,0
1055,0,0.5797052270767363,1,0,0.42384806920771395,0,1,0.7445102647816826,1,0,0.31329375088501504,0,0,0.22012590670439447,0,0,0.3256228325880102,0
1056,0,0.359049688976065,0,0,0.49828840677184566,1,0,0.2315921880243578,0,1,0.4178677411134536,0,0,0.2891178715333868,0,0,0.22937087061083716,0
1057,0,0.44081279959613684,0,0,0.23401189693290012,0,0,0.20693454140137577,0,0,0.23545790207280995,0,0,0.17732269340180556,0,1,0.6137352006101416,1
1058,1,0.5777225806009679,1,1,0.40081897027357266,0,0,0.3286693756590696,0,0,0.4115915389312404,0,0,0.32326320568400974,0,1,0.29758488592834725,0
1059,0,0.3373812706279796,0,0,0.47580774168475226,1,0,0.22943820858808475,0,0,0.3452159130008203,0,0,0.18286096765713772,0,0,0.22940277244564333,0
1060,1,0.5852469031991893,1,1,0.2485292904155197,0,0,0.382286817977367,0,0,0.43231756640936697,0,0,0.2274755888236361,0,1,0.43804463520153547,0
1061,1,0.3604915001001612,0,1,0.3128019272547829,0,0,0.251612214300129,0,0,0.329730561472762,0,0,0.26947626276522085,0,0,0.25002576687636113,0
1062,0,0.4819508958544665,1,0,0.24029973436364382,0,0,0.2662909801693068,0,0,0.6040556582625649,1,0,0.3876309552698526,0,0,0.24587536657120102,0
1063,0,0.4452380489275026,0,0,0.21576997617502477,0,0,0.3790717069142821,0,1,0.6290421185723785,1,1,0.6263141969040853,1,0,0.3245269867208035,0
1064,1,0.5546326838290204,1,0,0.3186875485373123,0,0,0.24769427684885592,0,0,0.29647436893369694,0,1,0.5793919224417163,1,0,0.2941452639393876,0
1065,1,0.7270735454800892,1,1,0.7562239297521302,1,0,0.38994040400617613,0,0,0.37054506563917883,0,0,0.2888449840755449,0,0,0.2934856218961209,0
1066,0,0.4686639021177038,0,0,0.4528003540542834,1,0,0.3511323324023146,0,0,0.3274382081843409,0,0,0.15371689709466618,0,0,0.3618703455521942,0
1067,0,0.554241364827248,1,0,0.33255460795129355,0,0,0.2182850143494818,0,0,0.6112762557781392,1,0,0.33644320381220705,0,0,0.2734929814347667,0
1068,0,0.5924060558676376,1,0,0.3333512224270077,0,0,0.48767584998628766,1,0,0.4725794737242767,1,0,0.28491079734398067,0,0,0.33763208904708225,0
1069,1,0.6111286106796434,1,0,0.41217519506781997,0,0,0.20521270250005158,0,1,0.6848756574985974,1,0,0.21583323775475216,0,0,0.29579533763007376,0
1070,0,0.35241049606075664,0,1,0.30453890412812507,0,0,0.20725877955235225,0,0,0.3184743815406573,0,1,0.5691073902856754,1,0,0.2562327303554179,0
1071,1,0.4478608610556421,0,0,0.26460231241825943,0,0,0.37801951424515123,0,0,0.48379031117709725,1,0,0.22377609027276624,0,0,0.36364505468118596,0
1072,0,0.5213090727483162,1,0,0.2661897455487582,0,0,0.35447701263790626,0,1,0.6356680887002752,1,0,0.33570238835286326,0,1,0.3933177947900412,0
1073,1,0.5552654416110772,1,0,0.39682382014938045,0,0,0.37133847024689665,0,0,0.3607280992351865,0,0,0.2566229253353418,0,1,0.38318370061334317,0
1074,1,0.5274790798713044,1,0,0.2541797483460977,0,0,0.1865402055508407,0,1,0.54784462348686,1,0,0.21829005592354644,0,0,0.254669586607899,0
1075,0,0.3668797744727701,0,0,0.41895355143216034,0,0,0.2484232328696568,0,0,0.42841533946077903,0,0,0.3077714452516857,0,0,0.27903399183177147,0
1076,1,0.5774332024449064,1,1,0.6654186877582774,1,0,0.2986350516986429,0,0,0.48587036775409115,1,0,0.21641206914115257,0,0,0.23006051409429903,0
1077,1,0.7576751067010883,1,0,0.25008390409515097,0,1,0.8846960072180095,1,0,0.26477532393148506,0,0,0.291512701131112,0,0,0.2604062338651961,0
1078,0,0.46235052863398385,0,0,0.3983209883947483,0,0,0.36869130121677784,0,0,0.3410037020981548,0,0,0.22070203134832675,0,0,0.645288232013027,1
1079,1,0.5457929792266364,1,0,0.23537856583904573,0,1,0.7200392575511064,1,1,0.6717629094871248,1,1,0.49662007807498787,1,0,0.38252717239527406,0
1080,1,0.6986931862728978,1,0,0.36323880197737085,0,1,0.671678430382238,1,0,0.2528266998672579,0,0,0.3314799926421854,0,0,0.4563457698861228,1
1081,1,0.5666044608979817,1,0,0.2825113893113737,0,0,0.3940954704116986,0,1,0.4373833824294394,0,1,0.4966153891899879,1,0,0.27065150055685033,0
1082,0,0.4226503197213438,0,0,0.2535765874793369,0,0,0.19309022926251423,0,0,0.27513756011729446,0,0,0.25512121056563763,0,0,0.25728397571177364,0
1083,1,0.3521236390662498,0,1,0.4047131466749977,0,0,0.14774393766808055,0,0,0.21802682516879202,0,1,0.28018476786331153,0,0,0.21175118171366208,0
1084,0,0.3581861765348805,0,0,0.6217372480159653,1,0,0.2793663862068897,0,0,0.3036165392765616,0,0,0.16829273147646934,0,0,0.20167322685974692,0
1085,0,0.36688280020321873,0,0,0.37693153330844087,0,0,0.22582912148697112,0,1,0.44503996631444764,1,0,0.1669529244493657,0,0,0.30101237609685466,0
1086,1,0.4765667848798374,1,1,0.5835765412218241,1,0,0.3647293185697365,0,0,0.3292950773702126,0,0,0.21556096828392082,0,1,0.4807469469124814,1
1087,1,0.6787647517197478,1,0,0.2948808076583915,0,1,0.5850215644245809,1,0,0.2732776396261344,0,0,0.21591978912454013,0,0,0.30623487564838264,0
1088,1,0.6443455838025094,1,1,0.6027453743628269,1,0,0.31407895543915504,0,0,0.37017058428090044,0,0,0.23390877069239263,0,0,0.4672367272571694,1
1089,0,0.551749706027668,1,0,0.5032522483863113,1,0,0.3009965423474246,0,1,0.47371959092871807,1,0,0.22219795935476225,0,1,0.3705710843172929,0
1090,0,0.36723226743211057,0,0,0.3699309674900763,0,0,0.32409786430616644,0,0,0.41001114360148816,0,0,0.24091057348136635,0,0,0.27022735181766877,0
1091,1,0.6030097123211056,1,1,0.5184332807671747,1,1,0.4862515734372168,1,0,0.4240620269515775,0,0,0.31458566299092,0,0,0.3148396914703784,0
1092,1,0.6691224390639751,1,1,0.7009821617854116,1,0,0.30644819023657494,0,1,0.2985905088541679,0,0,0.24928909223346732,0,0,0.3077482622594681,0
1093,0,0.403936841308734,0,1,0.6851720210627099,1,0,0.2961742216092738,0,0,0.33623711090487984,0,0,0.151389231749453,0,0,0.26387572085725725,0
1094,1,0.6827205136328516,1,0,0.26591437761212716,0,1,0.6303292435025712,1,1,0.5673721425533474,1,0,0.3220906654978468,0,0,0.2408247872307889,0
1095,0,0.5266093440544849,1,0,0.5187180876689863,1,0,0.23729238854292461,0,0,0.37161289528489067,0,0,0.34960912975253877,0,0,0.25051811675352975,0
1096,1,0.624868810420896,1,1,0.24198286759398238,0,1,0.6026679614562981,1,0,0.24425176447811256,0,0,0.28063437851817535,0,0,0.2923348583296275,0
1097,1,0.6214398623212185,1,0,0.25394632363207215,0,0,0.28705343274885337,0,0,0.35886379985528044,0,0,0.18108597751441705,0,0,0.5684506145214493,1
1098,0,0.449134728555775,0,0,0.294514124246764,0,0,0.3683140245277253,0,0,0.27459348319600907,0,0,0.2022848210604312,0,0,0.33724545416346774,0
1099,0,0.45663019027588936,0,0,0.2910530438975054,0,0,0.6624724174573652,1,0,0.25880026475047035,0,0,0.18245106244683107,0,0,0.6372629748670655,1
1100,1,0.6961710618157189,1,1,0.680560462003314,1,0,0.2879543321963676,0,0,0.2604256315824121,0,0,0.25309671049434357,0,0,0.3757390701009307,0
1101,1,0.681905602037713,1,1,0.6859878014541452,1,0,0.28663916961690666,0,0,0.4068075271806306,0,0,0.25626948377620556,0,0,0.3066472929874583,0
1102,0,0.4814457663657211,1,0,0.39404158555494645,0,0,0.42059780206483477,0,0,0.42359923466362215,0,0,0.26185377373084,0,1,0.507296663459774,1
1103,0,0.6379428511859694,1,0,0.35145882535539746,0,0,0.22625508236236444,0,0,0.4810364076386523,1,0,0.21449669864749427,0,0,0.46941959771646674,1
1104,1,0.53085849116389,1,0,0.259557083765828,0,0,0.21539398179945668,0,1,0.6253068713170077,1,0,0.18239120063293615,0,0,0.2692690057384221,0
1105,1,0.5131519160496063,1,0,0.6229918914327965,1,0,0.19406019831908658,0,0,0.41707121923868995,0,0,0.2099044017337263,0,1,0.32293814754981587,0
1106,1,0.7176609699440925,1,1,0.688148484813319,1,0,0.36895695521125027,0,0,0.2853554792548635,0,0,0.26227471046689543,0,0,0.4492000385632613,1
1107,1,0.7230521992288665,1,0,0.29164403219135077,0,0,0.48809592953226694,1,1,0.5807567120115877,1,1,0.37875990817150346,0,1,0.4062001851437643,0
1108,0,0.5156925846965292,1,0,0.5573407523248134,1,0,0.31125084021798116,0,0,0.2692962411665612,0,0,0.21519557738368358,0,0,0.18044722369936575,0
1109,1,0.45508769036156443,0,1,0.4756545291470736,1,0,0.1788450492527283,0,0,0.3546789615692984,0,0,0.22745083940767694,0,0,0.3811615253498096,0
1110,1,0.48886358874325764,1,1,0.47092653149039226,1,1,0.5909982891410757,1,0,0.3190434388575831,0,0,0.32624207507857605,0,0,0.3052131894751984,0
1111,1,0.5180897064450141,1,0,0.1796596698900586,0,0,0.2730492524058962,0,1,0.6305810073755259,1,0,0.23562167719019464,0,0,0.2647894375971059,0
1112,0,0.34909917035410604,0,0,0.2847495718159247,0,0,0.2790199132761673,0,0,0.3921960258263297,0,0,0.21223567743291724,0,0,0.21305500893809837,0
1113,1,0.6463316927215718,1,0,0.22843464029358956,0,0,0.247990980168856,0,1,0.3557603391298737,0,0,0.28633446413157493,0,1,0.5630479258800287,1
1114,0,0.44905150735998156,0,0,0.36890938568319953,0,0,0.32523888883007745,0,1,0.493676279752084,1,1,0.591208619266141,1,0,0.3362019560815251,0
1115,1,0.7151214638050395,1,1,0.6477184842649073,1,0,0.3639069632434911,0,0,0.2517894522623553,0,0,0.3532375350067684,0,0,0.31470461095645,0
1116,0,0.480917792364462,1,0,0.26748727832596064,0,1,0.5631411465667647,1,0,0.3899809090519355,0,0,0.2057057752291916,0,0,0.19105968507973278,0
1117,1,0.5522608354837925,1,0,0.40319331111179396,0,1,0.2986653212339071,0,0,0.4701869823496091,1,0,0.3247174045368984,0,0,0.29263581919768983,0
1118,0,0.36925723769265756,0,0,0.34960111066166627,0,0,0.22525071667896648,0,0,0.5499926322221474,1,0,0.2559148662435459,0,0,0.25906162396821425,0
1119,1,0.533149110939168,1,1,0.5076691809075882,1,1,0.30768362109433883,0,1,0.34052106864923926,0,0,0.1946422668770243,0,0,0.4432554813345045,1
1120,1,0.5525738436384167,1,1,0.5125016162813205,1,0,0.35309304074351966,0,1,0.4223618365034507,0,0,0.21309793900466434,0,0,0.38271904728482276,0
1121,1,0.5412759993925061,1,0,0.43673450243256573,1,1,0.6448932673327923,1,0,0.3623960308805992,0,0,0.19322613294804097,0,0,0.4051941372926052,0
1122,1,0.5611357995740914,1,0,0.2969234469878114,0,1,0.2582647355298328,0,0,0.4022745698560497,0,1,0.58494976265453,1,0,0.2823179636313676,0
1123,1,0.4905024057411278,1,0,0.30654568018601697,0,0,0.2810748718944051,0,1,0.5119626291070456,1,0,0.24520680828390848,0,0,0.2847724093539872,0
1124,1,0.8637605890485244,1,1,0.9096550731219047,1,1,0.707556990579942,1,0,0.20624441289385242,0,0,0.24014732976606584,0,0,0.21124708459170832,0
1125,1,0.46991031286477286,0,1,0.49351492489740373,1,0,0.2808286739222658,0,1,0.32873480640136066,0,1,0.3130845596638584,0,0,0.2339833300428018,0
1126,0,0.5244595101141264,1,0,0.2815885729581918,0,0,0.20626059721432033,0,0,0.30990460602390535,0,0,0.314704097212364,0,0,0.34699991029096333,0
1127,0,0.4197463817014172,0,0,0.3291427471511289,0,0,0.34712700046539474,0,0,0.3265482533214444,0,0,0.23660520401954901,0,1,0.6897157666898122,1
1128,0,0.49417712398373154,1,0,0.35702948889265346,0,0,0.3595270663655126,0,1,0.3689742165827569,0,0,0.40077149392433575,0,0,0.2925226729769494,0
1129,1,0.5660201393414387,1,1,0.6215103921788768,1,0,0.3899659158961464,0,0,0.32034650872551784,0,0,0.246061581295467,0,0,0.3970893157807159,0
1130,1,0.5564730116123378,1,0,0.34198818127231967,0,0,0.17830261457574276,0,1,0.6871941569691609,1,0,0.2212951844767873,0,0,0.2599143281935472,0
1131,1,0.5250940187391013,1,0,0.42497598853166685,0,0,0.35936025940363264,0,0,0.4839725815039905,1,1,0.5908386721192929,1,1,0.28917078526487844,0
1132,0,0.5509004430741027,1,0,0.3220732820902276,0,0,0.22206175312532248,0,0,0.5823017306198008,1,0,0.26954340488732564,0,0,0.28194341000523543,0
1133,1,0.40361884959728295,0,1,0.2910460081427381,0,1,0.6371917244873234,1,0,0.3504201057819836,0,0,0.2771127807726156,0,0,0.3644626529651239,0
1134,1,0.5088910487841377,1,1,0.40573156708623836,0,1,0.28447021431830183,0,1,0.2963537863807315,0,0,0.132971421727772,0,1,0.6638682477517756,1
1135,1,0.5603696330865716,1,0,0.31999075587925296,0,0,0.3060137363104755,0,1,0.37577848073829406,0,1,0.7219650098329626,1,0,0.26168030696777345,0
1136,1,0.543762101792111,1,0,0.29141236262055425,0,1,0.5584304369709697,1,1,0.5301116333145097,1,0,0.4080802461438401,0,0,0.33324771051011043,0
1137,1,0.481081245707592,1,1,0.5330585224238457,1,0,0.15934001846341417,0,0,0.27611716421278765,0,0,0.15316533202715565,0,1,0.5520984917604794,1
1138,1,0.6329187955424413,1,0,0.339630285955715,0,0,0.5426528189364889,1,0,0.30653082194191683,0,0,0.3006313184426321,0,0,0.40977562990455757,0
1139,1,0.7806779694223146,1,1,0.6738951437564652,1,0,0.28875581793026167,0,1,0.4451097267535384,1,0,0.3231393212859541,0,0,0.4386112226356844,0
1140,1,0.664996785639571,1,1,0.7430689891768564,1,0,0.3538562607069105,0,0,0.3211935558890476,0,0,0.21629801171328086,0,0,0.31207232189014017,0
1141,1,0.545342574684329,1,1,0.3826412727608624,0,1,0.7856021352804912,1,0,0.2848141261545478,0,0,0.22937964245649078,0,0,0.4070205977190364,0
1142,1,0.4615035047825338,0,1,0.6629763159533222,1,0,0.29699588032168833,0,1,0.2902026236831125,0,0,0.1964756407386292,0,1,0.30360765546273805,0
1143,0,0.3841663256882086,0,0,0.3553020972518879,0,0,0.2885040882786701,0,0,0.29675693688766297,0,0,0.25199159016791617,0,0,0.3253747613134576,0
1144,1,0.5188131080685168,1,0,0.2106139612559254,0,0,0.21359339569661986,0,1,0.5166034746641505,1,0,0.18228422928497443,0,0,0.25537742937230595,0
1145,1,0.37974146103158174,0,0,0.3099447521177628,0,0,0.3299338434480597,0,1,0.5609612662609061,1,0,0.2096796665431197,0,0,0.2844020982242292,0
1146,0,0.5285419883887419,1,1,0.4929179880623928,1,1,0.6327739062541926,1,0,0.42575477477760565,0,0,0.25655010568766917,0,0,0.4489847254086504,1
1147,1,0.40487471734408603,0,0,0.39691561264282,0,1,0.49672432748333445,1,0,0.271205617640649,0,0,0.25346224954651403,0,1,0.39781436831138856,0
1148,0,0.4460871993903866,0,0,0.3739237232670526,0,0,0.2946092249782588,0,1,0.22992204581809286,0,0,0.18775307481294964,0,0,0.5153493065915481,1
1149,1,0.5966677856170639,1,0,0.3071813229898487,0,0,0.24461304873161438,0,0,0.32874921967857573,0,0,0.30783740856779773,0,0,0.3998320426937388,0
1150,0,0.46455391468160184,0,0,0.30217154661985857,0,0,0.33066502868463665,0,0,0.2982362895808075,0,0,0.4148453561352754,0,1,0.532541238427163,1
1151,1,0.47217363988567446,1,1,0.38640865496350035,0,0,0.3252534230160465,0,0,0.3559510242239371,0,0,0.32753599870433514,0,0,0.3622443037295504,0
1152,0,0.573231564056042,1,0,0.4528997195868118,1,1,0.5410705635140004,1,0,0.31378727355093705,0,0,0.2520596676616253,0,0,0.2518915343303761,0
1153,1,0.7861115043870217,1,1,0.7456103437141072,1,0,0.32588855302779796,0,0,0.3254099296649247,0,0,0.1383239965337823,0,0,0.34818128635631124,0
1154,0,0.4343935189652367,0,0,0.5445618701376734,1,0,0.4439335509690992,0,0,0.33846591086602473,0,0,0.15588332013199085,0,0,0.3367977371844438,0
1155,0,0.5014644859218421,1,0,0.44631347645335834,1,0,0.40490111722200306,0,0,0.20845957130781237,0,0,0.11145203515632116,0,0,0.5894420830502606,1
1156,0,0.48569083443877287,1,0,0.3160812161838321,0,0,0.2594425186314217,0,0,0.4213442999228299,0,0,0.25396748620665166,0,0,0.35484133048516775,0
1157,1,0.37276453280814287,0,1,0.5417115820413237,1,1,0.17426728371285474,0,0,0.3207140649041299,0,0,0.2085076623232647,0,0,0.22108568700924955,0
1158,0,0.43724078106974623,0,0,0.3120486321785938,0,0,0.3105961906600469,0,0,0.34710008294907974,0,0,0.24288568344639724,0,0,0.316403805662727,0
1159,1,0.7110164825930034,1,1,0.717680786332083,1,1,0.5560817938734133,1,1,0.32894540585694315,0,0,0.2279088526283817,0,0,0.45659042579722575,1
1160,1,0.5146930206748885,1,1,0.3016171982759609,0,0,0.10307077169644739,0,0,0.5455111915201951,1,0,0.13214941387256635,0,0,0.2952626610914591,0
1161,1,0.5964648939796093,1,0,0.4763023857956504,1,1,0.48869386768530726,1,0,0.39445641779450547,0,0,0.24453869313340723,0,0,0.2004945453578792,0
1162,1,0.6250638465415996,1,0,0.3329794169463758,0,1,0.6420729802201921,1,0,0.38254418420200986,0,0,0.26078503057788255,0,0,0.4589099345476409,1
1163,1,0.6070288735164066,1,0,0.302603228958105,0,1,0.3978053020411666,0,0,0.34398665651835986,0,0,0.18664774257076738,0,1,0.619374441330683,1
1164,0,0.40775088728703046,0,0,0.34158026144064213,0,0,0.2646263219048608,0,0,0.3902711292386474,0,0,0.2580732180276184,0,1,0.6681893831754976,1
1165,0,0.41551223897755024,0,0,0.31259114725441783,0,1,0.5904653891340287,1,0,0.30230525045681333,0,0,0.22132993217032867,0,0,0.32174691538392314,0
1166,1,0.6114127753627051,1,1,0.7187017257305758,1,0,0.3331461058444233,0,0,0.3140552309190735,0,0,0.2240674865026727,0,0,0.29426793944443663,0
1167,0,0.45033587012194776,0,0,0.2629002159041361,0,0,0.2721718112551143,0,0,0.4546037226965381,1,0,0.23212122749049643,0,0,0.39220056255056257,0
1168,0,0.38104337628557616,0,0,0.2882328803388608,0,0,0.34604042052608697,0,0,0.33543828646778334,0,0,0.5271182690546788,1,0,0.3316596370473973,0
1169,1,0.5106961313967114,1,0,0.34582820438736434,0,1,0.4809336640011102,1,0,0.3875186835109343,0,0,0.2635354365782369,0,1,0.3284823609081784,0
1170,0,0.4046265293741879,0,1,0.5236166898120678,1,0,0.29947593459825406,0,0,0.43308650996646586,0,0,0.2387766460606693,0,0,0.33380209941577166,0
1171,1,0.5343058561092572,1,1,0.6357105516764081,1,0,0.25116928386009263,0,0,0.39597034728447994,0,0,0.3224389947590996,0,0,0.4167644697153778,0
1172,1,0.5218297830356576,1,1,0.7979753853407974,1,0,0.25361064360420926,0,0,0.3295713559786284,0,0,0.2924469373027388,0,0,0.42064371215582336,0
1173,0,0.38800236912016717,0,0,0.3151019193337128,0,0,0.33718852575831443,0,1,0.38610023147510153,0,0,0.23806296733704518,0,0,0.3366986019770308,0
1174,1,0.4568564758165235,0,0,0.2612907016620758,0,0,0.31211765455184265,0,0,0.29313832806053036,0,0,0.22180359945983213,0,0,0.25877505314766425,0
1175,1,0.7309539134411771,1,1,0.2776516143112984,0,0,0.6108329538227922,1,0,0.28596395697974375,0,0,0.30335616164491497,0,0,0.28114396259767277,0
1176,1,0.6099089119489192,1,0,0.34615432096047377,0,1,0.6144940887249793,1,0,0.4593197426395627,1,0,0.36376886856412005,0,0,0.2307209907464763,0
1177,0,0.46257666116151647,0,0,0.37393583568029193,0,0,0.27383746849972446,0,0,0.3242445413403665,0,0,0.15124428638992807,0,0,0.7662231380658885,1
1178,1,0.4734182442016336,1,1,0.38824062975373363,0,0,0.24583315877417122,0,1,0.5115427048596902,1,1,0.5097648966968159,1,0,0.36354855953843784,0
1179,0,0.4440966683188208,0,0,0.3180745942163728,0,0,0.22880908551535029,0,0,0.28589912126298433,0,0,0.2554824089250028,0,1,0.5726746518756043,1
1180,0,0.42429590939210143,0,0,0.3071584770059662,0,0,0.26988487744239814,0,1,0.4176865985786949,0,0,0.30684782840873637,0,0,0.323320044757347,0
1181,0,0.33432498047657017,0,0,0.23912651225307333,0,0,0.3029798225774635,0,0,0.3280832932612604,0,0,0.29236558405486357,0,0,0.26459091867028245,0
1182,0,0.6511425027323154,1,0,0.3175932882924533,0,1,0.6659177541366693,1,0,0.3568616892594637,0,0,0.2557022401981119,0,0,0.36284770899124397,0
1183,0,0.49760516748434863,1,0,0.25930001285472937,0,0,0.46117624302075294,1,0,0.48161307134844217,1,0,0.311977917215359,0,0,0.3898840679997001,0
1184,0,0.4846428396950472,1,1,0.35758032778047144,0,0,0.31170587319843,0,1,0.4758088219256035,1,0,0.32300607624466954,0,0,0.27386071139577106,0
1185,1,0.6985681374864504,1,0,0.283467354980509,0,1,0.8133210074864261,1,0,0.41870142276883854,0,0,0.21982349300426202,0,0,0.31159429108599473,0
1186,1,0.5241158422806668,1,1,0.4291550360414503,0,0,0.3480019095234189,0,1,0.448164965250771,1,0,0.27542433250835824,0,0,0.4644611409524846,1
1187,0,0.460668639499714,0,0,0.3732746129470147,0,0,0.3188532315654728,0,0,0.36720319693167947,0,0,0.2564027200085889,0,0,0.2799450748409529,0
1188,0,0.38716084236619364,0,1,0.3462620985199043,0,0,0.26796367416185374,0,1,0.3086180785435782,0,0,0.27787039800081437,0,0,0.33827374326461146,0
1189,1,0.5614831860302555,1,0,0.40749699988603066,0,0,0.7228755979377449,1,0,0.2547083159157572,0,0,0.22785315428596023,0,1,0.3932604830372524,0
1190,1,0.5597776472340625,1,0,0.4188352108775869,0,1,0.6120845635734464,1,0,0.39624813853754043,0,0,0.17817506260873636,0,1,0.44103686750377497,1
1191,1,0.6820272965534063,1,0,0.30912337643215326,0,0,0.24082435090553495,0,0,0.33559011947812994,0,0,0.26541506755851846,0,0,0.3901213717857753,0
1192,1,0.5225789016520827,1,1,0.4589732994340601,1,1,0.42761309584025653,0,0,0.2912836913615378,0,0,0.15931223470503825,0,0,0.20259539282644304,0
1193,1,0.4226503197213438,0,0,0.25807424794634626,0,0,0.21312764997044084,0,0,0.2679141093635313,0,0,0.23207742178521198,0,0,0.25728397571177364,0
1194,1,0.39561594041697484,0,0,0.28827708757075093,0,0,0.2943342557656805,0,0,0.6339746290088981,1,0,0.2518930855126626,0,0,0.24952819862766035,0
1195,0,0.42581902997955945,0,0,0.29981897792035384,0,0,0.21301022411199655,0,0,0.30894444536242005,0,0,0.17030617577584883,0,1,0.6190888552074834,1
1196,0,0.3536833360063666,0,0,0.45560868217240535,1,0,0.21953169957380372,0,0,0.32253466996108665,0,0,0.1718398288463756,0,0,0.2560479410891195,0
1197,1,0.5091254455744624,1,1,0.5452292952961297,1,0,0.260629852575471,0,0,0.3600894341036164,0,0,0.21655950697836712,0,1,0.3995070438454346,0
1198,0,0.5477521331376713,1,0,0.36126086089138554,0,0,0.3999420364096482,0,0,0.3357679268299256,0,0,0.19195760403331472,0,0,0.6088413042345053,1
1199,1,0.8734574785651351,1,1,0.32654182579277075,0,1,0.621489355153233,1,1,0.4034279579111262,0,1,0.6051996267557086,1,1,0.45596270229680125,1
1200,1,0.6284251383157361,1,0,0.26352087455479284,0,0,0.27985706058309767,0,0,0.39218171562531906,0,0,0.24877537529276642,0,0,0.5569471219306089,1
1201,1,0.36826763853608574,0,0,0.19870840683540372,0,0,0.1955616012058245,0,1,0.5090349121555316,1,1,0.4804882591891614,1,0,0.25591958285533317,0
1202,1,0.7912395596865,1,1,0.5934282354793178,1,1,0.5547096630001829,1,0,0.25209984957644177,0,0,0.32801597433292146,0,0,0.22149068607664057,0
1203,1,0.5474621194514384,1,1,0.6756654318826354,1,1,0.47830144456994766,1,0,0.3181188933337097,0,0,0.14787507843315456,0,0,0.3053310999523795,0
1204,1,0.8054816446848193,1,0,0.31726307433079537,0,1,0.7176010889326826,1,0,0.3744981086413419,0,0,0.25899681235239025,0,0,0.3094316648126899,0
1205,1,0.504334294999974,1,0,0.3356364369488875,0,0,0.331063906193045,0,1,0.5141373657499565,1,0,0.25956226380146163,0,0,0.3505065669203339,0
1206,1,0.5797461505922016,1,0,0.3160101276911832,0,0,0.2612507087195236,0,0,0.47292251849506395,1,1,0.7781280371424604,1,0,0.3363916565639932,0
1207,1,0.40391798953527785,0,0,0.3196288166062317,0,1,0.29672805335416863,0,1,0.338443278378215,0,0,0.24520680828390848,0,0,0.29019858107265406,0
1208,1,0.5394793895985115,1,0,0.3086828580478742,0,0,0.2967674682627876,0,0,0.3621044068596032,0,1,0.6737099290901895,1,0,0.2789777565753536,0
1209,1,0.7137724301120872,1,0,0.258903114406965,0,1,0.5712642647069864,1,0,0.3779695901555472,0,0,0.27236799076873325,0,0,0.38857102982379593,0
1210,1,0.3339274591794878,0,1,0.4563013291694506,1,0,0.20394617361209183,0,1,0.4434341032104515,1,0,0.2917888766732765,0,0,0.2157996712296362,0
1211,1,0.5946272439094057,1,0,0.313182344494873,0,1,0.800155969772952,1,0,0.45212772545477786,1,0,0.3187633074570589,0,0,0.33659214295810913,0
1212,1,0.45721692454272417,0,0,0.24796527256218595,0,0,0.39017940802463524,0,1,0.5999545555987171,1,0,0.18593653899476723,0,1,0.4538459110195221,1
1213,1,0.5146998214311784,1,0,0.3868298252024711,0,0,0.5813966641734838,1,0,0.29227456919681444,0,0,0.30399008385554405,0,1,0.6448662114022203,1
1214,1,0.652966538070407,1,0,0.32517873533804503,0,0,0.23743216921737295,0,0,0.3252461739450967,0,0,0.3013498916550135,0,0,0.4023875951502458,0
1215,0,0.36169211234506604,0,0,0.4645454940472459,1,0,0.2152260376255793,0,0,0.2576672575342854,0,0,0.2371537688258173,0,0,0.16872321784521127,0
1216,0,0.446012516332168,0,0,0.4949879031252499,1,0,0.3009713311180728,0,0,0.3543315245225276,0,0,0.10702402544005032,0,0,0.5404350791390097,1
1217,0,0.5073617227576173,1,0,0.4467361955494472,1,0,0.28484163578316674,0,0,0.2723343626497475,0,0,0.22753080461284064,0,0,0.3388094287577275,0
1218,1,0.5398137979632368,1,1,0.3576279100730034,0,0,0.19137735125484767,0,1,0.7538760062135266,1,0,0.29783543822224734,0,0,0.28931578867319724,0
1219,1,0.6804460920822134,1,1,0.6487904769159223,1,0,0.3291145899204994,0,0,0.3941371813890564,0,0,0.28475066779048774,0,0,0.3770803703143485,0
1220,1,0.6666703324528088,1,0,0.19475541985396413,0,0,0.25763672206891386,0,0,0.39430745004585005,0,0,0.2908181388476895,0,1,0.5178888356184312,1
1221,1,0.45723720975697263,0,0,0.3844550889597372,0,0,0.2844375907099003,0,0,0.38640606767651087,0,0,0.4459526517434787,1,0,0.3268657866893443,0
1222,1,0.4683637428170938,0,1,0.60455219890998,1,0,0.3078839083305112,0,0,0.33699130367816676,0,0,0.19341568286866656,0,0,0.45154523524234735,1
1223,1,0.6706194194497397,1,1,0.6891972649989643,1,0,0.3098277384321933,0,0,0.3905683190664301,0,0,0.18691338374179844,0,0,0.5677795898735648,1
1224,0,0.4307164690412443,0,0,0.2132165079641319,0,0,0.3400792538963252,0,0,0.3726378287946723,0,0,0.5176969168829059,1,0,0.2760170167144762,0
1225,0,0.7844687922259106,1,1,0.8444161049848036,1,0,0.5422897606111513,1,0,0.18754365002201628,0,0,0.14708182988791524,0,0,0.11479819062797458,0
1226,1,0.6652916378851548,1,1,0.6896922839953978,1,0,0.2869981224248243,0,0,0.33250258705142427,0,0,0.3209802123011681,0,0,0.26692193897423844,0
1227,1,0.4487199555424406,0,0,0.2712765679672242,0,0,0.27670993883056155,0,1,0.3288467247601784,0,0,0.3121432623482715,0,1,0.5192276135173959,1
1228,1,0.7402110013580528,1,0,0.3779802962212648,0,0,0.26712274513598727,0,0,0.3674877500432027,0,0,0.34256337210622695,0,1,0.6139466276840148,1
1229,1,0.4595384020027206,0,0,0.4058838910403538,0,1,0.494097626614428,1,0,0.3944504010422512,0,0,0.27987812054487604,0,0,0.4459719177265839,1
1230,1,0.49068275234709563,1,0,0.37035800510004885,0,0,0.3475052775462104,0,0,0.3794121109829095,0,1,0.2878812024164787,0,0,0.30464517672677494,0
1231,1,0.46879947377245595,0,1,0.4875868625294024,1,1,0.25374818257631,0,0,0.29655436031632354,0,0,0.22708387620277573,0,0,0.2827169280424786,0
1232,1,0.5920112416507611,1,0,0.2477767686181223,0,0,0.27154807941481124,0,0,0.3300503604319547,0,1,0.2665006543514529,0,1,0.5029651752059805,1
1233,1,0.7845833614258102,1,1,0.7313697234730221,1,0,0.4671829808435392,1,0,0.38323784911916436,0,0,0.21273275374532924,0,0,0.43423471017499976,0
1234,0,0.49625452920347823,1,0,0.3671125867114297,0,0,0.28165516441707583,0,0,0.35973022633282353,0,0,0.36694043325338127,0,0,0.2819460970821222,0
1235,1,0.5137683022898607,1,0,0.2974988749831373,0,1,0.43241265645769644,0,0,0.35556018554939633,0,0,0.18648904332394786,0,0,0.32402033081131437,0
1236,1,0.6476863570034868,1,0,0.34280832739187095,0,1,0.6793013684692698,1,0,0.4379279185242955,0,0,0.24770652916985808,0,0,0.3177465706810365,0
1237,1,0.5019962208459451,1,0,0.29588673524069925,0,0,0.44015863840091185,0,0,0.6091862063546292,1,0,0.24589306799340038,0,0,0.2650679926075418,0
1238,1,0.6307214271006321,1,0,0.45024611648094304,1,0,0.19318669899681598,0,0,0.6277464523054207,1,0,0.38688477077590133,0,0,0.37311034057281195,0
1239,0,0.476894553844978,1,0,0.33971275224120934,0,0,0.2731528375766189,0,0,0.42121209813045557,0,0,0.2208290251376888,0,0,0.5233605439460507,1
1240,0,0.4561505553078171,0,1,0.6043901759603914,1,0,0.2707313222897897,0,0,0.2588243291529232,0,0,0.21117668204095125,0,0,0.3208352126017722,0
1241,0,0.4398334487262398,0,1,0.3299903918771364,0,0,0.21309211549763968,0,0,0.4008623411498423,0,0,0.3042374579470957,0,0,0.30748085600950154,0
1242,0,0.557821221343873,1,0,0.31731022415354315,0,1,0.6639360585757277,1,0,0.41175821080649444,0,0,0.2532689027254373,0,0,0.29229038303795707,0
1243,1,0.4399453523521818,0,1,0.3309509372500911,0,0,0.25897918923015223,0,0,0.39876342447564267,0,0,0.2867946400897755,0,0,0.2911322941595258,0
1244,1,0.42222786667267465,0,1,0.3385061740885504,0,1,0.4010350997600941,0,0,0.2869990279595995,0,0,0.2439205720847448,0,0,0.32346188954135596,0
1245,1,0.6214830235198976,1,0,0.3842308717748799,0,1,0.5851053299229056,1,0,0.2709655382252511,0,0,0.3114998011529075,0,0,0.2533947288608515,0
1246,1,0.4991264399966913,1,1,0.5201456861176808,1,0,0.1717446876901855,0,1,0.45333984332019595,1,0,0.19035358721534057,0,0,0.4063581622419309,0
1247,0,0.49731691844292525,1,0,0.2731780449611553,0,0,0.32469084977078644,0,0,0.38582254818106043,0,0,0.2464585441146726,0,0,0.32675786605461343,0
1248,0,0.5812713660881343,1,0,0.31573253139185703,0,0,0.49148233211909254,1,0,0.3296100760824625,0,0,0.20063267555836475,0,1,0.3607546086247764,0
1249,1,0.624742332412428,1,0,0.37445977275534903,0,0,0.2637409243758931,0,1,0.36839642973302245,0,1,0.4871191682909064,1,0,0.40835632693075474,0
1250,1,0.5801324680975729,1,0,0.460525343528821,1,1,0.5368026087770039,1,0,0.3179501026633652,0,0,0.22688660602581837,0,0,0.3068026234292386,0
1251,1,0.4898387629434746,1,0,0.3387106716569557,0,0,0.2922066238851498,0,1,0.5587375168717046,1,0,0.24520680828390848,0,0,0.30520036466320805,0
1252,0,0.586151849945951,1,1,0.7304402270097358,1,0,0.18250761807219765,0,0,0.24989434988685433,0,0,0.2517450868620514,0,0,0.26664499816645504,0
1253,0,0.4715406931148855,1,0,0.3387106716569557,0,0,0.2922066238851498,0,1,0.338443278378215,0,0,0.24520680828390848,0,0,0.29019858107265406,0
1254,1,0.5585359211518954,1,0,0.3050589321531401,0,0,0.28628710528928714,0,0,0.4071037219548024,0,1,0.5748524181315634,1,0,0.3505525914979932,0
1255,0,0.4316281634979933,0,0,0.35733293344228007,0,0,0.2945699926780379,0,0,0.31585341430732,0,0,0.2915752263925572,0,0,0.30645647440934026,0
1256,1,0.6064244424539273,1,0,0.29724694466389584,0,1,0.46960921999789373,1,1,0.5883031357711498,1,0,0.16343704021319774,0,0,0.2628746870506887,0
1257,0,0.45090157266903164,0,0,0.3211068886152119,0,0,0.2885573496765561,0,0,0.37385060036179124,0,0,0.3156877666467655,0,0,0.23764158487638468,0
1258,0,0.47875257993813153,1,0,0.36858208192576014,0,1,0.6759624606687065,1,0,0.2568624070070395,0,0,0.21935957837651013,0,0,0.39537748452216903,0
1259,1,0.694513271712359,1,0,0.7210707774647472,1,1,0.7211952537127817,1,0,0.2954045924882078,0,0,0.27429082889249407,0,0,0.37244325514800003,0
1260,0,0.45230666939678027,0,0,0.3616078700341623,0,0,0.35984924122901135,0,0,0.4005319925812663,0,0,0.3863671493059884,0,0,0.33025495756124423,0
1261,0,0.45263719954856685,0,0,0.3313697953618054,0,0,0.34638354307671804,0,0,0.4762349470171498,1,0,0.33733310518135945,0,0,0.3006382700002274,0
1262,0,0.522494035564654,1,0,0.39772628081935296,0,0,0.24370920630591086,0,0,0.33739389864477104,0,0,0.5435836771268963,1,0,0.4140341229588621,0
1263,0,0.46902718616232536,0,0,0.29232165490424705,0,0,0.23299155038847072,0,0,0.47773464175138036,1,0,0.6653420057425434,1,0,0.28554394394502725,0
1264,1,0.5472010854003997,1,1,0.5961341503510265,1,0,0.22886963564717372,0,0,0.23940274304343342,0,0,0.34102216253034057,0,0,0.36413137103041615,0
1265,0,0.6101136100659085,1,0,0.18156670123901877,0,0,0.40104388568568233,0,0,0.485531211890573,1,0,0.16542995397485394,0,0,0.5065897975732971,1
1266,1,0.5082560899964357,1,0,0.3930939305977623,0,0,0.42574064842517223,0,0,0.4826988702597151,1,0,0.34777056965191233,0,1,0.4605040996956072,1
1267,1,0.4192655009139385,0,1,0.49276486148270965,1,0,0.22566702021741775,0,1,0.3342239843124887,0,0,0.24388329102697143,0,0,0.38658672970771496,0
1268,1,0.48357890617838367,1,0,0.37864620994239556,0,1,0.36687870749610074,0,0,0.3554899363167791,0,0,0.23346607840078054,0,0,0.27366247771672675,0
1269,1,0.5530026172003039,1,0,0.4337810051908487,1,1,0.6961924711864736,1,0,0.4383688804766656,0,0,0.3419263912090761,0,0,0.31039069774003086,0
1270,0,0.34468774125270646,0,0,0.29321056316238714,0,0,0.20786860423160733,0,0,0.2972323468154942,0,0,0.557768405120304,1,0,0.22159539461307595,0
1271,1,0.590729708745667,1,1,0.549735694660935,1,0,0.2860044158525441,0,0,0.3771322278281361,0,0,0.31734013669127614,0,1,0.34958557427907105,0
1272,0,0.4290925191671009,0,0,0.45648691003566216,1,0,0.35865650005895905,0,0,0.34564616171773116,0,0,0.1992166164971762,0,0,0.33217925510373975,0
1273,0,0.4667971445656182,0,0,0.44257567624398164,1,0,0.24213807629219836,0,0,0.4238910341974208,0,0,0.32380407049877075,0,0,0.2529906950781938,0
1274,0,0.6181036038624934,1,0,0.31812692966116274,0,1,0.6583462597109806,1,0,0.3970620282751736,0,0,0.22035115768088245,0,0,0.25532077269689746,0
1275,0,0.31810300676595077,0,0,0.38571267752433014,0,0,0.21502262385612889,0,0,0.3113013963364762,0,0,0.16198761556738672,0,0,0.42294871636993386,0
1276,1,0.6179855340162145,1,1,0.8559059172869427,1,0,0.48743644267563296,1,0,0.26597460859585814,0,0,0.14119105913828883,0,1,0.1860602428218401,0
1277,1,0.8467968348503327,1,1,0.8961020072537674,1,0,0.7110281679794042,1,0,0.20349190261172412,0,1,0.34417184838970255,0,0,0.21124708459170832,0
1278,1,0.5805367030287094,1,0,0.2615595134379118,0,0,0.24488546258481148,0,1,0.3388337938637131,0,1,0.4453682550764244,1,1,0.5782298445521361,1
1279,0,0.5165080301642816,1,0,0.3409415515091906,0,0,0.29635684391140027,0,0,0.2730283030534054,0,0,0.2564409251886441,0,0,0.42310737504393137,0
1280,0,0.4538381565839564,0,0,0.24326365215646895,0,0,0.33521650492547406,0,0,0.5422042517251311,1,0,0.22694194601742868,0,0,0.3063545943622993,0
1281,1,0.3680807722161985,0,1,0.33852042210332345,0,0,0.2923521883521089,0,1,0.6177564266334843,1,0,0.31450040930121725,0,0,0.23649745464369815,0
1282,1,0.4986825149394076,1,1,0.37102705648073514,0,1,0.5941092721827226,1,0,0.40983483331565396,0,0,0.30862081563074933,0,0,0.2538281722305957,0
1283,0,0.6142769327310039,1,0,0.44989407329513553,1,0,0.5730877622017003,1,1,0.2924695474943213,0,0,0.2821219805361518,0,0,0.33493773271398014,0
1284,1,0.46821079577106367,0,0,0.2614629337259542,0,0,0.2891946598781421,0,1,0.48999532947804525,1,0,0.2421023182280136,0,0,0.3823643273697609,0
1285,0,0.3363325170020235,0,0,0.4437175548024711,1,0,0.2837947853496376,0,0,0.3443467511176607,0,0,0.41373325855933885,0,0,0.25614933662137584,0
1286,1,0.559640853424637,1,1,0.5549285416042444,1,0,0.128008325655063,0,1,0.42856457311567064,0,0,0.18167142226146027,0,0,0.5026776087617688,1
1287,0,0.5321334352319176,1,0,0.6609934707125826,1,0,0.24837339421502658,0,0,0.3064277496151413,0,0,0.22692830439727452,0,0,0.501118735378551,1
1288,0,0.46106061866722603,0,0,0.4804384709664049,1,0,0.3809620964863081,0,0,0.477295281015756,1,0,0.2245641682889309,0,0,0.3554911114647605,0
1289,0,0.37548469857245975,0,0,0.24178226794956462,0,0,0.31317302709918615,0,0,0.29781884147864907,0,1,0.5213033341065418,1,0,0.27042966901057536,0
1290,1,0.6278901120169775,1,0,0.3342543555870364,0,0,0.4317820345558014,0,1,0.5514515302510528,1,0,0.22909172759170054,0,0,0.2909379150870223,0
1291,1,0.48843205558898367,1,1,0.3781237311112419,0,0,0.3766669251744776,0,0,0.3435831184493036,0,0,0.22014765176912274,0,0,0.4413579283771149,1
1292,1,0.34167308894140513,0,1,0.3132257719474655,0,0,0.2610599524134706,0,0,0.31945996561964013,0,1,0.5733868159136473,1,0,0.19057195557440498,0
1293,1,0.619587186968259,1,0,0.29981340866751677,0,0,0.23933001850555216,0,0,0.36009315654520385,0,0,0.3504422236611661,0,1,0.603418053799958,1
1294,0,0.43074673245847755,0,0,0.4287992481795172,0,0,0.30158849040759156,0,0,0.3069234401772785,0,1,0.5148708441318788,1,0,0.2942159443815847,0
1295,0,0.4104824842225109,0,0,0.2686460818698159,0,0,0.4277636234875219,0,0,0.5594488952525231,1,0,0.1654289639798397,0,0,0.22873531779058665,0
1296,0,0.4351337362399697,0,0,0.4485438426694025,1,0,0.4030622754087106,0,0,0.32517562092534136,0,0,0.2043930431865818,0,0,0.21585469175272332,0
1297,1,0.4830736331713267,1,1,0.4308146682756368,1,0,0.3913828898801345,0,0,0.471373929478579,1,0,0.2551535137183546,0,0,0.3830928957036812,0
1298,1,0.4926596714530318,1,0,0.3330964000879141,0,1,0.5837327720028574,1,0,0.4916111508051871,1,0,0.21047916350130733,0,0,0.3275293297039589,0
1299,0,0.40710724762072564,0,0,0.24334628774970382,0,0,0.35582772755142095,0,1,0.6567685059695106,1,0,0.2352690758275251,0,0,0.3050864318439886,0
1300,0,0.5844021299742406,1,0,0.5590123927321464,1,0,0.5852243258504763,1,0,0.3963330065383742,0,0,0.23438131723977146,0,0,0.34991705836206444,0
1301,0,0.7160318411600389,1,0,0.26112248883168687,0,0,0.5999029654326201,1,0,0.28596395697974375,0,0,0.2480260509230214,0,0,0.2724470612796785,0
1302,0,0.5217116466486807,1,0,0.39788799579878736,0,0,0.1792503926525944,0,0,0.2750115740756438,0,0,0.26158189034295776,0,0,0.3144023129821792,0
1303,0,0.5327850375218799,1,0,0.2844080300780024,0,0,0.3425637895341868,0,1,0.49105114246314796,1,0,0.20281631443854198,0,0,0.6560927414258082,1
1304,1,0.7696021044551645,1,1,0.9384242885254425,1,1,0.6295492646810661,1,0,0.3270984011872032,0,0,0.24809856294783497,0,0,0.4148382516148665,0
1305,1,0.5542274393112876,1,0,0.24734543154816893,0,0,0.19804650847334324,0,1,0.5574370166597709,1,0,0.2118937144668787,0,0,0.25650134619686155,0
1306,1,0.4706491947139651,1,0,0.40209358283785285,0,1,0.36337107536103913,0,0,0.3482067439052177,0,0,0.2603499206699738,0,0,0.2712453741491408,0
1307,0,0.566076269978038,1,0,0.3586549969997722,0,1,0.628623237548984,1,0,0.33755114140513826,0,0,0.22686758719500105,0,0,0.3617354698177464,0
1308,1,0.5164449226498489,1,0,0.43806668832026935,1,0,0.33409609035699817,0,0,0.47218722914538735,1,0,0.17096641537295812,0,0,0.3076198691543134,0
1309,1,0.7148786493391583,1,1,0.7397049409557378,1,0,0.38380915373894964,0,0,0.40071596265527326,0,0,0.2685885779849009,0,0,0.31173577691006266,0
1310,0,0.3951996908875593,0,0,0.30216659878098423,0,0,0.26054920177576907,0,0,0.40357523337314943,0,0,0.2620128882472639,0,0,0.24487760244393972,0
1311,1,0.44086952260214746,0,0,0.3565841614074202,0,0,0.33035778890636097,0,1,0.46738250029223044,1,0,0.32518669161152447,0,0,0.31929370761898,0
1312,0,0.40351258482464814,0,0,0.2220238065119297,0,0,0.3034432070305363,0,0,0.5666255321824764,1,0,0.20144105641172863,0,0,0.36373620963888376,0
1313,1,0.5628755855857759,1,1,0.3241238601334622,0,1,0.4897829075235448,1,0,0.4188193267580474,0,0,0.3212878180674435,0,0,0.4928836055703547,1
1314,0,0.5051506857185881,1,0,0.5015274063503127,1,0,0.3003733063582323,0,0,0.30567520724725133,0,0,0.21833360486315895,0,0,0.3253178637863585,0
1315,1,0.4529941677347327,0,1,0.5712329606195097,1,0,0.21847405638360548,0,1,0.23754339115431264,0,0,0.16480191359328641,0,0,0.19223683581744733,0
1316,1,0.6588915359618039,1,0,0.3297714245273507,0,0,0.30702171475854967,0,0,0.37584238796015657,0,1,0.6032645879484548,1,0,0.24618205099985171,0
1317,1,0.4567236910105218,0,1,0.27971367349965254,0,1,0.3545669289259418,0,0,0.3472317166001586,0,0,0.253196511884568,0,0,0.29716129315669815,0
1318,0,0.4586259825231118,0,0,0.39182779850833016,0,0,0.3156090001539853,0,0,0.4483751572026208,1,0,0.31417326428469006,0,0,0.2762684236024093,0
1319,1,0.6384932243310864,1,0,0.4896896300730381,1,1,0.6372919493385685,1,0,0.2833858209201987,0,0,0.3366996557162648,0,0,0.3345588631629331,0
1320,0,0.4495148576438803,0,0,0.3833523636640826,0,0,0.3387592967090746,0,0,0.3640952098873683,0,0,0.27058214121919616,0,0,0.3153362486263823,0
1321,0,0.6872462401416041,1,0,0.38733847781375225,0,0,0.3534931865061183,0,0,0.4510340404433186,1,0,0.6286367351394442,1,0,0.2395865675866397,0
1322,0,0.5047480407263693,1,0,0.27581745020060616,0,0,0.37293918905262696,0,0,0.35551007995035067,0,0,0.28462063982760555,0,0,0.348078144362069,0
1323,1,0.577462490897154,1,0,0.40041622447279956,0,1,0.6159641493791057,1,0,0.3497042499202837,0,0,0.3474196215591463,0,0,0.34181611173485904,0
1324,1,0.3539315088324398,0,0,0.4204950161513087,0,0,0.3389059109651727,0,1,0.4325705337674418,0,0,0.2997629821075171,0,0,0.3209725799799327,0
1325,0,0.6668856675187139,1,0,0.712626515303306,1,0,0.3967461122191067,0,0,0.3400382658961205,0,0,0.26742202934606857,0,0,0.4127239692346086,0
1326,1,0.6603178699687728,1,0,0.35229077310830326,0,0,0.2892824756460065,0,1,0.4561733001190677,1,1,0.543118919258659,1,0,0.3452718038575537,0
1327,0,0.47024074450370884,1,0,0.34702217311056055,0,0,0.3632459413248669,0,0,0.3973254685924834,0,0,0.2164961546806266,0,0,0.2846032152480824,0
1328,1,0.762640531458776,1,1,0.6910491580068042,1,0,0.4811204264817527,1,0,0.3089129885265066,0,0,0.27408398521104427,0,0,0.47213518124126896,1
1329,1,0.4533964791974273,0,1,0.424142575549954,0,0,0.20972614239936832,0,0,0.346581453143915,0,0,0.23916559876944415,0,0,0.2912097943436773,0
1330,0,0.46539144432572876,0,1,0.5313968113788456,1,0,0.4988250358985497,1,0,0.40297754297654903,0,0,0.22853569761710565,0,1,0.5517628909838779,1
1331,0,0.3475087401364871,0,0,0.4760171585304279,1,0,0.2228788367288244,0,0,0.35788266949375014,0,0,0.169671185216593,0,0,0.20815068817290505,0
1332,1,0.412240778634989,0,0,0.3255208474756089,0,1,0.642352476048474,1,0,0.3504648408629375,0,0,0.25299877918434577,0,1,0.3365544187150272,0
1333,1,0.5273934715230804,1,0,0.24362542302577725,0,0,0.2032336822996084,0,1,0.5963434910008751,1,0,0.20797538266584936,0,0,0.24191958081379916,0
1334,0,0.3045780454310769,0,0,0.4112903832654178,0,0,0.37685645617111163,0,0,0.4125944755394171,0,0,0.225256055439372,0,0,0.3106601271676982,0
1335,1,0.6282552997920449,1,1,0.4015078078592093,0,0,0.29626484116896684,0,0,0.3792185307353721,0,0,0.31435514909107043,0,0,0.4122673635004619,0
1336,0,0.6715022389434093,1,0,0.5079456658673488,1,1,0.7081388805556209,1,0,0.35798560820407194,0,0,0.24673512248089885,0,0,0.2904571004686027,0
1337,1,0.5199566193153181,1,1,0.3405050671067182,0,1,0.6432457777155904,1,0,0.4257305934452383,0,0,0.22270516845743324,0,0,0.3557987308065962,0
1338,1,0.47918785411426923,1,1,0.33376540834715346,0,0,0.25638898592803677,0,0,0.49119554418080147,1,0,0.3204096432163247,0,1,0.35554169871072655,0
1339,0,0.6017538495303733,1,0,0.3144792309310655,0,0,0.6481881288511607,1,0,0.37087916704770313,0,0,0.1501101890609478,0,0,0.7442337118511165,1
1340,1,0.6701524766088999,1,0,0.3868222993660423,0,1,0.7624475564781628,1,0,0.4355228664466023,0,1,0.4603097355163092,1,0,0.38689631888667697,0
1341,0,0.48485136314634697,1,1,0.4333591444663966,1,0,0.34520572998589877,0,0,0.3137229420819164,0,0,0.17503962978493412,0,0,0.37152214723406984,0
1342,0,0.43424585242738784,0,0,0.3106304330938814,0,0,0.37619396358069246,0,0,0.3594728789507534,0,0,0.2268844841066738,0,0,0.4396120024365952,0
1343,0,0.48179477011544647,1,0,0.39426057138498194,0,0,0.28194546278950994,0,1,0.32736915506438885,0,0,0.27585050736565475,0,0,0.27261066294506636,0
1344,1,0.5773195337300115,1,1,0.5259200154459537,1,0,0.25628539124743804,0,0,0.3297467165420569,0,0,0.26930010237140073,0,1,0.4657776677262484,1
1345,0,0.5580288777657532,1,0,0.3976062832761149,0,0,0.2963316575953826,0,0,0.6022311635133009,1,0,0.3050980857153884,0,0,0.3723749579733478,0
1346,1,0.481545334909265,1,1,0.6027135274926245,1,0,0.25805168062234174,0,0,0.4232899680049614,0,0,0.19853067073339076,0,1,0.2883913357416243,0
1347,1,0.4404705850844726,0,0,0.38745925989754143,0,1,0.5347634329553367,1,0,0.34677930715704747,0,0,0.2587292869786056,0,0,0.26114520755047843,0
1348,1,0.6647255469181867,1,0,0.27295384613978513,0,0,0.2380403748635283,0,0,0.4315238383413475,0,0,0.3534879558275648,0,0,0.5794644043051589,1
1349,1,0.7604647636144185,1,0,0.28176969738588586,0,1,0.6198369068214435,1,0,0.26128181317082255,0,0,0.23347019881296233,0,0,0.3223590182616952,0
1350,1,0.7056334403993184,1,1,0.6994061466436339,1,0,0.25654902176559735,0,0,0.27020657509268003,0,0,0.25309671049434357,0,0,0.2853953184144105,0
1351,1,0.44102011868870006,0,0,0.308290127815713,0,1,0.5904130166620161,1,1,0.5276994238864836,1,0,0.1856902793384311,0,1,0.4761578650050574,1
1352,0,0.4564676686189708,0,0,0.24261143300910326,0,0,0.25394049553526765,0,0,0.28099501691191237,0,0,0.17352672292247365,0,0,0.24780854699643223,0
1353,1,0.451132974356344,0,0,0.38502864323641134,0,1,0.3895277203551639,0,0,0.37498128949859527,0,0,0.35632680091922597,0,0,0.4899728303900831,1
1354,1,0.5389260611955738,1,0,0.37243787962591046,0,0,0.2811140663901595,0,0,0.41886647641299574,0,0,0.31410943831044263,0,0,0.3900273461684454,0
1355,1,0.39010764674150933,0,1,0.4613062899662681,1,0,0.19751548320907383,0,1,0.3532042277573422,0,0,0.20229463121246474,0,0,0.15998142210633232,0
1356,0,0.5024430037894058,1,0,0.29131531924022497,0,0,0.39674459089439273,0,1,0.576118712731568,1,0,0.20388297449236256,0,0,0.3642114658921218,0
1357,1,0.4606678406090782,0,1,0.5370749032588665,1,0,0.3745447796404473,0,0,0.35829109970301337,0,0,0.3054856978109729,0,0,0.3283702375010697,0
1358,1,0.49786112284449363,1,0,0.4709134472115024,1,1,0.47021323068528986,1,0,0.5042393772651932,1,0,0.2534361383932951,0,0,0.41058107157835566,0
1359,0,0.4164151796298809,0,0,0.34086491492480864,0,0,0.35654867352147385,0,0,0.3827770056739049,0,0,0.40550073004312,0,0,0.25269533659592036,0
1360,1,0.5137606518730232,1,0,0.37091158289716103,0,1,0.31029620076027337,0,0,0.35974712470872977,0,0,0.19177947236234125,0,0,0.4149716989207674,0
1361,0,0.3956043174216281,0,0,0.26301688335287154,0,0,0.30631748827176836,0,1,0.6588047914640628,1,0,0.2551658557016335,0,0,0.4276620395274183,0
1362,1,0.5501625614406762,1,1,0.43065736361346857,1,1,0.6796658704316899,1,0,0.3249741934939515,0,1,0.22851771493364276,0,0,0.4694614844531755,1
1363,1,0.448952292063434,0,0,0.47881617319683417,1,0,0.2971908533643512,0,0,0.3432495561905424,0,0,0.21621492937458825,0,1,0.3899018172769573,0
1364,1,0.479255833947096,1,0,0.3256037896010532,0,0,0.3310060734663277,0,0,0.4483181916745091,1,0,0.3562841985889839,0,1,0.38879027969837043,0
1365,0,0.41536419776061834,0,0,0.35964503784144686,0,0,0.3378968561392353,0,0,0.31369165924444015,0,0,0.24469272201229308,0,0,0.29251118641035895,0
1366,0,0.37039137686681856,0,0,0.36586402793831924,0,0,0.23152573304053123,0,0,0.6424334727226545,1,0,0.21427832151106224,0,0,0.33079143556587864,0
1367,1,0.5131015537063766,1,1,0.6194221790416237,1,0,0.2487675017267487,0,0,0.3589751836973306,0,0,0.1292138367994815,0,0,0.23710732167892348,0
1368,0,0.47097175045849177,1,0,0.41729976782896916,0,0,0.3727690060740146,0,0,0.375287819494192,0,0,0.20604501510559067,0,0,0.3490216241938437,0
1369,1,0.5921884711377772,1,0,0.36458508970551934,0,1,0.3214023731366315,0,0,0.43259524044587566,0,0,0.24907104618983109,0,0,0.41141286900039753,0
1370,0,0.3447331530988938,0,0,0.46126032255880395,1,0,0.2640056186056502,0,0,0.2146226493947534,0,0,0.17244486515634536,0,0,0.2376746949125852,0
1371,0,0.37354588652544,0,0,0.24883658096565145,0,0,0.3423263153682441,0,0,0.2932012711539238,0,0,0.30623208987081635,0,0,0.6693401932927511,1
1372,0,0.5708075663309438,1,0,0.32419791525402586,0,0,0.22960712404860012,0,0,0.33500391490111625,0,0,0.2450904447136933,0,0,0.4390703584211631,0
1373,1,0.6461239559427084,1,0,0.22021494577399842,0,0,0.25539516360140496,0,0,0.5437113265688807,1,0,0.3752447145054662,0,0,0.49972633835318114,1
1374,1,0.6052657455491969,1,0,0.25020315714672703,0,1,0.652267953115292,1,0,0.3974198682647924,0,0,0.21375891653640097,0,0,0.3124571673870741,0
1375,0,0.3729254657604945,0,0,0.2883737383730943,0,0,0.2855621317724044,0,0,0.5688207813305409,1,0,0.3418219802865336,0,0,0.2708313951393148,0
1376,1,0.5692029436696073,1,1,0.6249906275518673,1,0,0.17978402126675924,0,0,0.1780584202220637,0,1,0.5483381961431556,1,0,0.2792908904836879,0
1377,1,0.8408737035494912,1,1,0.8856929635137891,1,0,0.2603961543648646,0,1,0.3738988543197202,0,0,0.22664626205820945,0,0,0.5053191158968442,1
1378,0,0.5099299358304201,1,0,0.3065335103871398,0,1,0.508446034576955,1,0,0.5517560867690314,1,0,0.21354854105458448,0,1,0.48315536482435034,1
1379,1,0.7326995967929167,1,1,0.567616270185168,1,0,0.37236933150961515,0,0,0.2399608926189065,0,0,0.2760797179900071,0,1,0.23588008754523312,0
1380,1,0.4217714801632629,0,0,0.3894681094588219,0,0,0.3083307316688405,0,1,0.3726625054528916,0,1,0.5119271076079942,1,0,0.23090823210283107,0
1381,1,0.44218272148349036,0,0,0.29507094188772537,0,0,0.25954725086617103,0,0,0.3271995902443009,0,0,0.203278312494701,0,1,0.6722868664727024,1
1382,0,0.3025108139848324,0,0,0.4625769620543279,1,0,0.2123828715731972,0,0,0.32877893903096117,0,0,0.169671185216593,0,0,0.20728622238939534,0
1383,1,0.5258268193380593,1,1,0.531790343250957,1,0,0.38505733623460714,0,0,0.4259199992927902,0,0,0.21741613224732173,0,0,0.45763207295572245,1
1384,0,0.4303035076406279,0,0,0.4812664465515909,1,0,0.2657712395349723,0,1,0.4522577768015052,1,0,0.3609410223637363,0,0,0.2658022995809094,0
1385,0,0.460668639499714,0,0,0.3732746129470147,0,0,0.3188532315654728,0,0,0.36720319693167947,0,0,0.2564027200085889,0,0,0.3136041235701043,0
1386,0,0.41026913781309166,0,0,0.29074767846391486,0,0,0.282353180138168,0,0,0.24709109183643463,0,0,0.2992207211961153,0,0,0.476140235091783,1
1387,1,0.424305854861734,0,1,0.5080047612499604,1,0,0.24909360230465652,0,1,0.5913867219646735,1,0,0.1921207450898409,0,0,0.21896631622261278,0
1388,1,0.42108016935855674,0,0,0.3196322824916945,0,0,0.2677441184352344,0,0,0.35214630043159567,0,0,0.1695719179384477,0,1,0.5697909335357104,1
1389,0,0.460668639499714,0,0,0.3732746129470147,0,0,0.3188532315654728,0,0,0.36720319693167947,0,0,0.2564027200085889,0,0,0.2799450748409529,0
1390,1,0.6981765740546545,1,0,0.41818479020769966,0,1,0.6497179639998032,1,0,0.3566689168901784,0,0,0.2582655634376524,0,0,0.2910578236215641,0
1391,1,0.5250652832709054,1,1,0.4944203042322789,1,1,0.4770475235572251,1,0,0.32899769363472375,0,0,0.22797376918487647,0,0,0.278514684415524,0
1392,1,0.5939988472681077,1,0,0.36010591207744513,0,0,0.34219692506151844,0,0,0.5194034336240148,1,0,0.5398259456764181,1,0,0.25517372887374995,0
1393,1,0.5779221639150922,1,0,0.2461018291225632,0,1,0.605840179023913,1,0,0.35029953540141034,0,0,0.19668798847096183,0,0,0.26863746960232526,0
1394,0,0.3884500454616395,0,0,0.48852554979742685,1,0,0.47610812188131424,1,0,0.2547406058609727,0,0,0.16690606847356182,0,0,0.3522965961060996,0
1395,1,0.48337905308381135,1,1,0.5584390102315905,1,0,0.2972310658346495,0,0,0.3702754925044943,0,0,0.2703109182449799,0,1,0.3706584395263841,0
1396,0,0.5053024684045476,1,0,0.3095853532048588,0,0,0.34965344730724895,0,0,0.618545553075142,1,0,0.290787509738129,0,0,0.35865772594048495,0
1397,1,0.49053149676273067,1,0,0.3818225257872373,0,1,0.5926980697613017,1,0,0.34158929671038274,0,0,0.2619414860210532,0,0,0.35128034539074976,0
1398,1,0.4715406931148855,1,1,0.33486493922483934,0,0,0.2922066238851498,0,1,0.338443278378215,0,0,0.27271439430406286,0,0,0.2970430061181033,0
1399,1,0.7037537438561433,1,1,0.7141816388485379,1,0,0.3671286939733098,0,0,0.2699111645239326,0,0,0.29741308730978816,0,1,0.32788959787099764,0
1400,0,0.48894773508125966,1,0,0.2584357960997645,0,0,0.4186514353538663,0,0,0.5065478635330298,1,0,0.21285677365200253,0,0,0.2843421046943901,0
1401,1,0.7449941235623064,1,0,0.38542226139225466,0,1,0.6976692894948539,1,0,0.38597628443328214,0,0,0.18885570299792964,0,0,0.3648449115259089,0
1402,1,0.3739536215335164,0,1,0.2990895781742701,0,0,0.1871851606221842,0,0,0.189449438670026,0,0,0.12094211572617682,0,0,0.21518734838942843,0
1403,1,0.5043149918855566,1,0,0.2803550862691467,0,0,0.32300756632783484,0,1,0.44766076539741617,1,0,0.24494370847173058,0,0,0.3095651628052467,0
1404,0,0.3475147153120862,0,0,0.25372411992756105,0,0,0.28557770268918387,0,0,0.6502288423908107,1,0,0.24452997156527884,0,0,0.29586079712514723,0
1405,1,0.7902273586913463,1,1,0.8565762993316681,1,1,0.6054928990662602,1,0,0.2844681174916068,0,0,0.20391432946682705,0,0,0.2886573269250923,0
1406,0,0.4642699388389241,0,0,0.33664276230194046,0,0,0.30248600725484687,0,0,0.3322850158030514,0,0,0.22688660602581837,0,0,0.2996762614136827,0
1407,1,0.4461573080036252,0,0,0.19527648835417136,0,1,0.5047306144895951,1,0,0.496304451068969,1,1,0.43713768913157103,1,0,0.3890382617234706,0
1408,1,0.652070413762807,1,1,0.6033060072073565,1,0,0.416651646242023,0,0,0.36479575717468493,0,0,0.21315754990511604,0,0,0.2955766113067396,0
1409,1,0.6672693865334856,1,0,0.27585641031327024,0,0,0.24082435090553495,0,1,0.3460550997484485,0,1,0.19651639391337455,0,0,0.4026234669546433,0
1410,1,0.664659262176509,1,0,0.2987795836687698,0,1,0.6465749415460377,1,0,0.40128267197085005,0,0,0.32437515012691637,0,0,0.32734959792585144,0
1411,1,0.5175456560764595,1,1,0.40584979139666355,0,1,0.2830889165173755,0,1,0.3607170476879068,0,0,0.22462343352592598,0,0,0.29421151157811976,0
1412,0,0.6830261350598982,1,0,0.3826449861765773,0,0,0.3104408346147134,0,0,0.43153876393983365,0,0,0.24677216587567435,0,0,0.5455603761493859,1
1413,0,0.4018924730286914,0,0,0.305405782883481,0,0,0.28651663701905467,0,0,0.39480753078857583,0,0,0.4436122060211619,1,0,0.3111008564121802,0
1414,1,0.6315205591416841,1,1,0.5873606843758763,1,0,0.4453575340760113,0,0,0.33254785554120614,0,0,0.2768177572833944,0,0,0.3696701118378638,0
1415,1,0.6464637462321164,1,0,0.539017187860046,1,0,0.32831655723090064,0,0,0.3811502125758083,0,0,0.2119570326008009,0,1,0.4200115090735045,0
1416,1,0.47397260980009615,1,1,0.413861597441843,0,0,0.3188532315654728,0,0,0.3983939456252384,0,0,0.2627515663436105,0,0,0.2799450748409529,0
1417,0,0.42732437492635156,0,0,0.32469897658050584,0,0,0.24591549668758025,0,0,0.2800831026697755,0,0,0.5355158311502939,1,0,0.2708630156879426,0
1418,1,0.40279774416447073,0,0,0.20643816460401648,0,0,0.1812072623214481,0,0,0.30193754468278844,0,0,0.19974235271560106,0,1,0.7600678162967919,1
1419,0,0.4267550394099725,0,0,0.525095607787872,1,0,0.2474666511571563,0,0,0.3453864019289122,0,0,0.32795276724632655,0,0,0.27087698775618313,0
1420,0,0.4706842875329075,1,1,0.26876598425023984,0,0,0.3466171071834136,0,0,0.3765646707480283,0,0,0.2866281032111034,0,0,0.45373153389396476,1
1421,0,0.4342637716165543,0,0,0.37760752558299726,0,0,0.3803450445270664,0,0,0.3759732736540722,0,0,0.28750648628199515,0,0,0.2799450748409529,0
1422,1,0.7168757129773438,1,1,0.7124519008511105,1,0,0.26295416805197447,0,0,0.28309070240839274,0,0,0.33088048900828765,0,0,0.2642984617076603,0
1423,1,0.5135241467975639,1,0,0.43665881067780343,1,1,0.605871368959716,1,0,0.33690896047006696,0,0,0.29955664630542805,0,0,0.40444034941670287,0
1424,1,0.563148429718196,1,0,0.3536310929136502,0,1,0.6259226924831114,1,0,0.4045964619935171,0,0,0.24874478580356751,0,0,0.25591031096887185,0
1425,1,0.5033194163039455,1,1,0.6658765444448419,1,0,0.3531620465410868,0,0,0.3750393969350317,0,0,0.23007052750847676,0,0,0.32590876696479365,0
1426,0,0.5047481355732631,1,0,0.4943757551777831,1,0,0.517751270581214,1,0,0.37023593642871033,0,0,0.35474089868949965,0,0,0.2604655985492101,0
1427,1,0.47518489621087345,1,0,0.2679951344327302,0,0,0.3298195671404353,0,0,0.30969445850244665,0,0,0.1682894629618173,0,1,0.5996412199397838,1
1428,1,0.6746192241949018,1,0,0.4461779362958921,1,1,0.604996351530817,1,0,0.28108045168339474,0,0,0.31126295032252466,0,0,0.3980780935451262,0
1429,0,0.43954795825697685,0,0,0.38042334829576097,0,0,0.4992522104470426,1,0,0.3604736959107215,0,0,0.26355082604951247,0,0,0.26250213865243816,0
1430,0,0.45915490319072116,0,0,0.29573835605335536,0,0,0.4000495135009945,0,0,0.404093946275733,0,0,0.28223358375614477,0,0,0.31873250809115417,0
1431,1,0.5027922358636129,1,0,0.25281567626786555,0,0,0.3294184942788986,0,0,0.28076473312179245,0,1,0.45893540472562255,1,0,0.28228415143472596,0
1432,0,0.36744078932171237,0,0,0.4247392850862657,0,0,0.25790352467585403,0,0,0.3695918620348237,0,0,0.2162286701593038,0,0,0.4551258955036092,1
1433,0,0.5271876148491681,1,0,0.302368065748499,0,1,0.6586931696524753,1,0,0.2859754758429454,0,0,0.20010123343378558,0,0,0.4312833232249047,0
1434,0,0.3641529623340139,0,0,0.38194959601684025,0,0,0.4300255943044065,0,0,0.42634478290935796,0,0,0.2880895932178351,0,0,0.5389763912108209,1
1435,1,0.7118628029841555,1,1,0.6700606211275624,1,1,0.6415097743495659,1,1,0.28424877568789475,0,0,0.20240948955683996,0,1,0.3437075487842586,0
1436,1,0.5619099474136835,1,1,0.5260009887514112,1,0,0.19446169946279715,0,0,0.3428092188671854,0,0,0.17076503354749437,0,1,0.3394895500307048,0
1437,1,0.4935780354091992,1,1,0.5901017592327631,1,0,0.44474522310282383,0,0,0.2851350078966959,0,0,0.16351975507095481,0,0,0.34993708586148803,0
1438,0,0.417976104909246,0,0,0.26011369497387843,0,0,0.26926155321422607,0,0,0.27280023969581685,0,0,0.15005491558502906,0,0,0.7972336614200048,1
1439,1,0.3349536355244745,0,0,0.37678398993323053,0,1,0.26065846745171956,0,0,0.5364554687021296,1,0,0.2611785984100527,0,0,0.21269696336428692,0
1440,0,0.5306250451093757,1,0,0.36115867526486733,0,0,0.3562382851630202,0,0,0.3509171256885527,0,0,0.2216677973878858,0,1,0.5118870251392018,1
1441,1,0.4691808283118602,0,0,0.2737700025617976,0,0,0.24560575124111084,0,0,0.34669641065888945,0,0,0.2574834084113599,0,0,0.27359462553698266,0
1442,0,0.4168282142343967,0,0,0.2474915786392418,0,0,0.2799143575627132,0,1,0.5549434612231345,1,0,0.27025507759184786,0,0,0.25738794775385937,0
1443,0,0.4562750397554432,0,0,0.3387106716569557,0,0,0.2922066238851498,0,0,0.338443278378215,0,0,0.317926104758838,0,0,0.28546091917282407,0
1444,0,0.44091362043931226,0,0,0.28644582700085003,0,0,0.3211145470251786,0,0,0.27564110676356035,0,0,0.23905081047187546,0,0,0.43722347466861117,0
1445,0,0.5422926172048615,1,0,0.37348385712267845,0,0,0.27339038092963,0,0,0.4677828547867194,1,0,0.2435197979550526,0,0,0.4126240722522947,0
1446,0,0.46111461156999717,0,0,0.22319878420337985,0,0,0.369599713472988,0,0,0.2502640737016709,0,0,0.21973974004741478,0,0,0.2949081942614767,0
1447,1,0.6591869318719598,1,1,0.689751836400176,1,0,0.2905690199272327,0,0,0.33942033039395453,0,0,0.21124223480142248,0,0,0.30674100212823086,0
1448,1,0.5804155017519418,1,0,0.32533479240748775,0,0,0.2912873084653251,0,0,0.2980368867189125,0,0,0.5644685631891646,1,0,0.42516161205955694,0
1449,1,0.4485143282418241,0,1,0.39404920332191806,0,0,0.3322370594795403,0,1,0.3968761760566329,0,0,0.3240208217145875,0,0,0.30686164049823006,0
1450,1,0.5816071299135862,1,0,0.37531503388371845,0,0,0.30058821893950455,0,0,0.3591184252219885,0,1,0.504235785580129,1,0,0.5289368821767674,1
1451,0,0.5149187386777779,1,1,0.5295032421822833,1,1,0.4712259126581308,1,0,0.37320783316082545,0,0,0.25862084373177147,0,0,0.23147531173255279,0
1452,0,0.5508630256405105,1,0,0.24714171877640906,0,0,0.19669721038666055,0,0,0.6363113878297812,1,0,0.26982325165245896,0,0,0.2565550455681491,0
1453,1,0.41897069721331,0,1,0.4390062405686482,1,0,0.16752322980580536,0,1,0.6221778708219883,1,0,0.15486774050309984,0,0,0.1948870953021491,0
1454,0,0.53085849116389,1,0,0.26279570995504703,0,0,0.21539398179945668,0,0,0.611351396325156,1,0,0.17498297248677303,0,0,0.287408859366027,0
1455,0,0.4437054458295611,0,0,0.4142019136913607,0,0,0.3358526171771365,0,0,0.34182325249069545,0,1,0.6110574682256537,1,0,0.2953996331600633,0
1456,0,0.4824030700041131,1,0,0.30500404718292623,0,0,0.6168760204639471,1,0,0.5148113219860867,1,0,0.29389462315002546,0,0,0.4098895539918614,0
1457,1,0.5930440666626028,1,0,0.4482475077674042,1,1,0.556954178725762,1,0,0.30229274580277193,0,1,0.45068152677771683,1,0,0.2613969896976393,0
1458,1,0.36560648391957257,0,1,0.4313626817978522,1,0,0.25527821195185185,0,1,0.4806627537191791,1,0,0.2161427711024862,0,0,0.23125569666244256,0
1459,0,0.38722131449814473,0,0,0.2863136723709918,0,0,0.2466451034737405,0,0,0.2572634892036696,0,0,0.44944918599460326,1,0,0.25222525230879433,0
1460,0,0.362079222057567,0,0,0.2860057554461946,0,0,0.2913762908098566,0,0,0.5991057702797831,1,0,0.1809040562186211,0,0,0.24697240181276697,0
1461,1,0.6814538672231276,1,0,0.31992417148481184,0,0,0.3554248543357585,0,0,0.4168138180515677,0,0,0.28386944479541354,0,1,0.6234973766735267,1
1462,0,0.5409718292322059,1,0,0.7135153171198362,1,0,0.2987252324971754,0,0,0.24936551651355268,0,0,0.18683612308014783,0,0,0.3304785498334202,0
1463,0,0.41790104625998353,0,1,0.4886623380715804,1,0,0.25719649381117005,0,1,0.25328810614891456,0,0,0.3791855628738499,0,0,0.27337440581991534,0
1464,1,0.55309371337048,1,0,0.2462867668543203,0,0,0.29638517962274474,0,1,0.6114149006138345,1,0,0.30407266404140876,0,0,0.3386470667501783,0
1465,0,0.46225981063308574,0,0,0.3868836594590305,0,0,0.3572508009448412,0,0,0.35846257784313934,0,0,0.2564027200085889,0,0,0.2967822358449339,0
1466,1,0.7286868846442063,1,1,0.5056058608783502,1,0,0.25536550046097545,0,1,0.434514831351653,0,0,0.31090442902957627,0,1,0.4467006933487657,1
1467,0,0.4416327880903897,0,0,0.38685095904585026,0,0,0.3342379922687961,0,0,0.36687634417505965,0,0,0.283723012998121,0,1,0.2963861802816469,0
1468,0,0.3955823505793906,0,0,0.3154983956331967,0,0,0.37294894417382585,0,0,0.3001773025278284,0,0,0.29088891386934035,0,0,0.33773705770639306,0
1469,0,0.3196533188238543,0,0,0.44333059591407786,1,0,0.19504124607850185,0,0,0.31014631171235085,0,0,0.23945176423938389,0,0,0.2853700921521282,0
1470,1,0.6709833497371258,1,1,0.6546938012652064,1,0,0.1772021420978666,0,0,0.20913911665872512,0,1,0.5839069344273851,1,0,0.16028341701333731,0
1471,1,0.26088764696617056,0,1,0.4372946000882947,1,0,0.23624180450182614,0,0,0.24680937315714097,0,1,0.18356369998057775,0,0,0.1762290224991399,0
1472,0,0.4534516241405045,0,0,0.4493659200888414,1,0,0.28198099035412927,0,0,0.44307856733368833,1,0,0.2804835670251953,0,0,0.3165663558002795,0
1473,0,0.5010612572418431,1,0,0.360823948335183,0,0,0.4181601354144178,0,0,0.2913317833191498,0,0,0.1924410248065185,0,0,0.4341265770225333,0
1474,1,0.4100165928470002,0,0,0.2940744801261378,0,0,0.22979162009987225,0,0,0.31179049633238787,0,1,0.5811005060113926,1,0,0.2609486836064739,0
1475,1,0.6489433157281527,1,1,0.6488101209940099,1,0,0.18305986135879257,0,0,0.1787257124307671,0,1,0.589606663634396,1,0,0.25802455619854375,0
1476,0,0.37278285788166005,0,0,0.4831645290313279,1,0,0.25970873337338224,0,0,0.2957528869152197,0,0,0.22340525696045382,0,0,0.28172825273681834,0
1477,1,0.6019213456076856,1,0,0.27752814157296507,0,0,0.3119942345877347,0,0,0.37479163966925694,0,1,0.5386861654302486,1,0,0.2900953391019464,0
1478,0,0.3683008289970941,0,0,0.4686174790218355,1,0,0.28573599158659474,0,0,0.3114904992469903,0,0,0.19287849081713043,0,0,0.3470450072289382,0
1479,1,0.539323229017416,1,1,0.5799842227579379,1,1,0.7099838376760563,1,1,0.3217843540489909,0,1,0.2564987846686877,0,0,0.23863953123074222,0
1480,1,0.41495044840810247,0,1,0.5622041439227787,1,0,0.16309993761050948,0,1,0.23673985947514214,0,0,0.1673858701348782,0,0,0.25607567220342653,0
1481,0,0.3925173346544592,0,0,0.451898383359512,1,0,0.2775938400242135,0,0,0.36616442667814575,0,0,0.5190290630710652,1,0,0.24624211614704672,0
1482,0,0.45607161194563534,0,0,0.36285236424217415,0,0,0.5322207514614329,1,0,0.3314546103339117,0,0,0.24690182194680882,0,0,0.26204616510439577,0
1483,1,0.7499901798309309,1,1,0.6065435372901413,1,0,0.3708464729460488,0,1,0.4191630723898271,0,0,0.23405196242871887,0,0,0.46443981987252136,1
1484,1,0.4787724779596081,1,0,0.27604128775955256,0,0,0.19443194263180266,0,1,0.5501835058089382,1,0,0.2309270407929888,0,0,0.2794436977986161,0
1485,1,0.611256494683771,1,0,0.6588530017238993,1,1,0.36985812501272164,0,0,0.3292343869650358,0,0,0.15069939518972325,0,0,0.15731410665473874,0
1486,1,0.43406563269761567,0,0,0.2619339390854017,0,0,0.21101971306193829,0,0,0.2769722271648462,0,0,0.1868579356323973,0,1,0.7649827056007019,1
1487,1,0.708396713194014,1,0,0.3152714787783105,0,0,0.35928093886244333,0,1,0.39646979102280294,0,0,0.7152372250831086,1,1,0.232966873969917,0
1488,1,0.6279024839557309,1,1,0.5801983579107604,1,0,0.1964331160127129,0,1,0.6948914403290238,1,0,0.1867938992000099,0,0,0.3101885977627471,0
1489,1,0.3716688543286851,0,1,0.5056192887973953,1,0,0.2714465167971082,0,0,0.5132162548499608,1,0,0.25809351101629624,0,0,0.32844130056681897,0
1490,0,0.4049389503272392,0,0,0.5121907006997732,1,0,0.19929212247083755,0,0,0.30164958912303835,0,0,0.19581563962991647,0,0,0.2187991864229418,0
1491,1,0.6966576638018495,1,1,0.6049357884431179,1,1,0.4657344545116656,1,0,0.3393287611228051,0,0,0.28105471770027507,0,0,0.29967500281379233,0
1492,0,0.5164597676732963,1,0,0.6385449793486286,1,0,0.2604085688836088,0,0,0.2364864975346822,0,0,0.1297991441062088,0,0,0.3325071536502896,0
1493,1,0.5809721392631996,1,0,0.44464715060095134,1,1,0.5655066723445097,1,0,0.40061660889327677,0,0,0.20799572398501182,0,0,0.18080494406758413,0
1494,1,0.5916145442561369,1,1,0.36650164033141963,0,1,0.5836028201497073,1,1,0.6795166145331007,1,0,0.2820721479956685,0,0,0.3380226420437529,0
1495,0,0.3365297226058622,0,0,0.3928450854267821,0,0,0.1837638584972076,0,0,0.3708720817427418,0,0,0.16049707633655136,0,0,0.3696154160090387,0
1496,0,0.3995581077408795,0,0,0.4914228407381486,1,0,0.28206414956671944,0,0,0.27331114677506263,0,0,0.21239386283366063,0,0,0.2840297479750235,0
1497,1,0.4127014660343181,0,1,0.41995317502180374,0,0,0.2980709065575025,0,0,0.426583277461795,0,0,0.24796608468135628,0,0,0.38618366527571524,0
1498,1,0.5917893418348984,1,0,0.5078580895190905,1,1,0.655936759093668,1,0,0.33199284038982335,0,0,0.24452500368730082,0,0,0.32690117345934705,0
1499,1,0.681367772696617,1,0,0.3313899703043087,0,1,0.6030556136635916,1,1,0.36450284718433246,0,0,0.3311933824658074,0,0,0.29298458134881494,0
1500,0,0.4977759910708969,1,0,0.4151705317276292,0,0,0.3925301456776109,0,0,0.3410823682399059,0,0,0.3830901592588448,0,0,0.4534800589648509,1
1501,1,0.594515091737102,1,1,0.6995624726765852,1,0,0.2025376271079076,0,0,0.321233198605166,0,0,0.20074317026455427,0,0,0.40687160999275856,0
1502,1,0.5299749552234423,1,1,0.37932539659753967,0,1,0.3529374432099162,0,1,0.39211447450604653,0,1,0.30696384212674743,0,1,0.309215412437268,0
1503,1,0.6416014412182766,1,0,0.39305695479352115,0,0,0.3702203601854243,0,0,0.2882634895324487,0,0,0.12292919770956182,0,1,0.5137726646805856,1
1504,0,0.424607839668917,0,0,0.3338731285348139,0,0,0.4268059607279085,0,0,0.2965274513218369,0,0,0.39565086531671784,0,1,0.37147161705752413,0
1505,0,0.47722238329514477,1,0,0.369685212402879,0,0,0.3600052819314479,0,0,0.3982037583102118,0,0,0.5969585913558441,1,0,0.34660487626126346,0
1506,1,0.5754411264262673,1,1,0.4956840342506216,1,0,0.4649347999927793,1,0,0.5439312617346074,1,1,0.5119315395606177,1,0,0.33747485398872085,0
1507,1,0.5596228100347401,1,1,0.487150249044053,1,1,0.41241312894718446,0,0,0.34292164815941784,0,0,0.2607725957126268,0,0,0.33798252886449853,0
1508,0,0.4858086925166228,1,0,0.28822378320920483,0,0,0.4242083351864315,0,1,0.3497351928527651,0,0,0.283676978542355,0,0,0.4414197074465448,1
1509,0,0.49186758294054655,1,0,0.22155658954975763,0,0,0.4285507242604714,0,0,0.4773092681793226,1,0,0.1593906299757059,0,0,0.3914020766769454,0
1510,1,0.45733887805858303,0,1,0.28253005941517334,0,0,0.26929338525637275,0,1,0.5713203579418962,1,0,0.25600753508534685,0,0,0.3496084453134085,0
1511,1,0.7861815645304481,1,1,0.6678811274127229,1,1,0.5246875279150987,1,0,0.32898697794640525,0,0,0.3240889378488421,0,0,0.3847929576752982,0
1512,1,0.724389789812474,1,0,0.34183778200598086,0,1,0.7966560831655951,1,0,0.3274347977655954,0,0,0.19383497941691463,0,0,0.28751575970348614,0
1513,0,0.37839748410850405,0,0,0.27915390605613855,0,0,0.3598200597741059,0,1,0.4435884133457489,1,0,0.1598129440620488,0,0,0.26407879522892225,0
1514,0,0.5331481672798999,1,0,0.29204453173510736,0,0,0.33737176894459725,0,0,0.3124036542029397,0,0,0.27549978834028316,0,0,0.3408794511448061,0
1515,1,0.47234082876517125,1,0,0.2944583291459878,0,0,0.1931697703471585,0,0,0.547716910747831,1,0,0.21648199561233064,0,0,0.25421179962984347,0
1516,1,0.5004769181081056,1,0,0.34993030298860145,0,0,0.42611623798740644,0,0,0.33496990682991945,0,0,0.21545668730935602,0,0,0.3964063549120848,0
1517,1,0.5888105335018774,1,0,0.3509282774496183,0,0,0.3855636749450745,0,0,0.6776312146086979,1,0,0.3647588900790058,0,1,0.3660684692845603,0
1518,1,0.6748135470357802,1,1,0.4577452795500328,1,1,0.5918789995485102,1,0,0.36989291989141215,0,0,0.2917399673117976,0,1,0.3859303359101804,0
1519,0,0.5482063628792525,1,0,0.40152435289973654,0,0,0.3209734035870565,0,0,0.5690739394016302,1,0,0.3103583243207802,0,0,0.30924938096044613,0
1520,0,0.4430595270149004,0,1,0.31017837974607254,0,0,0.18849684391750973,0,0,0.5449620772515631,1,0,0.20287068555136267,0,0,0.27974688666934033,0
1521,0,0.3938639803869278,0,0,0.3667979012256896,0,0,0.19021203471523002,0,0,0.34073261132924476,0,0,0.1985575352931056,0,1,0.3075333495319498,0
1522,1,0.7648969601797042,1,1,0.7954851012853361,1,0,0.6875574583500595,1,0,0.18449567441235135,0,0,0.1502172104149504,0,1,0.21113156689190496,0
1523,1,0.42021873811136395,0,0,0.47157284882248857,1,1,0.5406800834747233,1,0,0.392916827546346,0,0,0.19286586577514717,0,0,0.3277739869155406,0
1524,1,0.3616983820338001,0,1,0.20320330450425578,0,0,0.20233548567379525,0,0,0.23780727860026324,0,0,0.14346594571082963,0,1,0.7559691777040135,1
1525,1,0.5847866198957179,1,0,0.3987194184557504,0,1,0.7513048286625726,1,0,0.5670517654237458,1,0,0.2670424634268568,0,0,0.33776513871603103,0
1526,1,0.44043512474807966,0,0,0.25100262224545467,0,0,0.2733389585869404,0,1,0.7726091113049776,1,0,0.5027937535600794,1,0,0.3128381144133548,0
1527,0,0.44753524085434243,0,0,0.3615036733347835,0,0,0.32119470280895407,0,0,0.43513716218667653,0,0,0.22482180178414823,0,1,0.6325177350237846,1
1528,1,0.6168999746168745,1,1,0.6442858696019157,1,0,0.3827533423789476,0,0,0.4013114131143831,0,0,0.23921136860940612,0,0,0.4222690467588863,0
1529,1,0.6878389666010747,1,1,0.6909604979338895,1,0,0.36502449690054806,0,0,0.3466819223366328,0,0,0.3348513913358645,0,0,0.31419017861422616,0
1530,1,0.4757297618845982,1,1,0.3432661410169058,0,0,0.40147901300798927,0,1,0.29030680311760704,0,0,0.18182453753460862,0,1,0.7121843989892198,1
1531,1,0.5621785058482331,1,1,0.44536931297441323,1,0,0.3533349948593233,0,0,0.4539898244102647,1,0,0.29487859696977836,0,0,0.34597594965007555,0
1532,0,0.46443128466543254,0,0,0.35577330319862954,0,0,0.5569455199995488,1,0,0.4200847363957,0,0,0.3618205172141675,0,0,0.48644476124003105,1
1533,1,0.5934181530147769,1,0,0.22107894591837696,0,0,0.2397098917060393,0,0,0.3813851676371344,0,0,0.2833282521911565,0,0,0.5606035298862587,1
1534,1,0.49381989208362126,1,0,0.30514838728078786,0,0,0.44840487521540084,0,0,0.39408676642629703,0,0,0.2531062973172491,0,1,0.40375545663251994,0
1535,0,0.43726678294118265,0,0,0.17870698389594358,0,0,0.35479076448249786,0,0,0.35304488818847884,0,0,0.1876582600570308,0,0,0.270301041322796,0
1536,0,0.3444037173054369,0,0,0.4831424482561001,1,0,0.22943820858808475,0,0,0.34050204340772944,0,0,0.169671185216593,0,0,0.20815068817290505,0
1537,1,0.44978077916144865,0,1,0.3278944309041324,0,0,0.28582980070285563,0,1,0.5277034373689049,1,0,0.2149656920137204,0,0,0.5132365274795194,1
1538,1,0.5038095580628528,1,1,0.5957993878640425,1,0,0.3455771058417183,0,0,0.5031731032290327,1,0,0.18342680839378286,0,0,0.2604892946361739,0
1539,1,0.44601548328677104,0,1,0.39592957573950194,0,0,0.25169623159779636,0,0,0.2937572018008491,0,0,0.21799010842984773,0,0,0.35029042241734526,0
1540,1,0.5866231347796578,1,0,0.33520751988477687,0,1,0.4617766601376529,1,0,0.33925426530802766,0,0,0.2086594425394643,0,0,0.4655761524831717,1
1541,0,0.42260819202466476,0,0,0.3471472848363463,0,0,0.3929690703617703,0,0,0.27446212647024204,0,0,0.11349654020273706,0,0,0.7215999944750254,1
1542,0,0.5775983909326466,1,0,0.7034546145022501,1,0,0.25936425844649774,0,0,0.2873995586113607,0,0,0.18968324930777183,0,0,0.28310549479197383,0
1543,0,0.44693813161064716,0,0,0.3118428819307028,0,0,0.31384933603454906,0,0,0.42064069001395143,0,0,0.26780509631520355,0,0,0.29019858107265406,0
1544,0,0.45353241689118895,0,0,0.5754668490729264,1,0,0.40896753267410796,0,0,0.3322728537755833,0,0,0.2221898806048161,0,0,0.20186847401231084,0
1545,0,0.3988865013719728,0,1,0.4581614643327356,1,0,0.26112819956645417,0,1,0.31966808845242894,0,0,0.25139375337224557,0,0,0.24121821098811036,0
1546,0,0.42924024474753425,0,0,0.3116702571025727,0,0,0.6365181363349209,1,0,0.37826594342570835,0,0,0.2711227222087732,0,0,0.340460688265647,0
1547,0,0.4768206300087573,1,0,0.4862159888098253,1,0,0.4007331170681341,0,0,0.45697924668580064,1,0,0.28212272084551937,0,0,0.3493330171665771,0
1548,0,0.48167080428886144,1,0,0.2773421155385624,0,0,0.35671267711677757,0,0,0.2947261140845255,0,0,0.23746007749412607,0,0,0.37447418618837663,0
1549,1,0.692975638752477,1,1,0.6259986331270855,1,0,0.19580599515010752,0,0,0.3699809469825314,0,0,0.5546051719839734,1,0,0.36402384298023016,0
1550,1,0.5188781858033724,1,1,0.4877666143230008,1,1,0.5669700625899174,1,1,0.4040382457097512,0,0,0.1870788513213113,0,0,0.38091768282496796,0
1551,0,0.3810307386995259,0,0,0.541670530190977,1,0,0.20511069752876096,0,0,0.34910797528613724,0,0,0.23834052057861888,0,0,0.2176094545378379,0
1552,1,0.5448308717998437,1,0,0.2331313099216494,0,0,0.3149863643051226,0,1,0.5252492760983626,1,0,0.18817117537472355,0,0,0.3017924888804803,0
1553,0,0.462230103658847,0,0,0.3550839820285994,0,0,0.46393352290508905,1,1,0.29944932662900925,0,0,0.11556306647875304,0,0,0.43469263813236253,0
1554,0,0.37138717546477995,0,0,0.39342911007118414,0,0,0.3175129015213538,0,0,0.32772168231138404,0,0,0.1921951416573862,0,0,0.21141013333372313,0
1555,0,0.5399202327417639,1,0,0.3818385909202168,0,0,0.3323904552861441,0,0,0.30585405249141967,0,0,0.16570772997805344,0,1,0.41033697531135727,0
1556,0,0.5460156708145375,1,0,0.5835300193871863,1,0,0.5608887623575685,1,0,0.2992287877081558,0,0,0.2860998962899832,0,0,0.3103234467761169,0
1557,0,0.395518380638296,0,0,0.3705787951084017,0,0,0.31771584822137167,0,0,0.2346635799847867,0,0,0.22649785959615107,0,0,0.2989836713876108,0
1558,0,0.6396380982283615,1,1,0.6614640858367374,1,0,0.3338339416312268,0,0,0.3928020552267706,0,0,0.4042454897841304,0,0,0.43708294161682143,0
1559,1,0.44338669005206877,0,1,0.46069411792819237,1,1,0.632489320283396,1,0,0.3980130909592303,0,0,0.2620244898562373,0,0,0.3418933871286622,0
1560,1,0.5274596329004361,1,0,0.3641136962129288,0,0,0.2847233703421529,0,0,0.6210511790100265,1,0,0.14908242830189314,0,0,0.35797293336116504,0
1561,1,0.5571267085167815,1,1,0.6257484587773624,1,1,0.5966286673460804,1,0,0.4379274294643019,0,0,0.26048370182809283,0,0,0.2796035694188752,0
1562,0,0.452338648909431,0,0,0.3135946542761001,0,0,0.3249411805612059,0,0,0.5979638784248422,1,0,0.29143238204177563,0,0,0.27565994116507747,0
1563,1,0.6103555144581662,1,0,0.3216066249825509,0,1,0.581662813044498,1,0,0.3762786141589509,0,0,0.10839287248375602,0,0,0.4678353221588925,1
1564,1,0.6863721634694815,1,0,0.38112678575193043,0,0,0.4089646046443,0,0,0.41569296369418773,0,1,0.5983969835940969,1,0,0.30519701721364556,0
1565,1,0.5322377979047382,1,1,0.7068727341429558,1,0,0.2001939205697149,0,0,0.22526233616666205,0,0,0.17863056223766477,0,0,0.2954698630308923,0
1566,1,0.5588794168588819,1,1,0.44588590697732794,1,1,0.4971238101461564,1,0,0.320121762469294,0,0,0.24415317206231463,0,0,0.4056758638602798,0
1567,1,0.4348177881422519,0,1,0.5666996124118311,1,0,0.2666359353669911,0,0,0.2977642098371707,0,0,0.17901057676769763,0,1,0.5677156413480943,1
1568,1,0.46513148981140306,0,1,0.44346180357171505,1,1,0.5741002151844491,1,0,0.2891869256420915,0,0,0.262739727291176,0,0,0.1916182175617909,0
1569,1,0.5514159766536237,1,1,0.39575713375904426,0,0,0.4325386121540554,0,0,0.36200220787558535,0,0,0.3630710266350287,0,0,0.5438321493655446,1
1570,1,0.354387459249474,0,0,0.34316320586026944,0,0,0.31569176158309015,0,0,0.3439239484735351,0,0,0.23144325792771042,0,1,0.5391965664352861,1
1571,0,0.34251494854877146,0,1,0.3764362440127608,0,0,0.20255719750901405,0,0,0.3033912926383666,0,1,0.422190526936687,0,0,0.3267003381071194,0
1572,1,0.5514131145316641,1,1,0.6979162467147274,1,0,0.2310913776826572,0,0,0.5405098374304568,1,0,0.23425756929508337,0,0,0.1882605003690632,0
1573,0,0.432319223599148,0,0,0.2857898728048221,0,0,0.42921382915714135,0,0,0.5766932283887248,1,0,0.32326238319874184,0,0,0.4267721474522351,0
1574,0,0.5044203122447265,1,0,0.4648448725740835,1,0,0.2976413274297527,0,0,0.3462070552357582,0,0,0.29941855808100604,0,0,0.25585410774724604,0
1575,1,0.5240472404448133,1,1,0.39291553152569025,0,1,0.6748017425009775,1,1,0.37621119862084434,0,0,0.3020120034093071,0,0,0.3047385217487098,0
1576,0,0.551696424134509,1,0,0.5194248245630277,1,0,0.38066973303354934,0,0,0.26421486896000146,0,0,0.24112074373087944,0,0,0.34619245409248317,0
1577,1,0.7190921940949516,1,1,0.7236933835252117,1,0,0.2950779030779768,0,0,0.29050029431857166,0,0,0.2615080543304875,0,0,0.32709107238352036,0
1578,0,0.6043661887770444,1,0,0.53237971787514,1,0,0.7256033368313456,1,0,0.4697943749015368,1,0,0.22303191910549466,0,0,0.3717202843035986,0
1579,0,0.42076576041925556,0,0,0.4637477042704496,1,0,0.23905613150651495,0,0,0.4026215298084973,0,0,0.1872056096056289,0,0,0.259974365715899,0
1580,1,0.5100111587930364,1,0,0.19940573841641723,0,0,0.16950391068799905,0,1,0.4740375169422845,1,0,0.1888450345392459,0,0,0.19054563486773424,0
1581,0,0.45675225775288136,0,0,0.2894700646464958,0,0,0.3278098089992848,0,1,0.5174939759363828,1,1,0.6936655412704275,1,0,0.36020176755343614,0
1582,1,0.38177930679909416,0,1,0.3246934440061767,0,0,0.3013681953417555,0,0,0.4128637624103351,0,1,0.5138938539079978,1,0,0.23776266702590468,0
1583,1,0.5151813421361405,1,1,0.7170110960834435,1,0,0.3717531029524293,0,0,0.3733216566249721,0,0,0.3394687969853673,0,0,0.39805856991676186,0
1584,1,0.8780830020966129,1,1,0.8793664018377266,1,1,0.7641954773601339,1,0,0.21285184499384405,0,0,0.2018982633026707,0,0,0.2802291824822453,0
1585,1,0.66428163758401,1,1,0.7023533220220449,1,0,0.17204979136099433,0,1,0.5846196545531127,1,0,0.1209823691822612,0,1,0.40117506074558584,0
1586,1,0.6875336830180482,1,1,0.6279477736765238,1,1,0.660928116589678,1,0,0.36250762341273784,0,0,0.26367284673640945,0,0,0.3205993120481387,0
1587,0,0.5128376720864476,1,0,0.38325976943185425,0,0,0.5080340465461586,1,0,0.3964565568369799,0,0,0.2998134156413221,0,0,0.366966245447184,0
1588,1,0.5953668644790698,1,0,0.34245574066678236,0,1,0.6402397417683119,1,0,0.31606245632939534,0,0,0.245862294896163,0,0,0.27442534286982584,0
1589,1,0.49282521694317943,1,0,0.4740464656760278,1,0,0.4730055751607323,1,0,0.33919417268796487,0,0,0.2363710907993253,0,1,0.3263469224696639,0
1590,1,0.6814737268953898,1,1,0.5985377261980513,1,0,0.34196697108673413,0,1,0.26988521488594847,0,0,0.33492901482904475,0,1,0.4930621773801973,1
1591,1,0.7055211906528889,1,1,0.6576788671731768,1,0,0.28135149760981415,0,0,0.23920105969789074,0,0,0.2879724888654464,0,0,0.2344176660881528,0
1592,1,0.7877778243374007,1,0,0.3295967976144527,0,1,0.7187642755816597,1,1,0.4826656952830619,1,0,0.3436331523769486,0,0,0.36891984604210565,0
1593,0,0.48199142228152064,1,0,0.40433596180938974,0,0,0.30490123617847664,0,0,0.31171007900080117,0,0,0.5854989610781368,1,0,0.30986043742607006,0
1594,0,0.47766719836069643,1,0,0.3173875251857477,0,0,0.22935119665533404,0,0,0.2986930211712945,0,0,0.24744763402930348,0,1,0.7345310088928249,1
1595,0,0.4099572607386124,0,1,0.591713826660502,1,0,0.31170384230634113,0,0,0.4257601337598015,0,0,0.21158359880925837,0,0,0.3123246021594693,0
1596,0,0.6090847100515031,1,0,0.1748716407578516,0,0,0.2029701012115681,0,0,0.3901159098685008,0,0,0.2490225828259245,0,1,0.49788403308765583,1
1597,1,0.7703168893440824,1,0,0.2776465564489404,0,1,0.781514065489168,1,0,0.337860225414342,0,0,0.23817487545367347,0,0,0.2754085216663056,0
1598,0,0.3365539307787365,0,1,0.47256909392495416,1,0,0.23964786522779843,0,1,0.36743006724812116,0,0,0.18616154406304625,0,0,0.15669587994973394,0
1599,0,0.4273335953599605,0,0,0.33101635098853344,0,0,0.35045890722649775,0,0,0.31838417152050535,0,0,0.22710867470737767,0,0,0.281337724715637,0
1600,0,0.4210457094199204,0,0,0.2849176697173324,0,1,0.5785583504587188,1,0,0.42279981937401834,0,0,0.26366448039423795,0,0,0.2990299114090184,0
1601,1,0.7589466678649047,1,1,0.8934583416612442,1,1,0.5756522352604823,1,1,0.3208133643881467,0,0,0.2008252364317222,0,0,0.3773888214035985,0
1602,0,0.7258409602192278,1,0,0.648603341153604,1,0,0.2974237051738578,0,0,0.3377926611730996,0,0,0.33758286639270524,0,0,0.31799168777497805,0
1603,1,0.5691179189963987,1,1,0.6659178674150354,1,1,0.6933697915310899,1,0,0.38289013905437747,0,0,0.27363975892940007,0,0,0.36318233034408126,0
1604,1,0.4736781926163017,1,1,0.45772194246717846,1,0,0.31606655249659993,0,0,0.33249431448638705,0,0,0.2978358747713625,0,0,0.43831028559007124,0
1605,1,0.4202671967251618,0,0,0.4696582478618934,1,1,0.6350650411133703,1,0,0.32138880144351994,0,0,0.3205709079315722,0,0,0.2738828606142771,0
1606,1,0.3546451734730858,0,0,0.23766063572056934,0,0,0.2778319051728131,0,1,0.5258227166885168,1,1,0.4853609727778725,1,0,0.35373695969817504,0
1607,0,0.4063250910327092,0,0,0.6180206598079035,1,0,0.34642568960924236,0,0,0.33558204320564394,0,0,0.1427547810275821,0,0,0.3717888628777758,0
1608,1,0.7291525898218961,1,0,0.24595752397446485,0,1,0.6783822603564217,1,0,0.37121659156295145,0,0,0.26645311003491706,0,0,0.24659453606375512,0
1609,0,0.4959918032717273,1,0,0.39043530785820796,0,0,0.34619213748013195,0,0,0.46283730282656865,1,0,0.17008937064680588,0,0,0.3051870736073091,0
1610,1,0.6100682211520362,1,0,0.37791250607398497,0,0,0.37506521575218044,0,1,0.349569159420299,0,0,0.5763368299729813,1,1,0.39172197492761623,0
1611,1,0.46973126362112677,0,0,0.29546819764839527,0,1,0.6722668600444629,1,0,0.33021033690261725,0,0,0.22623675857132214,0,0,0.3573107022184506,0
1612,0,0.5434133914294588,1,1,0.40771376079955157,0,1,0.7311495405356874,1,0,0.37594197939716073,0,0,0.26589765698080703,0,0,0.3144609011524883,0
1613,1,0.5937203449250806,1,0,0.29861280554947106,0,0,0.4136565636740378,0,1,0.33529507584741625,0,0,0.22266592571387392,0,1,0.4489188364451593,1
1614,1,0.49831596854929033,1,0,0.3184637755301346,0,1,0.6630601307645726,1,0,0.386960173175247,0,0,0.2360941843487158,0,1,0.3703299928493444,0
1615,0,0.40028368099846195,0,0,0.3183085651989579,0,0,0.28499457278169615,0,0,0.3535057305461044,0,0,0.27595558545531973,0,0,0.2218742251910425,0
1616,1,0.5284612666019218,1,0,0.32734625483342056,0,1,0.6962991613073231,1,0,0.2657958428507845,0,0,0.22915755608160981,0,0,0.34270747861049844,0
1617,1,0.5184576136825404,1,0,0.2970135229912999,0,0,0.30618509924925924,0,0,0.5295031527074482,1,0,0.2753902487066495,0,0,0.5000556604672671,1
1618,0,0.47718867886311345,1,0,0.39440788665651955,0,0,0.35413298208111754,0,0,0.34623873485341083,0,0,0.2538194522595157,0,0,0.28690810595832,0
1619,1,0.47867103291496904,1,0,0.31155418321375056,0,1,0.6344380788077127,1,0,0.44482951564403195,1,0,0.22706917559441714,0,0,0.31176727003944943,0
1620,0,0.47616101003891725,1,0,0.36311676626924044,0,0,0.2956728446898469,0,0,0.43968237459072707,0,1,0.5662007253679405,1,0,0.35689194838934646,0
1621,0,0.37121170440275725,0,1,0.3531750407680333,0,0,0.2255371389625402,0,1,0.34737084251309935,0,0,0.27003335347059454,0,0,0.2522365916118917,0
1622,1,0.6237504999176819,1,0,0.43433607401910657,1,0,0.2712006700512548,0,0,0.42749509227688404,0,1,0.6107767061028803,1,1,0.31668827366945385,0
1623,0,0.58821320191384,1,1,0.6192391011583555,1,1,0.4833238871925193,1,0,0.3090586869144607,0,0,0.16540681126761916,0,0,0.35780189475856167,0
1624,1,0.3818550008119934,0,0,0.2495693174863355,0,0,0.29080534568180283,0,1,0.5292385508017151,1,0,0.1964116007820181,0,0,0.34977587573010444,0
1625,0,0.4635692035972516,0,0,0.39404678782173025,0,0,0.5927955800688461,1,0,0.21990239960090016,0,0,0.2309615986935144,0,0,0.5353009417544169,1
1626,0,0.5262072362451415,1,0,0.45198206831081983,1,0,0.5525110483989535,1,0,0.23668673546008254,0,0,0.27094125699444055,0,0,0.229411725723296,0
1627,0,0.4347607715896667,0,0,0.5004671847528022,1,0,0.3694699794593753,0,0,0.4458321450358051,1,0,0.2459460248611148,0,0,0.355449033765006,0
1628,0,0.5676218181914883,1,0,0.47033378565310285,1,0,0.6096240098367496,1,0,0.41728331821567904,0,0,0.15567529656672816,0,0,0.432082971664769,0
1629,1,0.39179902354948126,0,0,0.29167771437741025,0,0,0.23810302656644408,0,0,0.3466029008669015,0,0,0.5781698995854216,1,0,0.18056790277861856,0
1630,1,0.5337471264367777,1,0,0.346110558913263,0,1,0.5440938508008775,1,0,0.4203952929591057,0,0,0.2791621716278782,0,1,0.6911163813899481,1
1631,0,0.4199126047645467,0,0,0.3736097667648691,0,1,0.6610191531588206,1,0,0.412883634600328,0,0,0.22835136882900925,0,0,0.2174263239231798,0
1632,0,0.5458073373877427,1,0,0.5397540698162459,1,0,0.4369733026833567,0,0,0.28230558343244444,0,0,0.15144578530655878,0,0,0.33538658965787044,0
1633,0,0.41679137890194273,0,0,0.4215372649790921,0,0,0.28389336727068587,0,0,0.35590434719162767,0,1,0.5115320293083179,1,0,0.26040419890944805,0
1634,1,0.4284149122638542,0,0,0.3438498490417437,0,0,0.2624052119734386,0,1,0.5375811465379632,1,0,0.2468468237828607,0,0,0.31801538032337406,0
1635,0,0.33608008118473587,0,0,0.2387531487556599,0,0,0.25052590909477745,0,0,0.3690882899647385,0,0,0.4343454623496477,1,0,0.3420066803458237,0
1636,1,0.5162653159201555,1,1,0.24913383852532128,0,1,0.666747825819321,1,1,0.2254932765457242,0,0,0.2522792004450958,0,0,0.3884413758786422,0
1637,1,0.5225237594143268,1,0,0.34100687392981555,0,0,0.594344302778923,1,1,0.29544354424402686,0,0,0.3607020399164439,0,0,0.5301296046131214,1
1638,1,0.5523820996272153,1,0,0.4442913810864049,1,1,0.44992586210073215,0,0,0.3317688217222504,0,0,0.2490574094678469,0,0,0.40020838591807917,0
1639,0,0.37951434693758823,0,0,0.5784688186102724,1,0,0.26938615672529903,0,0,0.4603077736769612,1,0,0.2389773979939585,0,0,0.15510020021508297,0
1640,1,0.6410804440464617,1,0,0.3295275038424346,0,0,0.31699608555781883,0,0,0.36627144431316483,0,1,0.5921157501167792,1,0,0.2440939187077754,0
1641,0,0.5106630847133925,1,0,0.25546143779897634,0,0,0.19922688746204706,0,0,0.5632183663918884,1,0,0.18676867557656665,0,0,0.2876658487470688,0
1642,0,0.45318862645907804,0,0,0.18237898012483555,0,0,0.2941633184983137,0,0,0.3150666992198314,0,0,0.17662720698224263,0,0,0.25209876419406757,0
1643,1,0.5381207220083206,1,0,0.293126151212246,0,0,0.37523008040114597,0,0,0.4556071530868025,1,0,0.22446272598607594,0,1,0.4675766929060626,1
1644,1,0.6601864570988771,1,0,0.42371041716733643,0,1,0.7114940831379092,1,0,0.3317121491552184,0,0,0.24056572752603553,0,0,0.30872165000639396,0
1645,1,0.698102341611179,1,0,0.2572452312315458,0,1,0.6084846162119741,1,0,0.3392517046583377,0,0,0.27022667886636953,0,0,0.26450138606511997,0
1646,1,0.5685191490048177,1,0,0.2707650161819703,0,0,0.20691582305815942,0,0,0.641070467882707,1,1,0.3204664642412971,0,0,0.2642580397223635,0
1647,1,0.5408585228261106,1,0,0.3458861253955148,0,0,0.18838127261470375,0,0,0.3226119358129961,0,0,0.27204001782143133,0,0,0.5183003204125239,1
1648,0,0.3315924140240224,0,0,0.42769289599296145,0,0,0.27343050290100834,0,0,0.33625705498956804,0,0,0.434549219361678,1,0,0.33459033270432287,0
1649,1,0.3463607344397583,0,1,0.56306362263124,1,0,0.22150395307471757,0,1,0.6129431329456406,1,0,0.1556407295380136,0,0,0.1838463511169008,0
1650,0,0.4660898223697873,0,0,0.3145376577064423,0,0,0.3122750073593884,0,0,0.21122317042479663,0,0,0.2890863244989219,0,0,0.34110461038602624,0
1651,0,0.6108679940054709,1,0,0.3823099242175462,0,1,0.6608848608305451,1,0,0.34306645376394,0,0,0.2828616099206863,0,0,0.290483488935672,0
1652,1,0.38786345191200255,0,1,0.30678145939090695,0,0,0.20135070922460707,0,0,0.3072473713790099,0,1,0.5578517404840404,1,0,0.24697491372784855,0
1653,0,0.5092837104529,1,0,0.459308440554921,1,0,0.3780667823634883,0,0,0.3384365357697645,0,0,0.22785894415626232,0,0,0.37925659629331454,0
1654,1,0.7177259837532677,1,1,0.7269964645212288,1,0,0.25548333213582053,0,0,0.31795260346243787,0,0,0.26787696109802506,0,0,0.30565344994581495,0
1655,1,0.39019482587498133,0,1,0.5338207901087059,1,0,0.2566295907838366,0,0,0.33731383570630424,0,0,0.15816363542352263,0,0,0.3068652363648432,0
1656,1,0.7807151587005714,1,1,0.8507177774317074,1,1,0.6660401355763441,1,0,0.2988418317203734,0,0,0.21636320875931941,0,0,0.218227269782657,0
1657,1,0.47761063919770014,1,0,0.3672795834879983,0,0,0.30427738456741354,0,0,0.3101213385322466,0,0,0.1362363558986765,0,1,0.5547473293612325,1
1658,0,0.512913415536576,1,0,0.32964821428017144,0,0,0.6668792849048677,1,0,0.34139493571434437,0,0,0.2593788579301973,0,0,0.4952542012079922,1
1659,0,0.3964997912472246,0,0,0.6737663068179932,1,0,0.2206304922453349,0,0,0.19927401834635058,0,0,0.18781612010305315,0,0,0.25219247857972765,0
1660,1,0.38399325089735714,0,1,0.4639010338869722,1,1,0.5694163236563017,1,0,0.4069607953266698,0,0,0.13642563312707795,0,0,0.3980529901913339,0
1661,1,0.5577954337885411,1,0,0.2958448843229596,0,0,0.20613978953532058,0,0,0.37410595492775206,0,0,0.28492171676467076,0,1,0.5050700956791029,1
1662,1,0.705294324248167,1,0,0.2845203727653796,0,1,0.6355426313662673,1,0,0.28513733455014273,0,0,0.36845681600456615,0,0,0.26044657698557977,0
1663,0,0.41758947973606353,0,0,0.46621026078496125,1,0,0.18240199296310008,0,0,0.3618496960330884,0,0,0.4250499582248718,0,0,0.21424698534410266,0
1664,0,0.5745745054345005,1,0,0.31286207811694733,0,0,0.30176748189385877,0,0,0.40407444280649596,0,0,0.21388460482209162,0,0,0.543659245460794,1
1665,1,0.6789065285880105,1,1,0.6512184933403841,1,1,0.33308671669063317,0,0,0.46821177319657015,1,0,0.29945068438560474,0,0,0.2870587218498366,0
1666,0,0.44152737883290344,0,0,0.34405662768532713,0,0,0.2686876654636073,0,0,0.31865156024089936,0,1,0.5987062959582865,1,0,0.23126601116175674,0
1667,0,0.48698117475796593,1,0,0.2520895849324701,0,0,0.3424824892995688,0,1,0.44065142516635203,1,0,0.2539334663366833,0,1,0.42507270313919243,0
1668,0,0.4861134922547687,1,0,0.40346615111706424,0,0,0.4125671696236403,0,0,0.35066102684358025,0,0,0.31638998082819203,0,0,0.29471509494516634,0
1669,0,0.4104647667588005,0,0,0.3632207676410633,0,0,0.378046446274834,0,0,0.3784772833948613,0,0,0.23361913699119255,0,0,0.37864027205040396,0
1670,0,0.44205956884607134,0,0,0.429717205924772,0,0,0.31999979259448047,0,0,0.34823911080221975,0,0,0.1501125491183447,0,0,0.35527322478557466,0
1671,1,0.6232243397611291,1,1,0.6377142853145182,1,0,0.7007982161429691,1,0,0.37471307771150114,0,0,0.20520039575734547,0,1,0.33218023406844094,0
1672,1,0.5254657250252898,1,0,0.33841470186402794,0,0,0.45616307545831164,0,1,0.3103830373582564,0,1,0.6484188302132549,1,0,0.34033053176559186,0
1673,1,0.783441679957459,1,1,0.7234981727937859,1,0,0.2703962235304921,0,0,0.29778326880485095,0,0,0.3146162873980689,0,0,0.35333846626035714,0
1674,1,0.4356765902917876,0,0,0.18859882558039126,0,0,0.37620445754104614,0,0,0.3074342325120072,0,0,0.2081030558471245,0,0,0.25990842537728764,0
1675,1,0.4997577348504463,1,1,0.5977325608650389,1,0,0.2992452989712221,0,0,0.36159936408892884,0,0,0.16960270611849312,0,0,0.29376659141789463,0
1676,1,0.3373229259914697,0,1,0.4937023040888345,1,0,0.2087182388354473,0,1,0.5930803834769199,1,0,0.17569560671735368,0,0,0.2046599899445995,0
1677,1,0.546645232209099,1,1,0.6431861136123947,1,1,0.48264164576923496,1,0,0.4329217089773457,0,0,0.15567532304506632,0,0,0.44755699045794783,1
1678,0,0.46498687735228733,0,0,0.1895694060378377,0,0,0.23126980582828566,0,0,0.2949314407302371,0,0,0.15279098503456925,0,0,0.2584524273326682,0
1679,0,0.6061531234481745,1,0,0.3496887755512031,0,0,0.710923921896112,1,0,0.416598821146168,0,0,0.1933813091597509,0,0,0.3246016780805832,0
1680,1,0.6305862242832305,1,0,0.3390753439378736,0,0,0.2780856857099203,0,0,0.41289185356089625,0,1,0.6056605980045797,1,0,0.20297528756710698,0
1681,1,0.557060593693492,1,0,0.38148194272370783,0,0,0.3560141659506397,0,0,0.2665996803848356,0,0,0.2837429322189516,0,0,0.4237499341470572,0
1682,1,0.47506956119970156,1,1,0.42577890843989097,0,0,0.43384298143498135,0,0,0.3537682429444955,0,0,0.21222291623882483,0,0,0.44238630786861843,1
1683,1,0.7279775668807692,1,0,0.38354820571822945,0,1,0.7840743827558427,1,0,0.3962929209561764,0,0,0.3045576351733763,0,0,0.42022986595518474,0
1684,0,0.5578977389338405,1,0,0.3292891918321106,0,0,0.3406072792076264,0,0,0.29666954384130395,0,0,0.56696414466108,1,0,0.28804044957659786,0
1685,0,0.5580498069469123,1,0,0.5649384219591147,1,0,0.28764987319787294,0,0,0.31575307436231226,0,0,0.19547278085902273,0,0,0.29610387441011227,0
1686,0,0.386353714945985,0,1,0.46848203630739643,1,1,0.1442829283192612,0,0,0.2742876066845109,0,0,0.2254291391947885,0,1,0.43608427921417364,0
1687,0,0.5219516550474194,1,0,0.40829711926733386,0,0,0.3288644747793919,0,0,0.41250766996169924,0,0,0.2771201720302205,0,0,0.35035324351565517,0
1688,1,0.6181036038624934,1,0,0.32136555585038185,0,1,0.638653120282209,1,0,0.3908445876056813,0,0,0.22442001106910756,0,0,0.2542302199310075,0
1689,1,0.5726411808107443,1,0,0.4013621249588454,0,0,0.15425089153731172,0,0,0.5929294844320616,1,0,0.3395727645932507,0,1,0.3979034165284293,0
1690,1,0.42751843639003745,0,1,0.4730795087904281,1,0,0.2761637620544022,0,0,0.37577173954009446,0,0,0.16814966784517402,0,0,0.3187357597275354,0
1691,1,0.5229732162100886,1,1,0.4476540080941445,1,0,0.342297244188052,0,0,0.3795321488081863,0,0,0.2993755934291984,0,0,0.36196676362528446,0
1692,1,0.532531985836977,1,1,0.431612836792736,1,1,0.5792828852740954,1,0,0.29750705864468335,0,0,0.16953046294812957,0,0,0.3500343187745515,0
1693,1,0.3470684651916285,0,0,0.48415303592257714,1,0,0.227728223984458,0,1,0.3717881180968686,0,0,0.20819263444270295,0,0,0.204151691721825,0
1694,1,0.47851923477390257,1,0,0.3797061091824879,0,0,0.22344028490289022,0,1,0.549516333909234,1,0,0.21285570711854712,0,0,0.23530294115577774,0
1695,0,0.45797722324098167,0,0,0.2859374339890749,0,0,0.28798404542192657,0,0,0.5256748815022972,1,0,0.37012191386810495,0,0,0.3646843694391718,0
1696,0,0.45105354578897666,0,0,0.26829736678072513,0,0,0.22480405011289395,0,0,0.22701177095470074,0,0,0.23993956803328967,0,0,0.23818569934760686,0
1697,0,0.4480986087323491,0,0,0.25852107768600735,0,0,0.2903462446837499,0,0,0.2990237012395204,0,0,0.265022820460836,0,0,0.32996900043069016,0
1698,1,0.34704233547260777,0,0,0.2516410305942336,0,0,0.16598376760984018,0,1,0.5223161803742816,1,0,0.4272568680344066,0,0,0.23428414418215923,0
1699,1,0.5271051683068052,1,1,0.6720013673029518,1,1,0.5210070194479046,1,0,0.27347108547837523,0,0,0.1417517078221905,0,1,0.2612862730943309,0
1700,0,0.6712749949961535,1,0,0.5802572555662245,1,0,0.5967239767742822,1,0,0.2947790677720837,0,0,0.25531111412378454,0,0,0.41568130078416526,0
1701,1,0.4226503197213438,0,0,0.25807424794634626,0,0,0.18532682373525367,0,0,0.28089243244397727,0,0,0.24192454548437684,0,0,0.2535253209145432,0
1702,1,0.44362604053227517,0,0,0.329515746052174,0,1,0.43865161921996976,0,1,0.4408445359516203,1,0,0.3045299923322586,0,0,0.28258983697451595,0
1703,1,0.44425295696516004,0,0,0.3789628255119289,0,1,0.2777550128356022,0,0,0.3804155825513173,0,0,0.3211012598134334,0,1,0.3418205579250087,0
1704,1,0.47476756522182423,1,1,0.4450973005482821,1,0,0.33748507204285716,0,0,0.3191066949746592,0,0,0.22068863153770696,0,0,0.36645361751425576,0
1705,1,0.44653113510065473,0,1,0.41013041693520597,0,0,0.22002115431255626,0,0,0.3441708168832421,0,0,0.18898959845722135,0,0,0.2935703317962003,0
1706,1,0.6274806902663725,1,0,0.2977545717568446,0,1,0.6172376285511219,1,0,0.3289478286304662,0,0,0.2229174318538738,0,0,0.3853332533978282,0
1707,1,0.581262310987774,1,1,0.39337401670470284,0,1,0.553713993415077,1,0,0.30673531223238154,0,0,0.22845649683391772,0,1,0.31210094394244015,0
1708,1,0.47297286508802616,1,0,0.24160945483926524,0,0,0.4261973642499124,0,0,0.5587672688062875,1,1,0.7559816701408959,1,0,0.3308263247617236,0
1709,1,0.5347645158999614,1,0,0.3779120549316834,0,0,0.2291832503338091,0,1,0.6012154186394965,1,0,0.20114751302018988,0,0,0.31401363570293306,0
1710,1,0.409225142471659,0,0,0.6497090893707134,1,0,0.17094415026836812,0,0,0.3015654651954573,0,0,0.2359770135504754,0,1,0.22298083900143623,0
1711,1,0.6078300837269137,1,0,0.39848880561628514,0,1,0.5336850032168277,1,0,0.31813112702126395,0,0,0.2771826634326609,0,0,0.3226482142310773,0
1712,0,0.4280185317331923,0,0,0.3550414289962966,0,0,0.31805952980171576,0,1,0.7246277700654812,1,0,0.2863510994965962,0,1,0.33109897711997993,0
1713,0,0.3865424286878611,0,1,0.7675389809744763,1,0,0.2305936127619552,0,0,0.3265080056968661,0,0,0.21348551668112878,0,0,0.27793580847970156,0
1714,1,0.5362480615127796,1,1,0.40356755098240193,0,1,0.6194620733636124,1,0,0.40826008011864595,0,0,0.236790062904978,0,1,0.4129542710487724,0
1715,0,0.4972519018809554,1,1,0.555517201446449,1,0,0.29997872088997135,0,0,0.346827577645215,0,0,0.31185922096720614,0,0,0.23524238430299885,0
1716,0,0.37579377517920975,0,0,0.27650617698520225,0,0,0.2774408008950242,0,0,0.26919366796056393,0,1,0.47520255580957405,1,0,0.3825457947352196,0
1717,0,0.40103971106365643,0,0,0.47522001309761025,1,0,0.3769592096522436,0,0,0.3840991955728284,0,0,0.2467561434314278,0,0,0.24171967414752252,0
1718,1,0.5888984265595267,1,0,0.49729376279813986,1,0,0.3990441551831294,0,0,0.3023978805404006,0,0,0.18745555995806387,0,0,0.38602352274767315,0
1719,0,0.4689653541241119,0,0,0.5085557478620681,1,0,0.14291912802977413,0,0,0.5710827398211861,1,0,0.1263529352431159,0,0,0.2544169593765328,0
1720,0,0.3548736810896483,0,0,0.4715316037912236,1,0,0.39671381111654713,0,0,0.281254391093694,0,0,0.13319526147954047,0,0,0.2676246417627779,0
1721,1,0.47118407677241453,1,1,0.4352963448943965,1,0,0.40877327093849863,0,0,0.29188702249492565,0,0,0.2721740926819777,0,0,0.3725489760339482,0
1722,1,0.5626114123430654,1,1,0.4519543489552704,1,1,0.557207560144154,1,0,0.291687454390927,0,0,0.21687982813600237,0,0,0.2917962420955692,0
1723,1,0.49542405116812127,1,0,0.3855988741986449,0,0,0.2872454715760366,0,1,0.7016804977725305,1,0,0.2374428364520125,0,0,0.30299271367828234,0
1724,1,0.4021177784140863,0,0,0.2718169352208817,0,0,0.1976885389364439,0,1,0.5614053189629792,1,0,0.3530063113765464,0,0,0.22172690443359783,0
1725,0,0.43043416656285544,0,0,0.2474915786392418,0,0,0.2799143575627132,0,0,0.559776870638727,1,0,0.2767046202040043,0,0,0.25738794775385937,0
1726,1,0.6051846363431896,1,1,0.6602560251351638,1,1,0.6243087356235156,1,0,0.32084675618491515,0,0,0.26331426375333655,0,0,0.35311935162800473,0
1727,0,0.435127515626381,0,0,0.398270518378748,0,0,0.18940443571757434,0,0,0.28531976611913124,0,0,0.6204098879759323,1,0,0.25179470311916163,0
1728,1,0.4654823212809926,0,0,0.3487365262204843,0,1,0.37525098104377974,0,0,0.5262295271376269,1,0,0.2672973268660468,0,0,0.33260499967098284,0
1729,1,0.7582811066998283,1,1,0.7153008357583506,1,0,0.24603131894624763,0,0,0.3965464592235945,0,0,0.3964209073844254,0,0,0.4078146318999634,0
1730,1,0.4784017343615269,1,1,0.6533381103400707,1,0,0.2722536148473421,0,0,0.34220817820399674,0,0,0.19017298367830954,0,0,0.17699654055392555,0
1731,1,0.6102463191965943,1,1,0.4928544440308797,1,0,0.3578351251996192,0,0,0.44491585780347476,1,0,0.32925472803376493,0,1,0.41655269282974844,0
1732,1,0.3939576659865809,0,1,0.5320823642856432,1,0,0.287259330824688,0,0,0.40572508356525905,0,0,0.35972571549410054,0,0,0.2380859891591666,0
1733,0,0.3971422713925676,0,0,0.3209095799717423,0,0,0.2773602225261826,0,0,0.3304912369517038,0,0,0.2554245816169985,0,0,0.26104174987230444,0
1734,1,0.517841189904443,1,0,0.3844928781858455,0,1,0.6070054333155325,1,0,0.36694485695892787,0,0,0.22121792998907677,0,0,0.29836167881079545,0
1735,1,0.5648686821693085,1,0,0.40258808790348816,0,1,0.31182885936390414,0,0,0.3818898064299908,0,0,0.25699481432343024,0,0,0.3299042918695074,0
1736,1,0.6246467073878901,1,0,0.3758694927339645,0,0,0.3019993789401287,0,0,0.43708683607418286,0,1,0.5996160391333434,1,0,0.377350097413758,0
1737,1,0.37733361276426525,0,0,0.4391712984456409,1,0,0.3491320607137887,0,1,0.5807333680204185,1,0,0.275406410571669,0,0,0.22572443542257029,0
1738,0,0.45901335411675903,0,0,0.29051318242521523,0,0,0.4012313592739549,0,0,0.5426897794603702,1,0,0.2663995388865806,0,0,0.3448546997376337,0
1739,1,0.4615643868696707,0,1,0.4135826050331672,0,0,0.34303968477794333,0,1,0.5072670874684565,1,0,0.20392219489904057,0,0,0.33251787199246485,0
1740,1,0.6646696052581383,1,0,0.360919829870948,0,0,0.28865459470056753,0,0,0.45644334044901985,1,0,0.3040462637620677,0,1,0.5613917706665976,1
1741,1,0.4300257687065543,0,1,0.48968176009996256,1,0,0.20044711046160302,0,0,0.37655637988016183,0,0,0.1806625058816874,0,0,0.35809782982228383,0
1742,1,0.37810716299794583,0,0,0.3060985029867316,0,1,0.5825426803484451,1,0,0.2747511939585179,0,0,0.20909966284004441,0,0,0.34546138766583595,0
1743,0,0.4463302171130676,0,0,0.5050053718620129,1,0,0.3485513346843904,0,0,0.32763874420616823,0,0,0.22526832232639118,0,0,0.22361595114746283,0
1744,0,0.393414923663221,0,1,0.46350515719778407,1,0,0.24415693587092274,0,1,0.322939786071955,0,0,0.1770436229534288,0,0,0.23735302204521772,0
1745,1,0.4181484083272998,0,1,0.4720267256027997,1,0,0.22085682814517685,0,1,0.6357278818673244,1,0,0.1872520412755498,0,0,0.29981014104200177,0
1746,1,0.46835585889400194,0,0,0.3246288505281717,0,0,0.2992197588786946,0,0,0.3600562194445391,0,0,0.35221236010464374,0,1,0.6215207591198613,1
1747,1,0.6008018167057221,1,1,0.2800306393659439,0,1,0.6430577559566558,1,1,0.39523116539422387,0,0,0.28938576681244393,0,0,0.3384004589155803,0
1748,1,0.4273165515591886,0,0,0.30678145939090695,0,0,0.23093796557194757,0,1,0.3844330858130561,0,1,0.5630429555806759,1,0,0.24234134528217258,0
1749,1,0.6336986434905337,1,0,0.32161469960494155,0,0,0.2716714027809457,0,0,0.40131068695454225,0,0,0.18893800790732637,0,0,0.502963996466055,1
1750,1,0.4442121913411343,0,0,0.2534745832289892,0,0,0.18677542990495719,0,1,0.6007347500528565,1,0,0.1618111711396841,0,0,0.2970932013712323,0
1751,1,0.48899341976593796,1,0,0.32253863685743034,0,0,0.3172433446663091,0,0,0.33050021289018805,0,0,0.2572376594710185,0,0,0.3473105269228246,0
1752,1,0.5174294409041952,1,1,0.3559441857918952,0,1,0.6361211214287331,1,1,0.34440337532526855,0,0,0.2282077167367972,0,1,0.44440012756814856,1
1753,0,0.48168259855298334,1,0,0.3137158381077297,0,1,0.6468009552479999,1,0,0.32567128846389537,0,0,0.24391691383385858,0,0,0.37018689157022683,0
1754,0,0.40893354529453646,0,0,0.4296521539678744,0,0,0.27450174514616416,0,0,0.43962945664567954,0,0,0.4077489344072752,0,0,0.28638355075745514,0
1755,1,0.7478462011243838,1,1,0.8783122118686607,1,0,0.609568542159223,1,0,0.3172701685547947,0,0,0.19860234925246228,0,0,0.28333035702268905,0
1756,1,0.4713787697583379,1,0,0.32427789076609287,0,0,0.25553610675499,0,1,0.35714209454135104,0,0,0.2977361643193128,0,1,0.33071506200677875,0
1757,0,0.49421180509695434,1,0,0.4359093626877369,1,0,0.34098558396779055,0,0,0.3483205304883309,0,0,0.330186073120562,0,0,0.27129341179235616,0
1758,1,0.8132760720780973,1,0,0.26273283105608336,0,1,0.5836443977577941,1,0,0.2915928957887115,0,1,0.6375147944956017,1,0,0.24840212923534483,0
1759,1,0.4978875989102579,1,1,0.5505965452303593,1,0,0.3447562064324824,0,0,0.2579717096193316,0,0,0.14736005776536734,0,0,0.5034382761536081,1
1760,0,0.4259689902533922,0,0,0.3556932904815396,0,0,0.40161007982152247,0,0,0.43597017817988143,0,0,0.2525340842111214,0,0,0.5286250407985662,1
1761,1,0.716731815602135,1,1,0.6998678359510565,1,0,0.18882068519153258,0,1,0.5866071725899842,1,0,0.11221088734095759,0,0,0.26744234141726597,0
1762,1,0.4777372247998589,1,1,0.5919007315368908,1,0,0.2667611444239181,0,0,0.36015677637605215,0,0,0.23678861142063662,0,0,0.2913674848473471,0
1763,1,0.6521413304444497,1,0,0.34830045622605277,0,1,0.6682452690568498,1,0,0.3529161754090074,0,0,0.2407855408366089,0,0,0.40721731398252536,0
1764,1,0.4582593983323552,0,0,0.3253260703551591,0,0,0.3339784862382915,0,0,0.3876040688087248,0,1,0.2664572891113984,0,0,0.3068112618735589,0
1765,1,0.5634155001086855,1,0,0.40585263079500544,0,0,0.3681603000365463,0,1,0.4502415055233869,1,1,0.5270863455131449,1,0,0.32665567491902725,0
1766,1,0.36300073960435,0,1,0.48520067576625636,1,0,0.1601266863763392,0,1,0.624644785929076,1,0,0.19512007019808225,0,0,0.22122685992131083,0
1767,0,0.6244235532265743,1,0,0.47791955439236156,1,1,0.538315686097523,1,0,0.3365285458324458,0,0,0.3100508068801376,0,0,0.324046667920781,0
1768,1,0.7329838914448211,1,1,0.775278257686627,1,0,0.2988155952048609,0,0,0.2890455938384357,0,0,0.20583908181049282,0,1,0.23698521206535572,0
1769,0,0.4650152550830553,0,0,0.3687688685075665,0,0,0.4025042035983606,0,0,0.4157802126436891,0,0,0.24410046252881057,0,0,0.342638526392144,0
1770,1,0.5956017275190658,1,0,0.25102550121851563,0,0,0.2837101277039126,0,1,0.32733723725643227,0,1,0.1424396083299858,0,0,0.5377075872228416,1
1771,1,0.4708598987370878,1,0,0.2657335306061497,0,1,0.5434318290635444,1,1,0.5831068428892834,1,0,0.3234729963370255,0,0,0.2752838861103632,0
1772,1,0.46908163548662724,0,0,0.3844116000618892,0,1,0.578648904121252,1,1,0.5786619584125158,1,0,0.2556602745980141,0,0,0.28992188363926213,0
1773,0,0.38993495451119503,0,0,0.37946838340381006,0,0,0.25448873409146877,0,0,0.3878056712852377,0,0,0.26628643816994985,0,0,0.24377679411388595,0
1774,1,0.790762691669318,1,0,0.3382653248279756,0,1,0.8764499787511442,1,0,0.3827452884664829,0,0,0.18012209301287502,0,1,0.25862692500372714,0
1775,1,0.4395148341473756,0,0,0.5301877665321473,1,1,0.5003613217602361,1,0,0.24602885090619167,0,0,0.15825819577492062,0,0,0.15325962278473088,0
1776,1,0.7771903243583325,1,1,0.6625078757844938,1,0,0.26122326882543107,0,1,0.4019545281143958,0,0,0.2879724888654464,0,0,0.2538328650058043,0
1777,0,0.46594509194127925,0,0,0.3351268787907108,0,0,0.3795292942959266,0,1,0.33378265083456254,0,0,0.24520680828390848,0,0,0.3766647074416254,0
1778,1,0.7545488552974602,1,1,0.7050590651593711,1,0,0.24962884791985454,0,0,0.3867153050347238,0,0,0.36984474642157045,0,0,0.2730732321812688,0
1779,1,0.5558478358681963,1,1,0.7378748105551126,1,1,0.5907490012545702,1,0,0.24329549833037661,0,0,0.2601535338252231,0,0,0.3465042564419217,0
1780,0,0.3781411805212225,0,1,0.32912494212846544,0,0,0.2228951010117562,0,1,0.34307971138064813,0,0,0.2782552330617041,0,0,0.3004865586805247,0
1781,1,0.6009165344650903,1,0,0.48798425926546485,1,0,0.29814761043592536,0,0,0.40819434481017863,0,0,0.125023567922626,0,1,0.4414490851513071,1
1782,0,0.5549529706293814,1,0,0.5392836740763127,1,0,0.3334752560497119,0,0,0.2975654503357553,0,0,0.1709957725715981,0,0,0.23502005809548254,0
1783,1,0.5496719510258681,1,1,0.4596024715991609,1,0,0.1923962963194309,0,1,0.5638326472745534,1,0,0.11669596111618087,0,0,0.3192157920336272,0
1784,1,0.6691155228937108,1,0,0.30912337643215326,0,0,0.25607388841443357,0,0,0.3225422982600465,0,0,0.23216094326414252,0,1,0.39796743389838324,0
1785,1,0.5141808454017722,1,1,0.4223148917653265,0,0,0.3046736017595088,0,0,0.24145323746258843,0,0,0.23512669951915197,0,0,0.2564893593632203,0
1786,0,0.40086653755369644,0,0,0.5911779731840147,1,0,0.18040124762519344,0,0,0.26642638276682834,0,0,0.14692338694203058,0,0,0.2424478653833323,0
1787,1,0.6223130056001429,1,0,0.6189526408324408,1,1,0.8432548432605887,1,0,0.31451202938484624,0,0,0.23163492348824366,0,0,0.22864843887128178,0
1788,0,0.47603180088415875,1,0,0.287883836392463,0,0,0.23639738620841252,0,0,0.3067130759287785,0,0,0.2759534520776257,0,0,0.24330171053477273,0
1789,1,0.45624751697119814,0,0,0.2754950051497537,0,0,0.35812503661597,0,1,0.5366951611474592,1,0,0.16961352660339152,0,0,0.3044579787290398,0
1790,0,0.43805769657949456,0,0,0.2733336302454881,0,0,0.29013169865847505,0,0,0.5062239018463477,1,0,0.20806796740220965,0,1,0.7248690486247461,1
1791,0,0.3909625731039373,0,0,0.584057794523403,1,0,0.3447016056460536,0,0,0.2781070346444133,0,0,0.20534243791038165,0,0,0.212121352590142,0
1792,1,0.7453213926358291,1,1,0.7990724495018792,1,0,0.36557222532042394,0,0,0.4621683209556201,1,0,0.3124945002292424,0,0,0.32397407628765507,0
1793,0,0.5523856901467208,1,0,0.3545367256102958,0,0,0.2457034057120169,0,0,0.5976782228451734,1,0,0.19612536479874762,0,0,0.29607433719930004,0
1794,0,0.5416660937396843,1,1,0.6964872612874908,1,1,0.4605927161392953,1,0,0.2549739767248883,0,0,0.13820772510494023,0,0,0.4339693090918722,0
1795,1,0.4706699549374631,1,0,0.34028251920224084,0,0,0.2257945443684104,0,0,0.4942958318662943,1,1,0.514706327409067,1,0,0.32032660724238166,0
1796,1,0.4849118910005136,1,0,0.3004818450071801,0,0,0.3095915490798207,0,0,0.4596631623989751,1,1,0.5304068218424794,1,1,0.4094559751520835,0
1797,1,0.5799675804379544,1,1,0.41173274409409893,0,1,0.6254910847948579,1,1,0.3602436582107795,0,0,0.17818589683198782,0,0,0.3736357875270357,0
1798,1,0.6975311487347527,1,0,0.36774291802833986,0,1,0.6170699667499385,1,0,0.33178207975453233,0,0,0.2671845218354395,0,0,0.3569043623877413,0
1799,0,0.3749800509638618,0,1,0.43529852629674376,1,0,0.23953201877680946,0,0,0.3414811074882106,0,0,0.34267307030840544,0,0,0.26602170001408754,0
1800,0,0.4327778550698553,0,0,0.4161455420658061,0,0,0.49228675599731475,1,0,0.3839698075719021,0,0,0.2599846077952433,0,0,0.4183272417601173,0
1801,0,0.5475320232672861,1,0,0.33546539093228667,0,0,0.3305588949571202,0,0,0.43792430544614286,0,1,0.39778838237035563,0,0,0.28091761119709324,0
1802,1,0.5461113206619174,1,1,0.6088550852879364,1,0,0.39550603653144834,0,0,0.3285809183159736,0,0,0.16489489956274203,0,0,0.39833576990351766,0
1803,0,0.46997857360853007,0,0,0.32986159613525845,0,0,0.3481079157173474,0,0,0.3511718492929294,0,0,0.21180185616324512,0,0,0.30395880773868295,0
1804,1,0.4519313496981541,0,0,0.3265428849898716,0,0,0.30361873343126533,0,0,0.4365727975084328,0,0,0.28320687141793494,0,0,0.30099720297498794,0
1805,1,0.5251501132776533,1,0,0.18334760412633647,0,0,0.17263589623069317,0,0,0.5358298500470591,1,0,0.16155181895700227,0,0,0.2692098040031621,0
1806,1,0.5226339407703325,1,0,0.29201693346574437,0,0,0.30871045878195047,0,0,0.3811910485024901,0,0,0.27571106264725964,0,0,0.42622362148937787,0
1807,0,0.3818417385682768,0,0,0.46957246220252474,1,0,0.275189526553624,0,0,0.3377058827829261,0,0,0.17042692894095213,0,0,0.24381569168208894,0
1808,1,0.5399728403028694,1,1,0.4099960657509127,0,0,0.30896303791038826,0,0,0.4232259650761047,0,0,0.36096931438649005,0,0,0.22337193505313932,0
1809,1,0.6020016040492071,1,1,0.6027394183357002,1,0,0.27941142287711906,0,0,0.35719975495444267,0,0,0.18048378104318827,0,1,0.31059559588594793,0
1810,1,0.6345992361909776,1,0,0.44656426678914546,1,1,0.5915801804336627,1,0,0.3157718610329223,0,0,0.1789653314695542,0,0,0.24358823590297832,0
1811,1,0.7822307819254743,1,0,0.42558523295554507,0,1,0.7945298660972584,1,0,0.30182247759287806,0,0,0.29714295484239867,0,0,0.38358275132206227,0
1812,0,0.31649790481574464,0,0,0.46027876964587267,1,0,0.2116801557467003,0,0,0.33918832047045144,0,0,0.20847115141842126,0,0,0.21932230071667677,0
1813,0,0.3635903144730993,0,0,0.44460182064291026,1,0,0.17080766895648086,0,0,0.3639189110092684,0,0,0.19148205890763967,0,0,0.20338185591767344,0
1814,0,0.6175449600641854,1,0,0.4270821973952033,0,0,0.41944641889467105,0,0,0.29316186905692126,0,0,0.2644514102021916,0,1,0.5897250264009474,1
1815,0,0.5037001356242606,1,0,0.3685839620644189,0,0,0.31349070535412465,0,0,0.24572218533104231,0,0,0.1941093227729169,0,0,0.30036577215076105,0
1816,1,0.7063248044412637,1,1,0.6140277048061985,1,0,0.3631314460178603,0,0,0.23101980456683985,0,0,0.2972115217725683,0,0,0.25291750096224086,0
1817,1,0.7006433334919903,1,1,0.6274842098865402,1,1,0.6399780954576519,1,0,0.35145193173466105,0,0,0.3381348177573333,0,0,0.3198340453287722,0
1818,0,0.381587193544049,0,0,0.25183362934536585,0,0,0.2648000746134785,0,0,0.5609749083427268,1,0,0.20369123432368647,0,0,0.4725134875945595,1
1819,0,0.4097631782093146,0,0,0.37635090260842874,0,0,0.368612070338275,0,0,0.34898007386982877,0,0,0.21163306195565296,0,0,0.29378032822027283,0
1820,1,0.5439986464792046,1,1,0.4560316422262854,1,0,0.29699634901224836,0,0,0.39226385269015085,0,0,0.32436887170724277,0,0,0.2923513255963787,0
1821,0,0.6629561459116602,1,0,0.33554311749089794,0,0,0.3022773590829885,0,1,0.6922881863380984,1,1,0.6189427443881819,1,0,0.23793924134137548,0
1822,0,0.467848395212184,0,0,0.2777087199155302,0,0,0.2497739383769036,0,0,0.3748800681711076,0,0,0.17056269906711422,0,0,0.47542641535921115,1
1823,0,0.5163832112131719,1,0,0.22364636402500643,0,0,0.24769367064409756,0,0,0.5995609187636586,1,0,0.2602510893026393,0,1,0.34115783667348526,0
1824,1,0.5472838509488074,1,1,0.6149558395206822,1,1,0.39667745451569963,0,0,0.44562723918789465,1,0,0.20661127148111508,0,0,0.3391062146914218,0
1825,1,0.6084686818333402,1,0,0.4245073548634745,0,1,0.5493652181569605,1,0,0.450687804770985,1,0,0.43104164633756636,1,0,0.492882414014082,1
1826,1,0.44886449734673867,0,1,0.5854865434734194,1,0,0.21416945759564734,0,1,0.2566452994300054,0,0,0.19299848867100014,0,0,0.2394429206522256,0
1827,1,0.4768335828512542,1,0,0.306335655353888,0,0,0.30403233441197236,0,0,0.3495320208653118,0,0,0.20615086813791392,0,1,0.3382862065823768,0
1828,1,0.5735481894958278,1,0,0.3383629988211934,0,1,0.5080130975420415,1,0,0.32601033749039177,0,0,0.13979836434980786,0,0,0.5700820763494162,1
1829,0,0.45117523417724026,0,0,0.3322499749179809,0,0,0.41611380456290187,0,0,0.3105583920189814,0,0,0.3127792021698713,0,0,0.32095424902968384,0
1830,1,0.47747242641199283,1,1,0.3387106716569557,0,0,0.29914558630070964,0,0,0.338443278378215,0,0,0.24520680828390848,0,0,0.29019858107265406,0
1831,1,0.6553753760327926,1,1,0.634210478009564,1,0,0.2778762144630882,0,0,0.3497032096936291,0,0,0.3377548463880461,0,0,0.3138207645476495,0
1832,1,0.7636709660321813,1,1,0.7102285583286266,1,0,0.25371449625305775,0,0,0.31061166289078396,0,1,0.33725259817418257,0,1,0.29695250799556355,0
1833,0,0.4947482928257371,1,0,0.19713630823455364,0,0,0.19283326508611418,0,0,0.3487954676427507,0,1,0.6378630595976154,1,0,0.24280014702836203,0
1834,0,0.46444756525818504,0,0,0.2952372123185096,0,0,0.31559665699339134,0,0,0.5443517589415677,1,0,0.2509609354384651,0,0,0.25549760057301624,0
1835,1,0.4446987108266389,0,1,0.38195444760531955,0,0,0.2478253886715945,0,1,0.3268259751818279,0,0,0.17227130775309824,0,0,0.37982264532823407,0
1836,0,0.48877568483893763,1,0,0.5105071832235792,1,0,0.29357817416458376,0,0,0.3968386087003885,0,0,0.3799526047890104,0,0,0.2681271869501162,0
1837,0,0.539587363892369,1,0,0.30615632323875597,0,0,0.3470059620167412,0,1,0.3511860685271644,0,0,0.19311091846492232,0,0,0.3571646405099815,0
1838,1,0.5072955642658538,1,1,0.3705553509383849,0,1,0.6547594738249168,1,0,0.37851704897826755,0,0,0.3174735032767489,0,0,0.407073606942938,0
1839,1,0.48439876779307656,1,0,0.26966671570348705,0,1,0.6684133669571805,1,0,0.33050324339931014,0,0,0.2174995334785636,0,1,0.6044419995948153,1
1840,0,0.42333032225530776,0,0,0.5176100318692144,1,0,0.23944121742823615,0,1,0.3038890809156469,0,0,0.18354226327371717,0,0,0.280238835584873,0
1841,1,0.4581418643628551,0,1,0.3945329487643573,0,0,0.3211774146665832,0,0,0.41051837892414655,0,0,0.21660977906866638,0,0,0.32295468707691766,0
1842,1,0.36167279719067574,0,1,0.6437396681420972,1,0,0.23799420186222792,0,0,0.4578458699665229,1,0,0.21070938970933287,0,0,0.3093109946842481,0
1843,1,0.5988801419289226,1,1,0.4587276589411517,1,1,0.381675856413065,0,1,0.36305452364341456,0,0,0.24351437399102602,0,0,0.4199003741733846,0
1844,0,0.4677963868872327,0,0,0.3511897315530828,0,0,0.4827367918391176,1,0,0.32260923317835577,0,0,0.1401612322807436,0,0,0.33505434376158466,0
1845,0,0.5442842603397462,1,0,0.41398102113311214,0,0,0.401752665141456,0,0,0.26620119308086654,0,0,0.29491969436317694,0,0,0.3755928003532412,0
1846,0,0.7519717047403933,1,0,0.6738389674623124,1,0,0.23999357264546906,0,0,0.4325476631275539,0,0,0.18581509307298358,0,0,0.623879855978781,1
1847,1,0.666226362234309,1,0,0.28686745446810813,0,1,0.607912591477841,1,1,0.3618884615103741,0,0,0.3514428510806142,0,0,0.29906255427661615,0
1848,1,0.6913704832138118,1,0,0.31747355611365824,0,1,0.7054246442779603,1,0,0.3235551720798994,0,0,0.23102025735702034,0,0,0.27192670908783,0
1849,1,0.5008730123374594,1,0,0.2962482596654366,0,0,0.6216244978459837,1,0,0.3540245388856198,0,0,0.18742544211002413,0,0,0.29433688070147557,0
1850,1,0.5347044698200253,1,0,0.35968644773179903,0,1,0.6576043825317109,1,0,0.4172247034791973,0,0,0.23549484733460133,0,0,0.4096089972856576,0
1851,0,0.3586608398392773,0,0,0.38499104973861975,0,0,0.2015846508763894,0,1,0.4693395775588845,1,0,0.27328554442518654,0,0,0.20697002196759984,0
1852,0,0.4948509337394756,1,1,0.40290723158905184,0,0,0.38167498459078175,0,0,0.3493437937366478,0,0,0.23000152239974786,0,0,0.40932182806917383,0
1853,0,0.49643430925161136,1,0,0.3553401373068504,0,0,0.31155781228451374,0,0,0.30704306331618386,0,0,0.25026820175060494,0,0,0.2943178376259817,0
1854,0,0.4155326550382324,0,0,0.3302425384977627,0,0,0.24915627311739305,0,0,0.32280588179662695,0,0,0.2912810544847705,0,0,0.2859048547173542,0
1855,0,0.5119620153769259,1,0,0.40865237074356775,0,1,0.6306057929153666,1,0,0.41837856901837406,0,0,0.22235631336585676,0,0,0.4075944479722146,0
1856,1,0.566636996819276,1,1,0.3322323928975597,0,1,0.31937950270904936,0,1,0.3851085941807957,0,1,0.351815047118515,0,0,0.44665083492331786,1
1857,1,0.6396011291027679,1,0,0.2892113710104637,0,0,0.3073385317720672,0,0,0.30274758522638334,0,0,0.3029269739528633,0,1,0.4726762234275538,1
1858,0,0.3650509758664325,0,0,0.29683639733756173,0,0,0.32181880476372365,0,0,0.3115671975108103,0,0,0.20901711774895274,0,0,0.3247659279315218,0
1859,0,0.46552842884310075,0,0,0.29974152352996625,0,0,0.34522814066003804,0,0,0.3162078098028845,0,0,0.5772631089639065,1,0,0.23931076684066327,0
1860,0,0.3505569726704009,0,0,0.45389523408149507,1,0,0.16634209159099234,0,0,0.33813400549916417,0,0,0.17973465219452855,0,0,0.21323562671644514,0
1861,1,0.7441169801258847,1,1,0.6628429381432867,1,0,0.3041742821521907,0,0,0.5045423103786398,1,0,0.30533999076418816,0,0,0.35899982272449704,0
1862,1,0.40517289127801887,0,0,0.2644358023837025,0,0,0.2782004368000239,0,0,0.33456402892636994,0,0,0.1886122466910376,0,1,0.7016764896178052,1
1863,0,0.5864340357070811,1,1,0.6510628770232677,1,0,0.3764108766833503,0,0,0.45929508916549344,1,0,0.21096792593361988,0,0,0.28010055045768223,0
1864,1,0.7006435251744317,1,0,0.37889195075449933,0,0,0.5335691945683017,1,1,0.40167647912474314,0,1,0.6183024777834046,1,0,0.24706355973886404,0
1865,0,0.5305479051567906,1,0,0.44556743796014775,1,0,0.32869391573282497,0,0,0.41814139752140833,0,0,0.27041694699496954,0,0,0.2964447496598469,0
1866,1,0.5049810600100023,1,1,0.5372823151735396,1,0,0.3142320932903778,0,0,0.2752926275745533,0,0,0.13156705338068828,0,0,0.2166025516176982,0
1867,1,0.4327420725933686,0,0,0.2948091971992628,0,0,0.41525133402865644,0,1,0.6356297108610705,1,1,0.5092930275561428,1,0,0.2588297565185738,0
1868,0,0.5582402804955908,1,0,0.3823793721816489,0,0,0.3114308901555883,0,1,0.5180684529208109,1,0,0.2452538821769133,0,0,0.29259878109329357,0
1869,1,0.7538782327775803,1,0,0.2463621288888394,0,1,0.5916017340926581,1,0,0.3902301635692055,0,1,0.6352505361881208,1,0,0.34240358815624694,0
1870,0,0.4408461974789399,0,0,0.35280816490821615,0,0,0.6607909707388226,1,0,0.36573285135301187,0,0,0.2563509806870507,0,1,0.5688558952935242,1
1871,1,0.41789320946745007,0,1,0.5768252189348104,1,0,0.21394609344496548,0,0,0.29246600519679067,0,0,0.1711337849015625,0,0,0.23013941935854265,0
1872,0,0.4867083015331509,1,0,0.2714373777387446,0,0,0.29259652502806255,0,0,0.6574471078767326,1,0,0.23691171471789702,0,0,0.2670070553370929,0
1873,1,0.43841072662092223,0,1,0.40208158380934006,0,1,0.351417568643626,0,0,0.34158949625067075,0,0,0.2616277952748598,0,0,0.33393039573561695,0
1874,0,0.5675713384681398,1,0,0.31698211981110064,0,1,0.692946300645358,1,1,0.3297579563611515,0,0,0.1896480526864744,0,0,0.2888317785527899,0
1875,1,0.46276715545345243,0,1,0.3223041872078155,0,1,0.5586230417464949,1,0,0.33636179080272127,0,0,0.2186423461963769,0,0,0.3461514518232556,0
1876,1,0.6960819262460735,1,1,0.6930549506979651,1,0,0.33640994374173405,0,0,0.5016275563196698,1,0,0.28143517611480906,0,0,0.290140859663317,0
1877,1,0.5540908429528609,1,1,0.6438996412232983,1,1,0.6681453650881097,1,0,0.27738210159578913,0,0,0.19353530762869187,0,0,0.29563710726869175,0
1878,0,0.281737838918663,0,0,0.21858820338011217,0,0,0.1549249324791743,0,0,0.2807869457523039,0,0,0.528599908545166,1,0,0.1945223059928016,0
1879,1,0.6894334758829185,1,0,0.3142364954343516,0,0,0.31160081612244517,0,0,0.3377020569341264,0,1,0.6112570411891506,1,0,0.3830878360489038,0
1880,1,0.5568414234091588,1,1,0.446934399681235,1,0,0.43319060652022606,0,1,0.3827458616626493,0,0,0.2970511429128401,0,0,0.3237654939248189,0
1881,1,0.5662134141031028,1,0,0.40506318075064385,0,1,0.5307293809385314,1,0,0.4108345592332996,0,0,0.29654333124782656,0,0,0.4311615627496498,0
1882,1,0.5798849738317743,1,0,0.356677444865814,0,1,0.7033860280227378,1,1,0.28689489521203304,0,0,0.23953179582272177,0,0,0.3235445323698947,0
1883,1,0.6976689135963419,1,1,0.8688452722607677,1,1,0.5551679236712777,1,0,0.30253988811091453,0,0,0.19002045196299908,0,0,0.3401852173119329,0
1884,1,0.37125792111617506,0,0,0.31965231598920724,0,1,0.35323720652027707,0,0,0.3870643311564214,0,0,0.18403320828497596,0,0,0.2906436701483765,0
1885,1,0.4822329518091395,1,0,0.2918916346093893,0,0,0.37560883965587183,0,1,0.6299281276364672,1,0,0.27697747554435515,0,0,0.4459495170286535,1
1886,1,0.4532103976397457,0,0,0.29836925709767526,0,0,0.2453026022704735,0,0,0.40159940605359445,0,0,0.15302332525854942,0,1,0.8329937208019386,1
1887,1,0.5576136062614403,1,0,0.39189200824039216,0,0,0.3060173113481075,0,1,0.619922528201202,1,0,0.2707652242975045,0,0,0.2799450748409529,0
1888,1,0.5562604486089319,1,1,0.5039631127563676,1,1,0.4671493890593527,1,0,0.3452017718174175,0,0,0.1927552190442746,0,0,0.31771208753029745,0
1889,0,0.43436589105177303,0,1,0.35939875308293845,0,1,0.3977310568686846,0,0,0.32803227777080396,0,0,0.17061473985808231,0,0,0.3468454063420172,0
1890,1,0.42660519372059225,0,1,0.3278563352379636,0,0,0.21670093788474712,0,0,0.3311922018492946,0,0,0.1871533066713303,0,0,0.25162439522622326,0
1891,1,0.7202961870118734,1,1,0.6632552297399568,1,0,0.29032509824881103,0,1,0.2425835765793761,0,0,0.2692977834106805,0,0,0.24142870032878092,0
1892,1,0.4108309264747936,0,1,0.4584494041774441,1,0,0.22457160834229645,0,0,0.40828097584567663,0,0,0.17940051693587944,0,0,0.28993547513592344,0
1893,0,0.5233601160643863,1,0,0.3470950395966648,0,0,0.2975661784133217,0,0,0.4321586859816505,0,0,0.6428085490351833,1,0,0.27126391685833323,0
1894,1,0.4913406704993371,1,1,0.5104417393511228,1,1,0.5889119142927887,1,0,0.3178861622432435,0,0,0.24866199282463503,0,0,0.4460104251449436,1
1895,0,0.5123743308206182,1,0,0.5081024126599943,1,0,0.3191006811197683,0,1,0.4760547562236242,1,0,0.2565081331511993,0,0,0.24178471096041548,0
1896,1,0.5228273492245389,1,0,0.4011715175064331,0,1,0.6367022204532564,1,0,0.3704806297013289,0,0,0.29076654911681465,0,1,0.3372560954849692,0
1897,1,0.46894742321707367,0,1,0.35822234251638235,0,0,0.30248600725484687,0,0,0.32601921937690986,0,0,0.22688660602581837,0,0,0.3243942729686627,0
1898,1,0.5333088673788252,1,0,0.42495458760851634,0,1,0.6580071487596796,1,0,0.30817628353113724,0,0,0.20200907466498308,0,0,0.37452354755094097,0
1899,1,0.49212675723725874,1,0,0.3661166823499334,0,0,0.2920596492939377,0,0,0.28896676129764887,0,1,0.5979006672789685,1,0,0.35816554494238645,0
1900,1,0.5566326022550462,1,0,0.28510823109204547,0,1,0.5321990255838449,1,0,0.28603786239282075,0,0,0.22854618444218885,0,0,0.3982513224821187,0
1901,0,0.42037400539676945,0,0,0.2786069636389994,0,0,0.19783225107506242,0,0,0.3246471270700344,0,0,0.18683405645622855,0,0,0.7446160724043458,1
1902,1,0.7114371844549413,1,1,0.6051118582243801,1,0,0.16878970159355416,0,1,0.5010133539866467,1,0,0.2389154031154404,0,0,0.2533735289676165,0
1903,1,0.5263896818310361,1,1,0.4328845424556963,1,0,0.2916704771047717,0,1,0.36784303293088344,0,0,0.28500678277987573,0,1,0.26741771495999556,0
1904,1,0.6985265584169197,1,1,0.8301889179336228,1,0,0.66184134649232,1,1,0.5262390998971427,1,0,0.19212906880431485,0,0,0.3564024357261745,0
1905,0,0.45901765699465635,0,0,0.36017450491663333,0,0,0.23641568126330775,0,0,0.4070629893680834,0,0,0.4096218399872496,0,0,0.2210423745395596,0
1906,1,0.6066384921799051,1,0,0.40336099272283266,0,1,0.5101892178232575,1,0,0.3728785383311549,0,0,0.12731918581749335,0,1,0.15617378926906894,0
1907,1,0.49433637057595375,1,0,0.5455798055127523,1,0,0.642748444600167,1,0,0.2885043295115095,0,0,0.21765431674430175,0,1,0.33067075500948157,0
1908,0,0.34552212535684124,0,0,0.400326327776938,0,0,0.33197510266794417,0,0,0.4502703200206013,1,0,0.1988091900578819,0,0,0.2512084464302255,0
1909,1,0.5321298427697779,1,0,0.21688285435652313,0,0,0.264034170675806,0,0,0.4095123942518069,0,0,0.2124965592481703,0,0,0.49384332102771133,1
1910,1,0.5448824430018884,1,0,0.4167661827172172,0,0,0.2761525764942253,0,1,0.43667047228158673,0,1,0.2553998872840375,0,0,0.3926821149665867,0
1911,1,0.5375727544245795,1,0,0.36670334716241665,0,1,0.31196643137951807,0,0,0.4021526702682388,0,1,0.32653708628395556,0,0,0.31353198681584843,0
1912,0,0.5925813020993835,1,0,0.7059708825564563,1,0,0.2704391252880452,0,0,0.24638286927250258,0,0,0.31838480872545166,0,0,0.26066792729617555,0
1913,0,0.4546759663024382,0,0,0.5363162894216414,1,0,0.19225669098163733,0,1,0.37210002965588607,0,0,0.22724711359218047,0,0,0.4135622225676673,0
1914,0,0.6102977320700416,1,0,0.31806158520589517,0,0,0.2824371218202687,0,0,0.3186936132761172,0,0,0.6801093491187082,1,0,0.30406640872849544,0
1915,1,0.4660880556426264,0,0,0.36566799428439495,0,0,0.3635752474177586,0,0,0.4159874094395359,0,0,0.30435550911234693,0,1,0.41137784401491523,0
1916,1,0.528516367139445,1,0,0.4027149672480623,0,0,0.281532218479274,0,0,0.38088885561743724,0,0,0.28103177230056103,0,0,0.37504415858124973,0
1917,1,0.4747777992392544,1,0,0.3278213325576662,0,1,0.30300640961461234,0,0,0.41274608534050955,0,0,0.25367617481950433,0,0,0.33863157162015056,0
1918,1,0.7135956374459348,1,1,0.6055572394804419,1,0,0.22489812575210577,0,0,0.3961983006733614,0,0,0.25978902076102267,0,1,0.3588155201574775,0
1919,0,0.5285648011763359,1,1,0.513849212960089,1,0,0.19419610358987333,0,0,0.3006914060161091,0,0,0.1791786150248549,0,0,0.2409967964536532,0
1920,0,0.4745746744496281,1,0,0.3423023825637369,0,0,0.3692577374548989,0,0,0.30592364968847824,0,0,0.2577263805711036,0,0,0.31121155322569843,0
1921,0,0.5229702757948729,1,0,0.37733203137047217,0,0,0.30164617043539876,0,0,0.4645906453547221,1,0,0.3724171710083063,0,0,0.3548004001688772,0
1922,0,0.5301575903725563,1,0,0.3389171938392638,0,0,0.5327696977580784,1,0,0.3070936427324578,0,0,0.15165157459854034,0,0,0.3448374872704752,0
1923,1,0.3567841046297663,0,0,0.31529544461689996,0,0,0.2535475084797338,0,0,0.36921640254712024,0,0,0.2723379091415271,0,1,0.2771364223236159,0
1924,0,0.38722540351338913,0,0,0.5612451221953164,1,0,0.25356397659079,0,0,0.2345342254828013,0,0,0.18935705312855008,0,0,0.2021139215082449,0
1925,1,0.6125583207228024,1,1,0.624680832638845,1,0,0.3306429510378099,0,0,0.34481918320891175,0,0,0.2171082584808709,0,0,0.33485411305677554,0
1926,1,0.5202840970137982,1,0,0.4031281667364034,0,1,0.6356259013801551,1,0,0.3689614542386966,0,0,0.2570015439096131,0,1,0.3529711731609882,0
1927,1,0.5135394036906649,1,0,0.43270279328434136,1,0,0.38035395385564513,0,0,0.3843784325217226,0,0,0.3332734372637787,0,1,0.47521741168336623,1
1928,0,0.47784235883342235,1,0,0.5254246606764863,1,0,0.16382944749494782,0,0,0.4626278457669914,1,0,0.17548617516370085,0,0,0.33558591294195217,0
1929,1,0.6248402837616197,1,0,0.3236658522366598,0,1,0.6666710562150256,1,1,0.2969274656391518,0,0,0.2505118791627214,0,0,0.2574963637954176,0
1930,1,0.6980237067490569,1,0,0.3861502134425101,0,1,0.5857391025127873,1,0,0.4432541759649631,1,0,0.6107714864289712,1,0,0.3322762782587826,0
1931,0,0.37342655272800396,0,0,0.4159725973100003,0,0,0.16537161204780204,0,0,0.2869181716860678,0,0,0.6212025882576809,1,0,0.22731108918400966,0
1932,0,0.3844114750497721,0,1,0.40828842238582425,0,0,0.1986619715876756,0,0,0.2611476079398404,0,0,0.16288493125528106,0,1,0.5369705481893148,1
1933,1,0.5292665860219751,1,1,0.5443175804368047,1,0,0.3311444728407596,0,0,0.3428979073563837,0,0,0.25571227585982176,0,0,0.3748297419195774,0
1934,1,0.6156827278235073,1,1,0.3978926646353693,0,1,0.8536497118517992,1,0,0.27205320387274157,0,0,0.2507516914722894,0,0,0.325407066927863,0
1935,0,0.4674916383558183,0,0,0.6597755173221558,1,0,0.2611490555471538,0,0,0.4347311997500399,0,0,0.1432372506151638,0,0,0.2906868417949864,0
1936,0,0.36187010945707837,0,0,0.3228562142928604,0,0,0.28314269971480327,0,1,0.6760726502545,1,0,0.30486557333354464,0,0,0.34853014638404195,0
1937,1,0.5229485783363252,1,0,0.38026330114546353,0,0,0.33072427345175753,0,1,0.3754357300524095,0,1,0.511420710541391,1,0,0.37961570953191937,0
1938,1,0.59795456156763,1,0,0.33752928343515304,0,1,0.5468098190435217,1,0,0.3211977346541653,0,0,0.21489729476096886,0,0,0.36725790704105576,0
1939,1,0.7201798999153327,1,0,0.4086093864113397,0,1,0.6004308848081831,1,0,0.39757791464851483,0,0,0.30328469291299054,0,1,0.4084726064241965,0
1940,0,0.4951083377474682,1,0,0.4455528162520206,1,0,0.31887716083196593,0,0,0.446865262340791,1,0,0.28399382277929164,0,0,0.281447893036936,0
1941,1,0.4755847816400821,1,0,0.3208473050108862,0,0,0.2656364709414163,0,0,0.4051903580369097,0,0,0.3136730745542104,0,1,0.33664015696375527,0
1942,0,0.4566565305206119,0,0,0.353082171460574,0,0,0.476436843748855,1,0,0.3100300855668608,0,0,0.3256224401448619,0,0,0.3023903362815975,0
1943,1,0.7294644715694741,1,0,0.2836299283645386,0,1,0.6485198744722418,1,0,0.2564784728908572,0,0,0.2955332536214845,0,0,0.21655997012279044,0
1944,1,0.48538287074409026,1,1,0.37182380177963836,0,0,0.2954014649011765,0,1,0.3223840208301951,0,0,0.384651124387679,0,0,0.2837387925110119,0
1945,0,0.48041581460797456,1,1,0.47356471644925996,1,0,0.3401550069388881,0,0,0.38478110974105734,0,0,0.2564027200085889,0,0,0.28782265978483595,0
1946,1,0.5599937663895878,1,0,0.2262004796016954,0,1,0.31149769531149113,0,1,0.6753518978694316,1,0,0.16723796327392132,0,0,0.4482124284500857,1
1947,0,0.4955005968521311,1,0,0.5966687408174458,1,0,0.5190931101661611,1,0,0.25087365418955665,0,0,0.20382126186792277,0,0,0.29988095508166307,0
1948,1,0.6319735600746526,1,0,0.4042742018732208,0,1,0.5719005292708101,1,0,0.3914679333063032,0,0,0.2145554301923158,0,0,0.4321522519709289,0
1949,1,0.4888538921183932,1,0,0.3705191474076477,0,1,0.35809308116337263,0,0,0.27763712839009974,0,0,0.2807266378810054,0,0,0.3644147031153597,0
1950,1,0.715646454070112,1,1,0.7767287995834354,1,1,0.5652725457264751,1,0,0.3234926508048186,0,0,0.2714145317489156,0,1,0.5468489324892566,1
1951,1,0.6753204339783052,1,0,0.4516653548012759,1,1,0.5319089265569065,1,0,0.3803106013339595,0,0,0.23646873691633208,0,1,0.31573149657958155,0
1952,1,0.5246477583254535,1,1,0.29791300511153856,0,1,0.646927987517576,1,0,0.3350056164320817,0,0,0.22542217240047277,0,0,0.5861973508699183,1
1953,0,0.34396772503291756,0,0,0.24824809683023616,0,0,0.2594738996475025,0,0,0.3238928567149522,0,0,0.14811813213730018,0,1,0.31344326706537845,0
1954,0,0.4922465693899958,1,0,0.42674214543475864,0,0,0.3824279126786653,0,0,0.3145964660615243,0,0,0.32915950695180657,0,0,0.34116496710996896,0
1955,0,0.4666230737846651,0,0,0.39537104899445585,0,0,0.31499856700834505,0,0,0.3460214592507908,0,0,0.25654930692519795,0,0,0.36012763455274704,0
1956,1,0.6306902888462055,1,0,0.3490173138695282,0,1,0.5058418113564792,1,0,0.39016961857731064,0,0,0.22041093236226025,0,0,0.48282300174252435,1
1957,0,0.4268986420442244,0,1,0.4789825759421616,1,0,0.4050231904866695,0,0,0.3137691635668455,0,0,0.18536448104604955,0,0,0.2939152366803685,0
1958,1,0.4781711512128908,1,0,0.362014930299822,0,1,0.7545750161885652,1,0,0.47926327570712585,1,0,0.2211111095948014,0,0,0.356073169981563,0
1959,1,0.5000886832326126,1,1,0.41547424274132666,0,0,0.3067207275140407,0,1,0.40778608808893624,0,0,0.26741082651656156,0,0,0.2931750877014342,0
1960,0,0.5365209791967784,1,0,0.2691260286713852,0,0,0.21539398179945668,0,0,0.6109795694306135,1,0,0.18305978129423445,0,0,0.2692690057384221,0
1961,1,0.5379824765145398,1,1,0.5066255968824311,1,1,0.49978671882026016,1,0,0.44987490564660654,1,0,0.20007604052338882,0,0,0.22604677091267655,0
1962,1,0.5284157564053457,1,1,0.7478155109243172,1,0,0.15246260916331733,0,0,0.34704259435723483,0,0,0.1445014790912066,0,0,0.3483137879148973,0
1963,0,0.5565631709010751,1,1,0.7093220115940453,1,1,0.5315373138896929,1,0,0.2411232005395191,0,0,0.19346132350842415,0,0,0.24602453162888516,0
1964,1,0.5231233102301854,1,1,0.4626300788493958,1,0,0.4208691031765831,0,0,0.1457909576151186,0,0,0.17644069812963242,0,0,0.16396151307324972,0
1965,0,0.5121239013471427,1,1,0.7422764055016499,1,0,0.23546413000667973,0,0,0.20445168738027428,0,0,0.17514840218864805,0,0,0.21886357528895803,0
1966,1,0.48973915070748725,1,0,0.30272287107645063,0,1,0.6308753976089136,1,0,0.336056926310014,0,0,0.21675340905873652,0,0,0.2264189767246688,0
1967,1,0.5215423789023518,1,1,0.4419867798290334,1,0,0.2187075582102164,0,0,0.4084873857166402,0,1,0.2982616136922116,0,0,0.3695332451210476,0
1968,0,0.5042153858937799,1,0,0.3575865971729157,0,0,0.36722937548305945,0,1,0.3945219312030498,0,0,0.25279765968687107,0,0,0.3258235214145591,0
1969,0,0.6496806640856422,1,1,0.6254991713412361,1,0,0.2771831580446706,0,0,0.44082872841066845,1,0,0.246825643041748,0,0,0.2971617605993591,0
1970,0,0.5274367799230615,1,0,0.40849515922130875,0,1,0.6226836191285241,1,1,0.5792722132606114,1,0,0.1713746794204801,0,0,0.35427948879233045,0
1971,1,0.5823244857862969,1,0,0.35801281414721414,0,0,0.6673354884595455,1,0,0.3564756596349802,0,0,0.19993789815686766,0,1,0.3160877058037116,0
1972,1,0.6118958968557118,1,0,0.24037139585679634,0,0,0.2781240165083832,0,0,0.41063192804238596,0,0,0.27860769213006814,0,0,0.565426587128305,1
1973,0,0.4082205492907939,0,0,0.3626740044968865,0,0,0.29920502519168146,0,0,0.34728653622065153,0,0,0.24520680828390848,0,0,0.3335134705922619,0
1974,0,0.443717055768288,0,0,0.35200492836565805,0,0,0.31987370458146674,0,0,0.35682861137636873,0,0,0.2530591292434452,0,0,0.3682056794276156,0
1975,0,0.6358232769779282,1,0,0.36852299948243256,0,1,0.8727729356107067,1,0,0.35648264337955865,0,0,0.25754712826121046,0,0,0.4654540701441252,1
1976,1,0.4740957146373127,1,0,0.29308242171110105,0,1,0.45303464315877995,0,1,0.5438359459916975,1,1,0.5240030763921282,1,0,0.32115210144724216,0
1977,1,0.5517867843406111,1,0,0.3858780087619701,0,1,0.33914055294918766,0,0,0.3535825045126429,0,0,0.22572361116343795,0,0,0.37953976457879324,0
1978,1,0.6684172307967652,1,0,0.27711450653119263,0,1,0.5761453111874512,1,0,0.34267277703346793,0,0,0.29075231326167955,0,0,0.35854995623418895,0
1979,1,0.8021877492422657,1,1,0.9075520784772777,1,1,0.625638070883557,1,1,0.25906165697306305,0,0,0.1847514275865465,0,0,0.339668748337999,0
1980,1,0.3468819153702828,0,0,0.2837292958860377,0,1,0.5128530514245709,1,0,0.511912726190573,1,0,0.16125291597768768,0,1,0.5585661543418953,1
1981,0,0.4574921125226833,0,0,0.2272377282356043,0,0,0.28093146291987803,0,0,0.5293591856162254,1,0,0.19693306326464877,0,0,0.3133590090603337,0
1982,0,0.42880336039711436,0,0,0.30207090607924436,0,0,0.28945567769353525,0,0,0.4247543013901954,0,0,0.49395711990544106,1,0,0.2938475666178777,0
1983,1,0.7348089373109898,1,1,0.6699026706959637,1,0,0.3979425947844045,0,0,0.35008775177907475,0,0,0.2625730292503604,0,0,0.29026924045388036,0
1984,0,0.4162029664232202,0,0,0.7685468798827277,1,0,0.15919752046233818,0,0,0.28990400329817284,0,0,0.17639942588291724,0,0,0.22886974086244302,0
1985,1,0.43310351966800453,0,0,0.31636588065361504,0,0,0.30538521237036154,0,1,0.6833770128280812,1,0,0.32495305548965914,0,1,0.23280121394400646,0
1986,0,0.4117559624542258,0,0,0.22762748325786042,0,0,0.334688098606054,0,0,0.3841213266207453,0,0,0.197362944870147,0,0,0.22427424053361258,0
1987,1,0.4757131602944814,1,1,0.37508548156212984,0,0,0.4043147606473518,0,0,0.5084828177644828,1,0,0.2952822818279131,0,0,0.3008513623831632,0
1988,1,0.5458365054710136,1,1,0.6284787221253356,1,0,0.23199596092734648,0,0,0.34125286795822046,0,0,0.19869288763713946,0,0,0.22466046069847193,0
1989,0,0.38387492019329794,0,0,0.3415571682751955,0,0,0.28649792501625265,0,0,0.297324912966459,0,0,0.3202142644705196,0,0,0.3923131162418662,0
1990,0,0.4551122574299825,0,0,0.27853677369992463,0,0,0.27465336518615985,0,0,0.44292801221279177,1,0,0.10802374661234898,0,0,0.6330582981809683,1
1991,1,0.5363397590933182,1,0,0.3414283719210347,0,0,0.27232381293002156,0,0,0.3833416401583551,0,0,0.2753199578958604,0,0,0.4334618067995366,0
1992,1,0.4564822580700917,0,0,0.6404338115624159,1,1,0.17170292573806661,0,0,0.3104201916056918,0,0,0.20507175197545927,0,0,0.18402235721441687,0
1993,1,0.4551774297832944,0,0,0.40754674701784316,0,0,0.3358703122866764,0,1,0.3502877807688329,0,1,0.49271024083450027,1,0,0.32269694943898536,0
1994,1,0.5401051632649776,1,0,0.3639705538682137,0,0,0.3212785069439216,0,0,0.5778738729644698,1,0,0.29137461110693524,0,1,0.3575877600792118,0
1995,0,0.451558840936839,0,0,0.3445709159746062,0,0,0.5778971442026497,1,0,0.39107013049926714,0,0,0.1831347976051885,0,0,0.3820292437153649,0
1996,0,0.34674501809151825,0,0,0.5513499490788408,1,0,0.28225319061483417,0,0,0.21243414215029602,0,0,0.16171507957326522,0,0,0.2271534722850451,0
1997,0,0.4636303886326006,0,0,0.5137706351255465,1,0,0.3749250122474357,0,0,0.3185693751733271,0,0,0.20503756509481594,0,0,0.23779531759082068,0
1998,0,0.2811567030600891,0,1,0.44639392082803264,1,0,0.18827500341092024,0,0,0.2746808130777323,0,0,0.20827417171804857,0,0,0.25360577527104294,0
1999,0,0.49237907716605844,1,0,0.3262902099485324,0,0,0.43675251776144236,0,0,0.3797363991141637,0,0,0.2318443618580515,0,0,0.2847841129087345,0
