row_index,true_abusive,prob_abusive,pred_abusive,true_Race,prob_Race,pred_Race,true_Religion,prob_Religion,pred_Religion,true_Gender,prob_Gender,pred_Gender,true_Sexual_Orientation,prob_Sexual_Orientation,pred_Sexual_Orientation,true_Miscellaneous,prob_Miscellaneous,pred_Miscellaneous
0,1,0.8649713789558987,1,1,0.25717342833605855,0,1,0.21034932477469237,0,1,0.17569291687559008,0,1,0.707824172987848,1,0,0.05689087529610304,0
1,0,0.6975215902496763,1,1,0.3353337465567054,0,1,0.2932437792153916,0,0,0.16528003179277614,0,1,0.0905834871692371,0,0,0.08389829138778433,0
2,1,0.9498036236769126,1,1,0.17065353260916274,0,1,0.9807337772400593,1,0,0.1345897978037488,0,0,0.11954252317245985,0,1,0.048974817441921364,0
3,1,0.905211438801267,1,1,0.9723294827326193,1,1,0.8233749839426087,1,0,0.067461657362915,0,0,0.04977046896404328,0,0,0.1760132606772881,0
4,0,0.7981594500450863,1,0,0.694570557631717,1,0,0.6645261065317403,1,0,0.33204818931233243,1,0,0.1264105450364825,0,0,0.20439538605817612,0
5,1,0.6005827568846258,1,0,0.07315764744418643,0,0,0.051539946259535445,0,1,0.3641520668162645,1,0,0.021007688971586475,0,0,0.06804421815244034,0
6,1,0.6310175651714339,1,1,0.36587487707120764,1,1,0.708520431890942,1,1,0.2605815617407395,1,0,0.04911478498842323,0,0,0.09508988603260833,0
7,1,0.8021043121391345,1,0,0.300981821556236,0,1,0.8829340270098612,1,1,0.11774188617598796,0,0,0.17155115667820317,0,0,0.17428517019921838,0
8,0,0.4163943683034385,0,0,0.5707905609147658,1,0,0.06775289849676631,0,0,0.1973899534111324,0,0,0.012831190980079203,0,0,0.11101421926881679,0
9,1,0.5553241838359998,1,0,0.06596085632094606,0,0,0.0027410963014899126,0,1,0.35385214816085603,1,0,0.027183085007276297,0,0,0.04748979512425439,0
10,1,0.6593735570781971,1,0,0.22055412640225217,0,0,0.12439251204889927,0,1,0.22122124643850835,1,1,0.7454858309787289,1,0,0.12613760121344295,0
11,1,0.7214547616120003,1,0,0.044684590884837984,0,1,0.8798177527896484,1,1,0.11740273535574446,0,0,0.2586938912572962,0,0,0.0691053911477258,0
12,1,0.8258726915134975,1,1,0.7674374194317926,1,0,0.05708050616935816,0,1,0.36416784305972416,1,0,0.04722206931248371,0,0,0.07984378262600791,0
13,0,0.4749576884065608,1,0,0.22867716021560025,0,1,0.6405077298256209,1,0,0.1842439039304857,0,0,0.06432655929000337,0,0,0.11369717951277337,0
14,0,0.6754589225376288,1,0,0.1932808181755994,0,0,0.2869248244576481,0,0,0.16172179691336686,0,0,0.037392943201456,0,0,0.09679439871820883,0
15,0,0.662239258935641,1,0,0.12651558816091515,0,0,0.04922319066109301,0,0,0.14306744863567317,0,0,0.0221028556548217,0,0,0.08193032872535404,0
16,1,0.8355066878831087,1,1,0.6653225218391979,1,0,0.2150703203773736,0,0,0.2374716672278451,1,0,0.014030156265308326,0,0,0.22165600339963717,1
17,1,0.24833832899381766,0,1,0.1592359272116504,0,0,0.07832734202981553,0,0,0.17818860796976335,0,0,0.04145327734608243,0,0,0.10542000495545885,0
18,0,0.5498091794114122,1,0,0.15638052861319995,0,0,0.07308173279720413,0,1,0.20230020323802503,0,0,0.11186488183370641,0,1,0.165758148579271,0
19,0,0.6350303063615756,1,0,0.32866095115579014,0,0,0.42374295211081686,1,0,0.3483222529136534,1,0,0.12057056435989444,0,0,0.11457994623887513,0
20,0,0.5678998216574938,1,0,0.21159897648373382,0,0,0.1274493597372689,0,0,0.42774079839680107,1,0,0.3852978403210432,1,0,0.1366644869753446,0
21,0,0.34441673070038176,0,0,0.13019854521371985,0,0,0.014287262071537141,0,0,0.2728561898846929,1,0,0.0357627760627855,0,0,0.07916102949874142,0
22,0,0.46914144136830777,1,0,0.1439008593765733,0,0,0.05902558046640984,0,0,0.2651585773172511,1,0,0.12712111423248226,0,0,0.1657260381738336,0
23,0,0.46934594718777056,1,0,0.20954425072727634,0,0,0.06401885624118644,0,0,0.18283001594932768,0,0,0.06922605557059976,0,0,0.0894326480274464,0
24,1,0.38870482196341527,0,1,0.33654930505538255,0,0,0.05635230902720966,0,1,0.4047953542396867,1,0,0.02533747083235584,0,0,0.1382939620664233,0
25,1,0.7314809671926629,1,1,0.6225082247503458,1,0,0.037554216425649455,0,0,0.3137985660569725,1,0,0.07646998031096931,0,0,0.06688246150782731,0
26,1,0.616424964877124,1,0,0.2523872465994408,0,0,0.09151857862815171,0,0,0.27247781550313205,1,0,0.05636618681864338,0,1,0.330773339717407,1
27,0,0.47005841078614874,1,0,0.08238091562727357,0,0,0.2741191803103041,0,0,0.1161638860218217,0,0,0.021324064604117038,0,0,0.14794207007368826,0
28,0,0.5487189324560283,1,0,0.2147983918330295,0,1,0.7688214327954968,1,0,0.12979988051849914,0,0,0.015013104055060317,0,1,0.26959619202696744,1
29,1,0.6304880511138862,1,0,0.3148224569583061,0,1,0.22435319287582203,0,1,0.43126956027058583,1,1,0.1889862004715274,0,1,0.1605928766662971,0
30,1,0.6096670280882776,1,1,0.16288813589283446,0,0,0.14385657536927635,0,0,0.08240052612891091,0,0,0.06547615103316475,0,1,0.2490849539701705,1
31,1,0.7044938055613299,1,1,0.8998047900407055,1,0,0.08148135487493707,0,1,0.2871470387435136,1,0,0.04580781684246168,0,0,0.17177385099655937,0
32,1,0.8321848359533988,1,1,0.9843953254814317,1,0,0.10991402488733083,0,0,0.12098320423733035,0,0,0.02001531593491586,0,0,0.03293359503521909,0
33,0,0.43183750307492635,1,0,0.2244801237380514,0,0,0.019810420285979003,0,0,0.10710415489764581,0,0,0.017159907996679772,0,0,0.18367314772174093,0
34,1,0.8867540518461307,1,1,0.9019057437084276,1,0,0.10126568102658562,0,0,0.13136598460026958,0,0,0.01795905781910879,0,0,0.06887138751288449,0
35,0,0.33823450382335785,0,0,0.11577634452183871,0,0,0.0562958143642247,0,0,0.16796675178499287,0,0,0.05006667975083623,0,0,0.12284621387332101,0
36,1,0.8120960510051417,1,1,0.8514128289337819,1,1,0.7655214988674879,1,0,0.17584238494531865,0,0,0.042860922946991654,0,0,0.08647972046062445,0
37,1,0.8569402444731405,1,1,0.7050166313161238,1,0,0.14080448055705788,0,1,0.31337994290083027,1,0,0.032334114512292185,0,0,0.17170443735318472,0
38,0,0.8396742721518119,1,0,0.21686567977069737,0,0,0.07672486099603022,0,0,0.4965440024696444,1,0,0.10976931544805753,0,1,0.14954595987139638,0
39,1,0.922807073272922,1,1,0.5960770438531456,1,1,0.6936018209301861,1,0,0.17736776473429153,0,0,0.11248858704533604,0,0,0.1320565743489185,0
40,0,0.5961665611361079,1,0,0.24349939065668955,0,0,0.1274877333560951,0,0,0.5040223876301312,1,0,0.07992663045660084,0,0,0.08527538252646356,0
41,1,0.5504195320897983,1,0,0.09187544769512751,0,0,0.05038801464487764,0,1,0.41564212533767336,1,0,0.01590171349632018,0,0,0.06797070600461398,0
42,1,0.6144343784042756,1,0,0.364937108867504,1,1,0.3153521235009469,0,0,0.2629463761503695,1,0,0.12242488531873437,0,0,0.20376003565069703,0
43,0,0.14346164398401895,0,0,0.08297626767475606,0,0,0.014816160817403853,0,0,0.052082912811294256,0,0,0.7303521752635159,1,0,0.036697414136268425,0
44,0,0.5134771060232375,1,0,0.6423620682609869,1,0,0.07350646585632795,0,0,0.09604916544105484,0,0,0.03155617110393912,0,0,0.10398707302131938,0
45,1,0.7863712577042744,1,0,0.13086391147347926,0,1,0.9266248470962982,1,0,0.18037435159126977,0,0,0.055257567682806076,0,1,0.4022531781769006,1
46,1,0.4671850130130541,1,1,0.2778314311475924,0,1,0.1884181136005401,0,1,0.2831433743637987,1,0,0.050928425761571465,0,1,0.08666894714356059,0
47,1,0.5139955905676948,1,0,0.18684596259443287,0,0,0.10693117870295672,0,0,0.26376593909366947,1,1,0.5747158011989294,1,0,0.3109910438099095,1
48,1,0.6277227633960175,1,1,0.7401333307607989,1,0,0.14505708779053889,0,0,0.2837027943051735,1,0,0.1521817440054456,0,0,0.07716816362244823,0
49,1,0.8204311502633446,1,0,0.3235151494608033,0,0,0.21056699922668246,0,0,0.12442821871965332,0,1,0.8026405861883849,1,0,0.12955901828808777,0
50,1,0.6821934360218224,1,0,0.7323488142491135,1,0,0.10812501353063952,0,0,0.31909346040703795,1,0,0.026538678375827015,0,1,0.2934916166690007,1
51,1,0.9442176437878972,1,1,0.9916657478156005,1,1,0.8186433824392827,1,0,0.09554636083973421,0,0,0.0305148399786128,0,0,0.066173258804075,0
52,0,0.6859736390804173,1,0,0.8468840014508879,1,0,0.009315317086576838,0,0,0.1815987497754973,0,0,0.004281858919816425,0,0,0.7447725477150634,1
53,0,0.6122047627119583,1,0,0.15657514580759668,0,0,0.04814056276997306,0,0,0.23886924179969513,1,0,0.04563924133285002,0,0,0.6579578855969686,1
54,1,0.2880223084253226,0,0,0.08614500606524783,0,0,0.05755849534388837,0,0,0.1729604709694176,0,1,0.8228655463571982,1,1,0.0674660019379062,0
55,1,0.838356666915617,1,1,0.5236097482795616,1,0,0.12190940461826079,0,0,0.1308513926527355,0,1,0.5148719368239504,1,0,0.1353255460648258,0
56,0,0.5984857204254181,1,0,0.40766377727491204,1,0,0.2258013975167734,0,1,0.21473584622538974,0,0,0.06643633304916895,0,0,0.47137781479780666,1
57,0,0.698560909389479,1,0,0.09771610765661654,0,0,0.047640734696263204,0,0,0.44837086196250525,1,0,0.04241678225398304,0,0,0.0482285044856966,0
58,1,0.8002388135244605,1,1,0.888278816610518,1,0,0.19810580691388754,0,0,0.142530115473424,0,0,0.023647141091125996,0,0,0.2847686095133963,1
59,0,0.622754833938445,1,0,0.19589148016886973,0,0,0.2594586826432958,0,0,0.13114043722660973,0,1,0.6043262872320491,1,0,0.2635395481402322,1
60,0,0.2973474231477194,0,0,0.1718232326853403,0,0,0.026712280858236265,0,0,0.06594883046980658,0,0,0.2805954214102811,1,0,0.06673763239740878,0
61,0,0.6244781827223661,1,0,0.4171392871513801,1,0,0.04938717091362785,0,1,0.17516312557591038,0,0,0.032905367710198224,0,0,0.3647387645703448,1
62,1,0.6541907480387957,1,0,0.2896278562413939,0,0,0.40694093374851065,1,0,0.18470792607704553,0,0,0.020347194050154612,0,1,0.2217436420891615,1
63,1,0.7471770183849755,1,0,0.27674394060198043,0,0,0.3316101884531189,1,0,0.11076257294088887,0,0,0.09036347332186741,0,1,0.2993027951944281,1
64,0,0.3806959633507611,0,0,0.2707394140389653,0,0,0.009170790255388077,0,0,0.17759871338914124,0,0,0.05336093334766229,0,0,0.05863280715210586,0
65,0,0.45905814100203096,1,0,0.3098580449100205,0,0,0.023437847145417055,0,0,0.3765431928863377,1,0,0.07036020332085118,0,0,0.061442569289868666,0
66,0,0.5162038641156751,1,0,0.1859839271686915,0,0,0.03949583666239283,0,0,0.09870791225098889,0,0,0.04095459098693879,0,0,0.07552310349525575,0
67,0,0.5558760846797043,1,1,0.461452336612318,1,0,0.1588159526016698,0,0,0.09231275012233296,0,0,0.034501888681661264,0,0,0.2827365500392894,1
68,0,0.5916638142371835,1,0,0.09239733593003914,0,0,0.10453015652899593,0,0,0.2881200601648178,1,0,0.054667756123608774,0,0,0.07492134334697115,0
69,1,0.8281092505300833,1,0,0.10482820467062813,0,1,0.7954482254604388,1,0,0.08651848836001226,0,0,0.013076776296425403,0,0,0.29902375731858116,1
70,1,0.8603092186572617,1,1,0.9094330547105441,1,1,0.040841992746775725,0,1,0.1919353648550636,0,1,0.050483216827707726,0,0,0.06705836295755163,0
71,1,0.7158922414834014,1,0,0.13990453119702492,0,0,0.05342843294257885,0,1,0.5656112236636378,1,0,0.057321055314662396,0,1,0.09332131433013142,0
72,1,0.8109341443341065,1,0,0.38303360345635323,1,0,0.07923610986408186,0,0,0.2624017875746396,1,0,0.16163739483586886,0,1,0.5966285703766622,1
73,1,0.2841035144975097,0,0,0.13402003499873336,0,0,0.10784152630762507,0,1,0.22975725983034442,1,0,0.053093505348591225,0,0,0.1606190949764074,0
74,0,0.29559271688250915,0,0,0.3869562825757044,1,0,0.041139684869199104,0,0,0.19810747186828123,0,0,0.1656023728977273,0,0,0.07035848498209174,0
75,1,0.433392533254961,1,0,0.051462977104685365,0,0,0.018457281828332343,0,1,0.5887740245924843,1,0,0.013559039192013308,0,0,0.06736716637456615,0
76,0,0.3396591093348941,0,0,0.14267105661953916,0,0,0.051662798927413794,0,0,0.17312498984226274,0,1,0.22291123128720294,0,0,0.1095886350928842,0
77,0,0.5294178038882399,1,0,0.2591388334347937,0,0,0.1136663809856796,0,0,0.15669261259908784,0,0,0.04416271834819758,0,0,0.11892525423238999,0
78,1,0.3631420362788598,0,0,0.09897203512733238,0,1,0.06486012920343394,0,0,0.08161905501244365,0,0,0.06187129063746435,0,0,0.27635905603560085,1
79,0,0.4790891044207846,1,0,0.7028139105934151,1,0,0.012068007923883668,0,0,0.1893575163201943,0,0,0.013278973312784331,0,0,0.007106004115099024,0
80,1,0.6573363427358793,1,1,0.3290540689507368,0,1,0.4174738299793463,1,0,0.12035985840010728,0,0,0.01317745247805945,0,1,0.17768838186272537,0
81,1,0.3825867472685665,0,0,0.11258772803255095,0,0,0.05635006501898715,0,0,0.23543662671056934,1,0,0.1145235929368263,0,0,0.06356288829508208,0
82,0,0.684734672174788,1,0,0.45238313265399244,1,0,0.3356567103007564,1,0,0.21535904655714744,0,0,0.1859495318791183,0,0,0.1936758650551964,0
83,0,0.3710140830385857,0,0,0.29847917992114503,0,0,0.055466974675422616,0,1,0.2203827703966875,1,0,0.021703337028615637,0,0,0.2659102221332323,1
84,1,0.5888686162653761,1,1,0.48591784468997484,1,1,0.45448068051236395,1,0,0.12824740498106793,0,0,0.012194893968605467,0,0,0.26848695623719376,1
85,0,0.4035487609355233,0,0,0.17220325940390313,0,0,0.1326770617930139,0,0,0.10758823202593437,0,1,0.7593790655645546,1,0,0.06780447999146393,0
86,1,0.6974701415748713,1,1,0.8338987245839459,1,0,0.044936805432912195,0,0,0.20717446389437844,0,0,0.05045582111534172,0,0,0.07182731070771088,0
87,1,0.6894060012943056,1,1,0.28809716820111153,0,0,0.45582164273885245,1,1,0.15876760756775352,0,1,0.07000557524111824,0,0,0.3548640653676773,1
88,1,0.8526476068681833,1,0,0.1877808836455844,0,0,0.013787726538319839,0,1,0.3165447135893143,1,0,0.05847873386114246,0,0,0.5782483380860417,1
89,1,0.8459017177622515,1,0,0.1327206559262498,0,0,0.1502619507234143,0,1,0.3739163581539036,1,0,0.2547337448461647,0,0,0.21997666337276198,0
90,0,0.7762382398993376,1,0,0.6130892329071874,1,0,0.09863936285378723,0,0,0.24805522807135916,1,0,0.06044287403095746,0,0,0.2332389335363437,1
91,1,0.5342903032527037,1,0,0.13821854432014874,0,1,0.043269301596219854,0,0,0.18724566937132422,0,0,0.04095039010049654,0,0,0.20788371139854114,0
92,1,0.4216222460078509,0,1,0.20500955411449048,0,0,0.23795456456243172,0,0,0.1690982122295461,0,0,0.08201188136617138,0,0,0.18476547598450246,0
93,1,0.7308133977643325,1,0,0.1498682590771658,0,1,0.13741385488359467,0,1,0.15312097296498625,0,1,0.12921743944410255,0,0,0.1347607356500599,0
94,0,0.5569564798171601,1,1,0.42762854132164413,1,0,0.10961128672547286,0,0,0.1306889325215144,0,0,0.017012876105427486,0,0,0.20626468189788805,0
95,1,0.806233641162852,1,0,0.12908387331164783,0,1,0.9607608865498375,1,0,0.19446349235151442,0,0,0.04770334021465606,0,0,0.15500223112213662,0
96,1,0.6150633943288557,1,1,0.8454387895925506,1,1,0.227248119128143,0,0,0.18291266766558187,0,0,0.05602210632796472,0,0,0.2880729149788349,1
97,1,0.3631470860592419,0,0,0.1502807546652948,0,0,0.04444264137816608,0,0,0.1558239488655224,0,1,0.11913006476761562,0,0,0.15238749232240123,0
98,1,0.7299689184274669,1,0,0.11865311336193198,0,0,0.14661801271923314,0,0,0.44675394223425363,1,0,0.10172849245959832,0,1,0.05809647595644041,0
99,0,0.2935779278696164,0,0,0.16825259901493142,0,0,0.06541489958006792,0,0,0.08343706592297394,0,0,0.08450959324878786,0,0,0.10103643147584072,0
100,0,0.7990967934045589,1,0,0.696957290833514,1,0,0.08463854212815358,0,0,0.1929585821015667,0,0,0.06738533069779169,0,0,0.10620004262580722,0
101,1,0.5085397450299863,1,1,0.18338372877037856,0,1,0.4981524764368574,1,1,0.20215339388007592,0,0,0.025137527252210013,0,0,0.2746697222725222,1
102,0,0.5082965801033059,1,0,0.2912479356896088,0,0,0.10836190415558727,0,0,0.14974924852440277,0,0,0.33934791516660257,1,0,0.2661859414378522,1
103,1,0.6411226777080019,1,1,0.2955243887649723,0,0,0.011534860496728324,0,0,0.20999151334560262,0,0,0.030123607720018843,0,0,0.3942655434099726,1
104,1,0.3698722083498214,0,0,0.14728911587232915,0,0,0.11789301909998291,0,0,0.14633931836738143,0,1,0.05750106013092674,0,0,0.12234762306013341,0
105,0,0.5821601182977564,1,0,0.38063777882711886,1,0,0.17791743305181654,0,0,0.11933959094900361,0,0,0.02313564772065038,0,0,0.15623700916939076,0
106,1,0.5605059606602646,1,0,0.20978642567952818,0,1,0.4254311576886532,1,0,0.17690355416336148,0,1,0.3831243326937732,1,1,0.1501686554827415,0
107,1,0.47715311502894325,1,1,0.456900690006718,1,0,0.1243663544785752,0,0,0.09582726346997857,0,0,0.06622468863312399,0,0,0.13126324464586456,0
108,0,0.6071511133819056,1,0,0.38086819767096397,1,0,0.12124216192487558,0,0,0.14320232421063372,0,0,0.0322468837625925,0,0,0.07007608736931457,0
109,1,0.8956268526758656,1,1,0.9559896360737636,1,0,0.06864276004242319,0,0,0.13453064297395323,0,0,0.03513275861608025,0,0,0.13772211370242388,0
110,1,0.515307754154819,1,0,0.4445837785976792,1,1,0.07055024328300213,0,0,0.13827898136617092,0,0,0.011565308262710154,0,0,0.026323352936010333,0
111,1,0.5099709543368108,1,0,0.3057232759252442,0,0,0.043798590376464545,0,0,0.13024114543466642,0,0,0.026397529883471976,0,1,0.32191220861405473,1
112,0,0.6179275504390976,1,0,0.9026320168834646,1,0,0.00443812161524029,0,0,0.24295615397722345,1,0,0.06535213904383312,0,0,0.3342165803179688,1
113,1,0.6043428000799139,1,0,0.11593631027879799,0,0,0.0646839045848674,0,1,0.3774982118079701,1,0,0.038471320436958965,0,0,0.1459755248405081,0
114,1,0.7160321613257065,1,0,0.08220114422140003,0,0,0.1624629691537408,0,1,0.24303512147636017,1,1,0.40679251648844184,1,0,0.13752798543694744,0
115,1,0.5418768976269175,1,1,0.1432961638771518,0,0,0.0523358457202317,0,0,0.17241594803423274,0,0,0.09561677815304977,0,1,0.32485560536489316,1
116,0,0.376009129666703,0,0,0.43707731693616586,1,0,0.11754659858353293,0,0,0.12430437839265492,0,0,0.01664647284376388,0,0,0.15703339626214244,0
117,1,0.9571128573418336,1,1,0.9905837326199239,1,0,0.04199006227883199,0,0,0.20157699670140214,0,0,0.02670806128482625,0,0,0.032611218112563824,0
118,0,0.5578040787901107,1,0,0.47473612705832263,1,0,0.2162921873040593,0,0,0.29379419155418734,1,0,0.03767917094901626,0,0,0.14675010799383845,0
119,1,0.7841408738998265,1,0,0.11180453115433109,0,1,0.33674268041575184,1,0,0.13612485411601594,0,1,0.29302059154931737,1,0,0.1410397177422685,0
120,0,0.46328366110389246,1,0,0.2411887935221496,0,0,0.14182845887995407,0,0,0.1915533737925568,0,0,0.020752705467819318,0,0,0.09063069495729083,0
121,0,0.7339387129426905,1,0,0.07801007919141427,0,0,0.02265416647041112,0,0,0.20003929763219827,0,0,0.03325023644712336,0,0,0.3013731344068212,1
122,1,0.9486978219249714,1,0,0.06328710991608628,0,1,0.9932812689310128,1,0,0.1332351226448598,0,0,0.020246775525813467,0,0,0.050369628108976126,0
123,1,0.5422911413978403,1,1,0.24299005138104768,0,1,0.23819861288416097,0,0,0.08212333798808459,0,0,0.027512770556693423,0,0,0.2074524001853483,0
124,1,0.4723755022865394,1,0,0.11966510367007666,0,0,0.21709896592738595,0,0,0.07308571972959131,0,1,0.6263387405189352,1,0,0.1943295162728984,0
125,0,0.3830240372516413,0,0,0.2592630883752205,0,0,0.04867919138397147,0,0,0.1560302724301473,0,0,0.024049684693629267,0,0,0.07874574049687898,0
126,0,0.5123485459646373,1,0,0.06822217378724367,0,0,0.07074532184799914,0,0,0.1598364924775457,0,0,0.02016714795474341,0,0,0.26970141430664213,1
127,0,0.5725594959029192,1,1,0.8241684460756332,1,0,0.11260715700819011,0,0,0.13850262346930742,0,0,0.040359915085667726,0,0,0.13819154504849837,0
128,1,0.8259108451464633,1,0,0.32307495629996774,0,1,0.9939110815267282,1,0,0.21227368240011124,0,0,0.01818062095714851,0,0,0.033597313401708274,0
129,1,0.6110799572280852,1,1,0.7955971483221305,1,0,0.07867762694660911,0,0,0.06644537901315344,0,0,0.017400114761247077,0,1,0.21534638258478048,0
130,0,0.47929752147188687,1,0,0.62247386035754,1,0,0.09346922985272028,0,1,0.1606362286795627,0,0,0.025163866485412762,0,0,0.031599798131927974,0
131,1,0.6908918151110323,1,0,0.36894401831476414,1,1,0.6393934195557492,1,0,0.13006505697286427,0,0,0.05106735811463284,0,1,0.17661465731012846,0
132,1,0.66289976525559,1,0,0.17606202029909865,0,0,0.009512854314194644,0,1,0.22581084394352416,1,0,0.1482493419335109,0,0,0.1327248651215455,0
133,0,0.7982459817205472,1,0,0.13135157847395587,0,0,0.032790448615982876,0,0,0.3938968592249059,1,0,0.06473220636992573,0,0,0.18653812205398515,0
134,0,0.2566860029305916,0,0,0.542135072670498,1,0,0.012279224012149835,0,0,0.15437193551093095,0,0,0.014516582860079627,0,0,0.14647658296283514,0
135,1,0.7002722053546816,1,1,0.6761891085703274,1,0,0.1533361545882788,0,1,0.19017582444575445,0,0,0.007906722802744346,0,0,0.187811353653627,0
136,0,0.5847987205141899,1,0,0.205815277197996,0,0,0.4652219376539435,1,0,0.3988626969741163,1,0,0.23566985412949584,0,0,0.16877741402332683,0
137,0,0.26855441467401314,0,0,0.1679092203265787,0,0,0.043541136990374006,0,0,0.10051133832759025,0,0,0.011194441885451328,0,0,0.13212195690512016,0
138,0,0.3583662470807729,0,0,0.05601923564692001,0,1,0.12442792361368497,0,0,0.1362924542951124,0,0,0.07429582100853957,0,0,0.11544735079830386,0
139,1,0.5253403098245252,1,1,0.48957469378325946,1,0,0.38038928902181346,1,0,0.19289186925426494,0,0,0.01389168873526171,0,0,0.0643311715077713,0
140,1,0.3614563556958168,0,0,0.0858074769624058,0,0,0.008651074208272267,0,0,0.11166081987152937,0,1,0.8112249226826697,1,0,0.07193976083698077,0
141,0,0.604381422676622,1,0,0.6035819112144277,1,0,0.17507378975862553,0,0,0.15633944222310858,0,0,0.008060736094844511,0,1,0.3073334512793316,1
142,1,0.5778488165125933,1,0,0.13420793864962235,0,0,0.12324340416220757,0,0,0.12809245998824248,0,0,0.10920467831650577,0,1,0.38299723253091145,1
143,1,0.7623933002995639,1,1,0.5276211646524941,1,0,0.11982456722481123,0,0,0.14461197748757582,0,1,0.27808490287046345,1,0,0.051414083353014305,0
144,0,0.5710667359425703,1,0,0.4804729764838192,1,0,0.0173651374633159,0,0,0.21704924155532299,0,0,0.07122164764950094,0,0,0.13963933860129077,0
145,1,0.5369844008160999,1,0,0.1777130910030441,0,1,0.7158911267761857,1,0,0.2257050098507872,1,0,0.019765210303365883,0,0,0.10807364840936706,0
146,0,0.3541954093021992,0,0,0.0834758408078744,0,0,0.11357849407684995,0,0,0.08278420183574033,0,0,0.008100801315691738,0,0,0.09683382722700963,0
147,0,0.48701249835650734,1,0,0.3196465312816405,0,0,0.13949834442957004,0,0,0.19921674433426295,0,0,0.11110388183717622,0,0,0.16534648191510778,0
148,1,0.8915034570591821,1,0,0.28714151460862947,0,1,0.9903601338923869,1,0,0.12307635855703358,0,0,0.06920734147686985,0,0,0.21628290295880373,0
149,1,0.4992512781044625,1,0,0.27028020401129316,0,0,0.03534244072947924,0,0,0.1318792972291589,0,0,0.0512469750698921,0,1,0.2656305326409612,1
150,1,0.5419539760971279,1,0,0.19920431249822182,0,0,0.09178401907592837,0,0,0.24926267447679376,1,0,0.04810560125531068,0,1,0.26932291209350706,1
151,0,0.5370476784965852,1,0,0.5902349215231055,1,0,0.07953661010430298,0,0,0.12743254252349362,0,1,0.2203510838057561,0,0,0.060576649372783155,0
152,1,0.7749431625183892,1,0,0.20805360935307504,0,0,0.1524114317389504,0,0,0.24199401214846797,1,0,0.23020642042176245,0,0,0.4724486749223599,1
153,1,0.5809883154614587,1,0,0.12617915205430308,0,0,0.04476994263216347,0,0,0.27690456137085695,1,1,0.2447549518091908,0,0,0.10826364272770396,0
154,1,0.6181639371026226,1,1,0.4899224356183602,1,1,0.9071392196992251,1,0,0.1748596183215773,0,0,0.050371396713435324,0,0,0.1932488098035197,0
155,0,0.5808799774831892,1,0,0.34250865381211676,1,0,0.037714886408527305,0,0,0.21076823020509253,0,0,0.5461170230687551,1,0,0.0908340223306025,0
156,0,0.13884137260090798,0,0,0.1581241071434666,0,0,0.11750593034564998,0,0,0.06737801699682888,0,0,0.008463523825181627,0,0,0.08389963414457303,0
157,1,0.6867467473722909,1,1,0.284783041272063,0,1,0.9116375850914168,1,1,0.21606634728501406,0,0,0.0848075949024605,0,0,0.22309430335538738,1
158,1,0.8975160045170648,1,1,0.963256890805158,1,0,0.028586009550567195,0,0,0.1288051260221129,0,0,0.044888520572970714,0,0,0.1571067979128936,0
159,0,0.5115999976036496,1,0,0.08211876718637785,0,0,0.082659166378358,0,0,0.04280967798438346,0,0,0.016409703214055108,0,0,0.6025645160554993,1
160,1,0.4652479130503599,1,1,0.22895062608901415,0,0,0.2101734227073421,0,1,0.3405620540572647,1,0,0.038401832249041944,0,0,0.15268562634353636,0
161,1,0.4692531381638741,1,1,0.3153444950884639,0,1,0.16014275963272603,0,0,0.12395337075209296,0,0,0.10744779486204925,0,0,0.25492718221554567,1
162,1,0.5514134407066221,1,1,0.30589286480434513,0,0,0.12312511533325184,0,0,0.14572319467046538,0,0,0.1721739205063327,0,0,0.11549651329965549,0
163,0,0.531538413530746,1,0,0.2828353718876188,0,0,0.22789489360362603,0,1,0.183554162724076,0,0,0.045773430026371444,0,0,0.06436167917980963,0
164,0,0.2576007649991947,0,0,0.575940313623862,1,0,0.03600354345794635,0,0,0.07762830640733809,0,0,0.014729327861877356,0,0,0.020683786861019113,0
165,1,0.2841678512000447,0,0,0.1390402365173641,0,1,0.5180097049334967,1,0,0.10492960216892767,0,0,0.03003821477264024,0,1,0.30456010440988757,1
166,1,0.8445057473095264,1,1,0.8705721617043919,1,0,0.5776491079039262,1,0,0.10192531482639089,0,0,0.01869333931255862,0,0,0.1051956353584287,0
167,1,0.9275558956987814,1,1,0.5656339091791817,1,0,0.15267462130336582,0,0,0.16041564712260012,0,0,0.06540126023763278,0,1,0.27572977672027216,1
168,0,0.3157940002612433,0,1,0.7017604912700371,1,0,0.033330505002770905,0,0,0.1433695544205508,0,0,0.02499074885696906,0,0,0.1372258964112048,0
169,0,0.5272552246338429,1,0,0.12691567201705012,0,0,0.14008670881463828,0,1,0.42014204143018796,1,0,0.06185692084543178,0,0,0.06113006624152149,0
170,1,0.37886527678972365,0,0,0.16999989171127064,0,1,0.6578601780565813,1,0,0.15663558471760855,0,0,0.035875593563657986,0,0,0.15711807555787946,0
171,0,0.56398719453251,1,0,0.21956448849298282,0,1,0.8716166596174686,1,0,0.16713294474033266,0,0,0.03310383192530413,0,0,0.1246093417011671,0
172,1,0.4529405956060318,1,1,0.24415096011898987,0,0,0.16415659929456333,0,0,0.12574514902996578,0,0,0.023629658931897363,0,0,0.14367540678509552,0
173,0,0.24875232950693923,0,0,0.10703640601406801,0,0,0.11288036026434511,0,0,0.2505114388561888,1,0,0.01894900390928725,0,0,0.07933955684774394,0
174,1,0.5660142262633117,1,1,0.6610398623211972,1,1,0.15179431658005735,0,1,0.2080064753041724,0,0,0.076725002872477,0,0,0.08641818252087301,0
175,1,0.5086928818638955,1,1,0.14450344319232977,0,1,0.7680037414888723,1,0,0.06788453066147633,0,0,0.01675242223626025,0,0,0.1926099767084266,0
176,1,0.7037339785538222,1,1,0.5452354242436647,1,1,0.06315053831473506,0,0,0.2729839181958822,1,1,0.09582378415446846,0,0,0.10110119166049757,0
177,0,0.4007634219712208,0,0,0.18973955118263888,0,0,0.11061178458336036,0,0,0.07280534843781723,0,0,0.7640011407620415,1,0,0.11200989331927808,0
178,0,0.7245142689788375,1,0,0.2608499269001271,0,0,0.9994391549859295,1,0,0.16236397365941815,0,0,0.01966803316071673,0,0,0.2301239293624319,1
179,1,0.9664274395427325,1,0,0.015262760556698902,0,0,0.009557298441509985,0,0,0.26523717348289305,1,0,0.08187989433645966,0,1,0.8981357627425633,1
180,0,0.9475523230221196,1,0,0.6649837889721381,1,0,0.9995959961738311,1,1,0.14191928468113002,0,0,0.05595165608259281,0,0,0.07123544703446472,0
181,1,0.5877374946006565,1,1,0.6584280238313603,1,0,0.04018884437445416,0,0,0.1348613570878616,0,0,0.010392852944095426,0,0,0.17435485882019522,0
182,1,0.7103596960574802,1,0,0.12456137798089184,0,1,0.4225001312410565,1,0,0.17569319232388173,0,1,0.4818709109011019,1,0,0.1382907591530289,0
183,1,0.7042834778975041,1,0,0.2011953519224625,0,0,0.0977615266468163,0,0,0.12390763794433639,0,1,0.8712875612605592,1,0,0.08843813702085916,0
184,0,0.4209184017295445,0,0,0.04629207412605708,0,0,0.00897270242254622,0,0,0.10864962259909557,0,0,0.19614148996018232,0,0,0.13045766700988737,0
185,1,0.8434713814754126,1,0,0.4312522774125284,1,1,0.8948091384454907,1,0,0.17321865999571404,0,0,0.015079994348934358,0,0,0.1281375064553453,0
186,0,0.39519372113478785,0,0,0.020505341020660196,0,0,0.18338188874191327,0,0,0.13342130475166974,0,0,0.030549352753174067,0,0,0.1179936586747508,0
187,0,0.542909143715489,1,0,0.24897487865176815,0,0,0.011278157028700631,0,1,0.3876695814375251,1,0,0.008567527020663058,0,0,0.10245217963401038,0
188,0,0.5526066617954623,1,0,0.43461180030553787,1,0,0.07322452173909967,0,0,0.16069396258720156,0,0,0.1867652845868655,0,0,0.27908121704413463,1
189,1,0.692965237864091,1,0,0.4747935483301835,1,1,0.9072926787904197,1,0,0.17467625580671853,0,0,0.017422388470902973,0,0,0.18183796114383047,0
190,1,0.5805943816963205,1,1,0.5434684425697501,1,1,0.1295237906954814,0,0,0.29287253072422115,1,0,0.018093891784806995,0,0,0.10745774549419033,0
191,1,0.9006612856859246,1,0,0.2680360762994836,0,0,0.1157623608891382,0,0,0.39443366874633795,1,0,0.34514972384181264,1,0,0.30687106311532203,1
192,1,0.6722354052627301,1,1,0.22035982641375476,0,1,0.19531320264623098,0,0,0.08084486170391397,0,1,0.27538784558974827,1,1,0.5434748484469972,1
193,0,0.4149252508871992,0,0,0.18828262503048046,0,0,0.12592963043620445,0,0,0.1569911882119943,0,0,0.016506485022615685,0,0,0.07840541374960826,0
194,1,0.8168271945493779,1,1,0.6111624792355145,1,0,0.05181464870491661,0,1,0.26938987205264187,1,0,0.01921176120580839,0,1,0.45800437630702023,1
195,0,0.4268455680811904,0,0,0.2873030229488132,0,0,0.08055013994094225,0,0,0.09062038155170256,0,0,0.01346984055626714,0,0,0.48815962863672957,1
196,1,0.6024579873841732,1,0,0.160298362929517,0,0,0.12459621440230857,0,0,0.13078799317097814,0,0,0.06290913710672534,0,1,0.09152042196156258,0
197,0,0.07769233667812903,0,0,0.023582635251163275,0,0,0.016985163534303127,0,0,0.0821236739546558,0,0,0.2522873979373635,0,0,0.04101584599809013,0
198,1,0.6265915171295172,1,1,0.16436589262916276,0,0,0.057152279558706325,0,1,0.2707613005023939,1,1,0.025020914291511088,0,1,0.3456773744501449,1
199,1,0.709777702466751,1,0,0.08173672830311318,0,0,0.07258874151035606,0,0,0.17251573795218225,0,0,0.07085298419291934,0,1,0.36520346926753894,1
200,0,0.449966509509685,1,0,0.6218841511913171,1,0,0.02430936046364679,0,0,0.4759507079373256,1,0,0.050607909676804834,0,0,0.05220640481143927,0
201,1,0.6933052970740695,1,1,0.7578795545972833,1,0,0.1683773041606714,0,0,0.20147426589392606,0,0,0.024712688601404072,0,0,0.04568053437200459,0
202,0,0.7540895652332945,1,0,0.18110361798704325,0,0,0.10693073314572037,0,0,0.1479822799492905,0,0,0.05870367707073396,0,0,0.25793466829129147,1
203,0,0.4952010508264005,1,0,0.17364080001127968,0,0,0.12591119916665783,0,0,0.2859262339072673,1,0,0.024521359190251377,0,0,0.22247238129068977,1
204,1,0.7248765964098242,1,1,0.1220487317375283,0,0,0.015012366963196909,0,1,0.5672406726149292,1,0,0.06786267292081141,0,0,0.09609553597566833,0
205,0,0.7662873231675329,1,0,0.7183111523105801,1,0,0.08096555157540959,0,0,0.1774431565918089,0,0,0.032787231851754764,0,0,0.05760254756324701,0
206,1,0.8413005460292785,1,1,0.9297826951606557,1,0,0.18548042795886355,0,0,0.10349868931278398,0,0,0.022620721676524253,0,0,0.27302635168874817,1
207,1,0.5255819133639704,1,0,0.14297844258265838,0,0,0.03139228874179834,0,1,0.1362215645537448,0,0,0.05673738941383014,0,0,0.21187510399641316,0
208,0,0.5306629491914046,1,0,0.5522078015554419,1,0,0.0153604019807048,0,0,0.14790666346683368,0,0,0.019543378540712964,0,0,0.19830506518650667,0
209,0,0.4255794904795445,0,0,0.29303325127342,0,1,0.2898769057172376,0,0,0.21462472385194223,0,1,0.5494413996751658,1,1,0.09401644465802299,0
210,0,0.43137811115412567,1,0,0.6365935868345173,1,0,0.009371596309028238,0,0,0.10808920070557455,0,0,0.03283200866784322,0,0,0.16373815872179318,0
211,1,0.7619461551166399,1,1,0.7858984624189226,1,0,0.029264078881836113,0,1,0.11078608894913998,0,0,0.04545612061238898,0,0,0.05775585542441492,0
212,1,0.7153156464313661,1,1,0.7113204456900144,1,0,0.3613841991783506,1,0,0.23405895980013688,1,0,0.022842895344109996,0,0,0.31769141349564967,1
213,0,0.3452353833676122,0,0,0.06494412662452699,0,0,0.019016611387906755,0,0,0.22167125903329654,1,0,0.22764141802219107,0,1,0.5136878948116886,1
214,1,0.45141345294708013,1,1,0.5061005601397084,1,0,0.23831535483668775,0,0,0.1807103594368711,0,0,0.015530841435777732,0,1,0.4640964728960976,1
215,1,0.4914498224753047,1,0,0.1883347514543927,0,0,0.017688918797525807,0,0,0.1370141037628602,0,0,0.009005730853153418,0,1,0.7368646265364359,1
216,1,0.6683916532639375,1,1,0.7359848192958974,1,0,0.015939087050968248,0,0,0.24992525279644207,1,0,0.01976165498637798,0,0,0.08461772102461952,0
217,1,0.7248580062669392,1,0,0.2144130128611141,0,1,0.9163017721301632,1,0,0.16171846609531126,0,0,0.06842087119256966,0,1,0.39662072229777073,1
218,0,0.5241342150363236,1,0,0.1507429652313265,0,0,0.21032276233657957,0,0,0.21137755214156362,0,0,0.10527060621127643,0,0,0.16004368498312205,0
219,0,0.6963577173384619,1,0,0.1562240960639418,0,1,0.7072097404741267,1,0,0.2421649513857158,1,0,0.06587831760867731,0,0,0.1480073745920031,0
220,0,0.4868869955073781,1,0,0.269332461471252,0,0,0.09044860618526208,0,0,0.1339971520447096,0,0,0.027733023652727246,0,1,0.38063390699067484,1
221,1,0.648458469321261,1,0,0.12860014958035412,0,1,0.6972670299254483,1,0,0.10914583201779944,0,0,0.05627149757417708,0,0,0.1087886941257149,0
222,0,0.7546462478866354,1,0,0.41273625876414494,1,0,0.06099528542366697,0,0,0.34195854665542624,1,0,0.018027688898125584,0,0,0.08381235826926747,0
223,1,0.8761634158169463,1,1,0.8488019482549469,1,0,0.1482456445565001,0,0,0.22804353443003425,1,0,0.023826023869539026,0,0,0.12055402872647403,0
224,0,0.6356234196190303,1,0,0.4010966449829518,1,0,0.13939171251973176,0,0,0.10567090972110212,0,0,0.024421886200515844,0,0,0.11633856487396123,0
225,0,0.5169925369088395,1,0,0.43197246048599097,1,0,0.057273841510826436,0,1,0.2574048000555074,1,0,0.022928319498144823,0,1,0.19315946662725647,0
226,0,0.6633706695466826,1,0,0.1010249280402913,0,0,0.032711461164417595,0,0,0.4947788377980145,1,0,0.12861729376859066,0,0,0.13290334282647998,0
227,0,0.3910658664650664,0,0,0.22723354679369878,0,0,0.11944598064787663,0,0,0.18608842778008836,0,0,0.021113964902686782,0,0,0.2305744454943992,1
228,0,0.7078221251650129,1,0,0.016768639528054876,0,0,0.0161660451640068,0,0,0.2942594951104449,1,0,0.9231286404897615,1,0,0.05358294437811969,0
229,0,0.5520635893031179,1,0,0.22082585655432763,0,0,0.14075479282303163,0,1,0.3260205905927265,1,0,0.05396036292897808,0,0,0.1269034697269037,0
230,0,0.46307157019428713,1,1,0.3511496349327526,1,0,0.04361394413773575,0,1,0.23155085712116308,1,0,0.1808908848730364,0,0,0.12001984004833581,0
231,1,0.7280713113248938,1,1,0.7207281137074063,1,1,0.3404350720544081,1,0,0.13537841012348215,0,0,0.07397548957325781,0,1,0.13575329583497966,0
232,0,0.6270780204061618,1,0,0.10785143237113404,0,0,0.07481629702173427,0,0,0.11686851041588252,0,0,0.016851568303452653,0,0,0.13268034720293184,0
233,0,0.32799348582911286,0,0,0.3111636728503288,0,0,0.021594570329136382,0,0,0.08760763272185172,0,0,0.0207894920679234,0,0,0.06750298519583887,0
234,1,0.10153745597209785,0,0,0.23834791699846034,0,0,0.039515895875097164,0,0,0.1750568100355001,0,0,0.027620708610800692,0,1,0.05163910923113212,0
235,1,0.8782307611978185,1,0,0.2684802785685846,0,1,0.9685005204396256,1,0,0.13666495258954572,0,0,0.019287935156529216,0,0,0.15343617322084066,0
236,1,0.8390021829252395,1,0,0.22004329880045584,0,1,0.9649716217572101,1,0,0.28624824344927036,1,0,0.013368325812318997,0,0,0.04777267737677848,0
237,0,0.5651566947862654,1,0,0.29408572480190726,0,0,0.19185978659206093,0,0,0.13520140178586296,0,0,0.02360158045343787,0,0,0.08435706035971224,0
238,0,0.5910726455619103,1,0,0.33611124681721744,0,0,0.2120105219491489,0,0,0.22386583801014895,1,0,0.015786756771125867,0,0,0.09220617875863679,0
239,1,0.6076071068672387,1,1,0.6347826517920945,1,0,0.36270020967370886,1,0,0.10767844703706085,0,0,0.024465672227196422,0,0,0.1569710466132392,0
240,0,0.4495688116169192,1,0,0.3707046845273137,1,0,0.0501831452740742,0,0,0.24023695001671164,1,0,0.03342169817418945,0,0,0.18185677670751907,0
241,0,0.6365591009962989,1,0,0.6637087190105492,1,0,0.01197493810247175,0,0,0.19458609069992513,0,0,0.013955300934283286,0,0,0.17378715746591045,0
242,0,0.4383553297157096,1,0,0.2107974022143347,0,0,0.07917584200697238,0,0,0.1800160932752564,0,0,0.09262879760283334,0,0,0.06182833017735573,0
243,1,0.5597435423160319,1,0,0.17802134236137404,0,0,0.08830420553213492,0,0,0.15878442368243625,0,1,0.3125028161691222,1,0,0.046454547398084696,0
244,0,0.2770014755858804,0,0,0.1789311063660771,0,0,0.061953056206905645,0,0,0.10149821741298444,0,0,0.02454677408500378,0,0,0.4418025301005279,1
245,1,0.5748847332594273,1,0,0.2053424862622557,0,0,0.04262380710053055,0,0,0.2808027651959042,1,1,0.4121442814578123,1,0,0.13613642663882405,0
246,1,0.6946282935757875,1,1,0.39225811519850656,1,0,0.22093212105341675,0,0,0.14583335207794296,0,0,0.01207303070346472,0,0,0.16379216014338763,0
247,0,0.7767257415979835,1,1,0.7720682762104377,1,0,0.07809681998135876,0,0,0.19040164462433803,0,0,0.021249649236399673,0,0,0.5405990094671792,1
248,0,0.4651765536957355,1,0,0.20921142449053884,0,0,0.14748522244856085,0,1,0.38712830157419736,1,0,0.030463577569894706,0,0,0.10293782599142205,0
249,1,0.6098157754243666,1,0,0.10807406982732247,0,1,0.751849288556144,1,0,0.2239094526964831,1,0,0.045078863491774646,0,0,0.10047754045883255,0
250,1,0.2873608345547445,0,0,0.16823426059742566,0,0,0.09985402191642828,0,0,0.19388124426076084,0,0,0.034040460296857866,0,1,0.5017745596914566,1
251,0,0.33629449680358653,0,0,0.3516201589963908,1,0,0.042470628260801814,0,0,0.16642811477843078,0,0,0.046609634496771905,0,0,0.06544005852135944,0
252,0,0.5298296654963885,1,0,0.30014239775478374,0,0,0.11390003773659962,0,0,0.11602796833731584,0,0,0.34298623740576323,1,0,0.18812231480872388,0
253,0,0.9274572551002676,1,1,0.4521464286362553,1,0,0.0478321568973717,0,0,0.0963165665272155,0,1,0.6403106644499252,1,0,0.07337304061051395,0
254,1,0.8484900749461491,1,1,0.7687630267208475,1,0,0.1690510086268087,0,0,0.07213024698333192,0,0,0.02471880935440075,0,0,0.15008870623425033,0
255,0,0.9025441954142774,1,0,0.13601517729511545,0,0,0.23247545822198531,0,0,0.22066746361201742,1,0,0.05908455332388645,0,0,0.35289069737266954,1
256,1,0.8427101614138812,1,0,0.020518410812801906,0,0,0.012351066354413583,0,1,0.3937508118578456,1,0,0.00742760709689487,0,0,0.6305534203387788,1
257,0,0.5637809197580482,1,1,0.40453361751378597,1,0,0.19158470274829742,0,0,0.13941061290672138,0,0,0.020022747168327106,0,0,0.04770476940452559,0
258,1,0.7945486053598286,1,1,0.05607648068812956,0,1,0.9358862671697118,1,0,0.1161471127878808,0,0,0.1533305692082704,0,0,0.10008022841684777,0
259,1,0.4883848072716545,1,1,0.44549666606822375,1,0,0.025806152470462754,0,0,0.13505717941717496,0,0,0.02282919645363063,0,0,0.09983832799128865,0
260,1,0.7611447115032567,1,1,0.8650800278996756,1,1,0.9932055941591401,1,0,0.10534785412523169,0,0,0.008430053527350878,0,1,0.09575944482546427,0
261,0,0.5742541338685655,1,0,0.13661061884275066,0,0,0.054772090357284475,0,0,0.22803407277357898,1,0,0.012606591400660463,0,1,0.6452626289252379,1
262,1,0.6403280687960711,1,1,0.34788518422913767,1,0,0.22223690220404865,0,1,0.18830833653653833,0,1,0.3219258171657191,1,1,0.3246596924019381,1
263,0,0.16677684247023358,0,0,0.07123133374810166,0,0,0.025831007253035863,0,1,0.12022995335354413,0,0,0.055612710072577516,0,0,0.04674428600667573,0
264,1,0.5274699332124744,1,0,0.10047830073402751,0,0,0.11332299190388577,0,0,0.19405854520776403,0,1,0.48344868986311546,1,0,0.17029436618143393,0
265,0,0.38413476363825966,0,0,0.4922476228316746,1,0,0.030615690396117435,0,0,0.17737864415543106,0,0,0.10102923409388535,0,0,0.1792587336693726,0
266,0,0.5282883815644199,1,0,0.07328752498354053,0,0,0.02313766123041654,0,0,0.25490921076143275,1,0,0.10762716142769897,0,0,0.04846282791046969,0
267,1,0.7313351123523836,1,0,0.31667140402919114,0,1,0.7333165090854755,1,1,0.1495075103286846,0,0,0.082695188035305,0,1,0.3579083294832146,1
268,1,0.6784535129266119,1,0,0.09280265755078777,0,1,0.7264073455461265,1,1,0.32111632349892405,1,0,0.13036317548731405,0,0,0.060194780612395714,0
269,1,0.48980926689542564,1,0,0.3426404223776906,1,1,0.8221561000853107,1,0,0.23402527990485314,1,0,0.04955586265911482,0,1,0.17120163326515617,0
270,0,0.5745955293995131,1,0,0.4669829084885897,1,0,0.15533692220378917,0,0,0.13658943115802857,0,0,0.05298682137593507,0,0,0.18087634984756495,0
271,1,0.813007466701097,1,1,0.9811936938246862,1,0,0.022698523541232057,0,0,0.1513660951887091,0,0,0.013374565587055043,0,0,0.10614492138365265,0
272,0,0.5723861216132029,1,1,0.7009605082579009,1,0,0.08924501924795146,0,1,0.31081721583916444,1,0,0.08220164972652023,0,0,0.03217254613835279,0
273,0,0.4836905457310608,1,0,0.1641831999405056,0,0,0.16136528667973904,0,0,0.1382332027444804,0,0,0.04569801749798439,0,0,0.23032234026051335,1
274,1,0.7625974583147267,1,1,0.8053094225365909,1,0,0.06401653483219576,0,0,0.08203434599542393,0,1,0.7389075466426233,1,0,0.08872638888749618,0
275,1,0.5535553220926277,1,0,0.20606502345732705,0,0,0.01307308709914877,0,1,0.30354478200237417,1,0,0.039995387096244804,0,0,0.12631457026594217,0
276,1,0.8377702700466384,1,0,0.06757517014476286,0,1,0.8793769049828443,1,0,0.12959341072232167,0,0,0.03065268946931421,0,0,0.06091059649423003,0
277,1,0.4725226165877434,1,0,0.28832228109839936,0,0,0.028697673488900368,0,1,0.313442928967615,1,1,0.6090173537840079,1,0,0.1509772026287205,0
278,1,0.5784304462652604,1,0,0.04414778882607281,0,0,0.16441857042211677,0,0,0.1338596523617773,0,0,0.026403033350750272,0,1,0.3751993801059757,1
279,1,0.9443124857561805,1,1,0.9186752748735779,1,0,0.07893800882165236,0,0,0.17743174257232888,0,0,0.06372415559621042,0,0,0.3360331721523751,1
280,1,0.43050042828839336,1,0,0.06997018795062915,0,0,0.03735800215097014,0,0,0.08042978628701965,0,1,0.6486669246757756,1,0,0.06875860035577745,0
281,0,0.4614296292048102,1,0,0.02418854829025992,0,0,0.015760349145459627,0,0,0.9045934701786549,1,0,0.09655000641060461,0,0,0.0419086049614139,0
282,0,0.23293610000248455,0,0,0.021160375279483636,0,0,0.08143281134793973,0,0,0.5218386555222071,1,0,0.031433281151507286,0,0,0.05220716100959912,0
283,1,0.5289173766339891,1,0,0.12437837014022261,0,1,0.5800794580242618,1,0,0.17855806913608227,0,0,0.09613503111134074,0,0,0.12711836997172946,0
284,1,0.7968571457023207,1,0,0.1536495333554966,0,0,0.054147243504901243,0,0,0.26607642509215884,1,1,0.9343035356006754,1,0,0.08635820394916695,0
285,1,0.8366502653063291,1,0,0.18024088811215289,0,1,0.8263721374999088,1,0,0.22948125609588158,1,0,0.04519387696619439,0,0,0.05604015406228799,0
286,1,0.7599549509738451,1,0,0.1229073481554926,0,1,0.941654301347282,1,0,0.10455130677734326,0,0,0.06884202691053413,0,0,0.06997242280011838,0
287,1,0.8746445245344624,1,0,0.25289978150229714,0,0,0.1808353868223508,0,1,0.348084934766493,1,1,0.6022072782811579,1,0,0.04466771000379053,0
288,0,0.5115519840440109,1,0,0.3344857660049482,0,0,0.13576100397073773,0,0,0.25389378323504597,1,0,0.1088584850074183,0,0,0.13679222065965724,0
289,1,0.8271687670534164,1,0,0.2974914015887911,0,1,0.15167869070637108,0,0,0.45074279653951715,1,0,0.083147714028848,0,1,0.4636308628392831,1
290,0,0.6203906134417639,1,1,0.3673200974432622,1,0,0.15730442817349935,0,0,0.10124773014542963,0,0,0.08364310529480444,0,0,0.11529971138825947,0
291,1,0.8544386412873862,1,0,0.15759925634836314,0,0,0.19344504301434226,0,1,0.11598970420249848,0,0,0.12177152360165179,0,1,0.4251232314955368,1
292,0,0.4820869791906466,1,0,0.5644092139936435,1,0,0.11421197458326815,0,0,0.24056461921101233,1,0,0.0309971480547116,0,0,0.20487757756458538,0
293,1,0.6276497734242401,1,1,0.8477851715297583,1,0,0.14650882326912376,0,1,0.2310833703603377,1,0,0.1813252912211265,0,0,0.11832422133148113,0
294,0,0.7447596553562642,1,0,0.08963066081959653,0,0,0.05981526176317827,0,0,0.4625811336724038,1,0,0.018206401754797416,0,0,0.08411573742573118,0
295,1,0.8847370182516503,1,1,0.9800436059594185,1,0,0.1273792674765157,0,0,0.15756234689099557,0,0,0.013904988524592867,0,0,0.09449361694785952,0
296,0,0.4975586065747266,1,0,0.681306802253264,1,0,0.10766880067476535,0,0,0.09345137306404992,0,0,0.019047532505746492,0,0,0.08038421233575878,0
297,1,0.41383355554127643,0,0,0.22052600148918414,0,0,0.0833741958741166,0,0,0.21969665870403154,0,1,0.28635980969217883,1,0,0.16571977060627266,0
298,1,0.6118177310842646,1,1,0.3613573525202128,1,1,0.039112367905172946,0,0,0.2622549056981847,1,0,0.1623852772687759,0,1,0.09638662483231601,0
299,1,0.5504861881722478,1,0,0.0772294154707308,0,0,0.04893443772280417,0,0,0.3666750929685734,1,1,0.768742098032878,1,0,0.08838256685084556,0
300,1,0.93374929294174,1,1,0.9617667926728505,1,0,0.5418795883262554,1,0,0.15585532324937898,0,0,0.06115957144498211,0,0,0.04757179181693424,0
301,1,0.8582943294812565,1,0,0.1877658984584721,0,1,0.989039799977352,1,0,0.06712913170491669,0,0,0.04890751274308577,0,1,0.10244621718704638,0
302,1,0.6462825003376477,1,0,0.08274459489778298,0,0,0.11789282951827795,0,1,0.17270745750444727,0,1,0.5137337873071085,1,0,0.08691371903989453,0
303,1,0.7702250072117769,1,0,0.12769811876961368,0,1,0.8904676571538569,1,0,0.08090378030495958,0,0,0.08344560298989408,0,0,0.036873751550813225,0
304,0,0.5422382724733247,1,0,0.37288704815348206,1,0,0.2095895989172055,0,0,0.1537190238572059,0,0,0.02863243207814627,0,0,0.2698181466837444,1
305,1,0.642113162974883,1,1,0.30232201884175375,0,0,0.11538484270526729,0,0,0.1438225689671144,0,0,0.03493212101996474,0,1,0.10022743366645481,0
306,1,0.6221243910428981,1,1,0.45366459663416014,1,0,0.1435178040353943,0,0,0.1286910401843593,0,0,0.014476262921806655,0,0,0.1987368929079334,0
307,1,0.4773129337333904,1,0,0.20018142720789078,0,1,0.2583375587508671,0,0,0.10131794921206239,0,0,0.011072993807327477,0,1,0.49934374776105733,1
308,0,0.37191337073907005,0,0,0.039192380453931586,0,1,0.09544265479147229,0,1,0.18888001999010293,0,0,0.04051300880722778,0,0,0.08609392369621376,0
309,1,0.5498495872259548,1,1,0.405561229244477,1,0,0.15978709412517914,0,0,0.1783055099852374,0,0,0.038824040858571406,0,0,0.0644195605650092,0
310,1,0.9373568794760568,1,1,0.746433277776002,1,0,0.015160414201802738,0,0,0.5017318543973782,1,0,0.03443113014141858,0,0,0.13967621204172279,0
311,1,0.6287515828525851,1,1,0.3726471318024083,1,1,0.474209847275844,1,1,0.14259241194151367,0,0,0.05981812234681725,0,0,0.22564093053891554,1
312,1,0.6798820542058105,1,0,0.35096226970602434,1,0,0.3398671074802148,1,0,0.19705667215423417,0,0,0.2530247560272256,0,1,0.12123746387842656,0
313,1,0.8460921932413573,1,1,0.8979379972547763,1,0,0.0714063354366753,0,1,0.07692372177130613,0,0,0.036597689961414236,0,0,0.48340376333519686,1
314,0,0.5878929607550627,1,1,0.6289758324463001,1,0,0.08092306020089607,0,0,0.36462904148280906,1,0,0.04082356156282258,0,0,0.11688601138571708,0
315,1,0.5990755183947425,1,0,0.08132045975892793,0,0,0.004001779841412528,0,1,0.32913477267959895,1,1,0.3222880080766771,1,0,0.01865315563837809,0
316,1,0.4899632610187705,1,0,0.27627046635202346,0,1,0.3450884828548526,1,0,0.13090681769751844,0,0,0.19319162877339133,0,0,0.24700701703771752,1
317,1,0.48621281347948964,1,0,0.15306229236555277,0,1,0.6218218124186451,1,0,0.17441302154544722,0,0,0.008311523760776639,0,0,0.27331187361438636,1
318,0,0.23026568669135986,0,0,0.06630498918605085,0,0,0.020796717584814956,0,0,0.08494916007232779,0,0,0.40228553569361436,1,0,0.08706849276103829,0
319,1,0.4549820154261001,1,1,0.6273624779795703,1,0,0.28996025421046506,0,1,0.1430373343919407,0,0,0.09504460754138877,0,0,0.09543696664557282,0
320,1,0.8616518946745634,1,0,0.49947160759269077,1,1,0.6692901422417409,1,1,0.13920790757667423,0,0,0.11453901891671485,0,0,0.0911139966237652,0
321,1,0.7738673409423606,1,0,0.16574596990525228,0,1,0.7570496490459061,1,0,0.14495599742418921,0,0,0.06034252794274853,0,0,0.12023487252161968,0
322,1,0.8586042591663783,1,1,0.921930886401908,1,0,0.1206895230835865,0,0,0.11497511108365928,0,0,0.091728208755337,0,0,0.09242240863759947,0
323,1,0.6593858811586917,1,0,0.08379275573129409,0,0,0.24011996405724587,0,0,0.1226787157938448,0,1,0.7303901065390912,1,0,0.1013430630925829,0
324,0,0.3089514255267424,0,0,0.1637904230304004,0,0,0.10032231339428144,0,0,0.1802317327632561,0,0,0.03304693816729309,0,0,0.09285190806420862,0
325,1,0.6629022504452834,1,0,0.07912278966871317,0,1,0.6419186030484126,1,0,0.267079488899754,1,0,0.0397118379103791,0,0,0.09727496897745104,0
326,1,0.4250724757064468,0,0,0.07028507866827667,0,0,0.008984128736084661,0,0,0.13732214244689203,0,0,0.026499967956346487,0,1,0.7990097152341674,1
327,1,0.5913098829873892,1,1,0.4847415002896957,1,0,0.04756264539604255,0,0,0.18492180691282414,0,0,0.10306802034101299,0,0,0.07810061306722495,0
328,1,0.674630021032522,1,1,0.36323962020063355,1,1,0.5538454267326339,1,0,0.1089559454096682,0,0,0.03152264891993139,0,0,0.08408603814338435,0
329,1,0.47732790261224006,1,0,0.09196303259437981,0,1,0.22152977249993522,0,0,0.18520807430844974,0,0,0.013665450974293074,0,1,0.18158918832133666,0
330,0,0.43288332013643327,1,0,0.05324304177311535,0,0,0.17571239084451548,0,0,0.1265060528187013,0,0,0.03226574069232179,0,0,0.36612624551070855,1
331,1,0.7080261202504725,1,0,0.24388772650163068,0,1,0.5954148734007433,1,0,0.15687812043014163,0,0,0.024048914511936154,0,0,0.08457576316911519,0
332,1,0.44140892228855844,1,0,0.13782745073284042,0,0,0.08578711941644014,0,0,0.07782295569519343,0,1,0.279040191208642,1,0,0.0862024643057963,0
333,0,0.5556879106383531,1,1,0.4967157651384493,1,0,0.06357345749436163,0,0,0.18905063737003888,0,0,0.02641010351648516,0,0,0.217262598139176,0
334,1,0.3855245754933598,0,0,0.09490090152629349,0,0,0.09192666201832235,0,0,0.26091050142323846,1,0,0.07367379351569936,0,1,0.2503425933038388,1
335,0,0.5318711530724359,1,0,0.17172616155163536,0,0,0.06107755429250681,0,0,0.1405276893874752,0,0,0.21788614023502828,0,0,0.07327660878929305,0
336,1,0.5273403641338333,1,0,0.49580902072464744,1,0,0.03553933546890789,0,1,0.5827172720606709,1,0,0.025207521000761374,0,0,0.11362033485252167,0
337,1,0.7593116444817266,1,1,0.5294838431821937,1,0,0.024691588079220627,0,1,0.13775269351567068,0,0,0.03701883888494859,0,1,0.589415644839839,1
338,0,0.580202448523432,1,0,0.10657808024208344,0,0,0.5167953458635107,1,0,0.3509451595610063,1,0,0.07781833358749549,0,0,0.07407274885622794,0
339,0,0.5243144857340923,1,0,0.30297598672581283,0,0,0.02639997095408239,0,0,0.12350669448616225,0,0,0.07978030740749809,0,0,0.10245173025120442,0
340,1,0.8945672403632471,1,0,0.17108325555832193,0,1,0.9649701566702289,1,0,0.18179864193083287,0,0,0.09111272585044973,0,0,0.18133043052200082,0
341,0,0.5856506238296272,1,0,0.1982014616402401,0,0,0.2497862999240673,0,1,0.3243504912279244,1,1,0.10456965111887834,0,0,0.17296620302197044,0
342,1,0.7806080942288225,1,0,0.3828462259705354,1,1,0.8823897490213762,1,0,0.22709242039584043,1,0,0.01443060033681646,0,0,0.23040816384644658,1
343,1,0.5229845482954459,1,0,0.25195945661564056,0,0,0.06835959391605777,0,1,0.22662723515376804,1,0,0.017878793107895117,0,0,0.09284682591314586,0
344,0,0.44390169631856935,1,0,0.17640310271566798,0,0,0.16552540922962433,0,0,0.2514078805299194,1,0,0.3526140532581361,1,0,0.1577040512348861,0
345,1,0.6398442871930876,1,0,0.11020866141125901,0,0,0.07464084033336783,0,1,0.16226439496936548,0,0,0.09525846020505009,0,1,0.18347437461634786,0
346,1,0.5883423559128261,1,1,0.40243107338978973,1,0,0.11062363360399637,0,0,0.21078269791080517,0,0,0.015862920056360048,0,0,0.17256261270357384,0
347,1,0.26117505002263464,0,1,0.2960956895446101,0,0,0.054607859406879115,0,0,0.13456548777098956,0,0,0.04519784460754425,0,1,0.09982765396177012,0
348,0,0.6645302897389433,1,0,0.55245517794011,1,0,0.14954365592230065,0,0,0.11260760503128626,0,0,0.07207014627956977,0,0,0.32695935934460935,1
349,1,0.6062418689005088,1,1,0.6826261138560792,1,0,0.04966651838531344,0,0,0.14351721848442503,0,0,0.031685089990738526,0,0,0.07605468175812556,0
350,0,0.549252813474228,1,0,0.0989709775335128,0,0,0.1305348963326923,0,0,0.3206917059593959,1,0,0.10607290981505917,0,0,0.19834516844779093,0
351,1,0.7668002789759315,1,1,0.6046402548499815,1,0,0.47962992393946546,1,0,0.15299821358380472,0,0,0.05838018743968985,0,1,0.15607857287421417,0
352,1,0.5670057266245747,1,1,0.16953939614772526,0,0,0.01852023662531321,0,1,0.29208800039854776,1,0,0.09550967313625842,0,0,0.058463296431321234,0
353,1,0.9549014025732715,1,1,0.9854416553249923,1,0,0.03617317521028944,0,0,0.17763230372903446,0,0,0.04753862290854102,0,1,0.20224705129869144,0
354,1,0.567525467528126,1,1,0.375574730364979,1,0,0.09758032673269525,0,1,0.157871010062985,0,0,0.0907225348898822,0,0,0.09149101528822111,0
355,1,0.7828479145437096,1,1,0.6872196685331197,1,0,0.19662981237930074,0,0,0.2317482128037264,1,0,0.09913441595452144,0,0,0.07677620411990416,0
356,0,0.6117021588529643,1,0,0.1907843588329813,0,1,0.8933595246580522,1,0,0.13902151179564315,0,0,0.018593537178837632,0,0,0.21813316649286052,0
357,1,0.26895115441038736,0,1,0.11268104162384901,0,0,0.2468991708628859,0,0,0.1975593929403249,0,0,0.0237579725936241,0,0,0.08169710408434801,0
358,0,0.3852322250652027,0,0,0.4614046981153301,1,0,0.03876479308128325,0,0,0.2073790136356034,0,0,0.0130258668760543,0,0,0.0743445170176806,0
359,1,0.8041867101774,1,1,0.5672171695111267,1,1,0.4503935966795815,1,0,0.22199603066120357,1,0,0.02531745084664561,0,0,0.08810852311992227,0
360,0,0.8912092107864722,1,0,0.6255097296979458,1,0,0.26799611277148233,0,0,0.1700209777356643,0,0,0.6379211274238451,1,0,0.38485399816637483,1
361,1,0.6963758748443688,1,1,0.3608576576169334,1,1,0.7973026953060468,1,1,0.09761753600130481,0,0,0.02712492472182512,0,0,0.15083885505446254,0
362,0,0.4656521542387883,1,0,0.041565719659862575,0,0,0.018384140345406672,0,0,0.08928811644082907,0,0,0.007203552874921581,0,0,0.049396639300539315,0
363,1,0.17403050661868255,0,1,0.11941765361378326,0,0,0.07315786588100236,0,1,0.15415554693858358,0,0,0.023713287389528225,0,0,0.03545115146336198,0
364,1,0.7448489756483473,1,1,0.3438717174576446,1,1,0.3648270823628515,1,1,0.35957901361312056,1,1,0.27347301034591637,1,1,0.17951033274776584,0
365,1,0.44900648923272896,1,1,0.48700314137435524,1,0,0.047212709229686116,0,0,0.1797428530318214,0,0,0.05264695402085429,0,0,0.10332455339394447,0
366,1,0.6563079354149106,1,0,0.30400600842924996,0,1,0.5399228286558105,1,0,0.1459817395635228,0,0,0.07670167041621352,0,0,0.36674067959502876,1
367,1,0.7773591539194822,1,1,0.48280029038617656,1,0,0.12404896058632729,0,0,0.3261806296985486,1,0,0.0286188693285066,0,0,0.09660916550735697,0
368,0,0.6010256959058743,1,0,0.46635027950195357,1,0,0.06036221333232228,0,0,0.19082534630967998,0,0,0.4620664470689911,1,0,0.16759744038758384,0
369,1,0.783096733037255,1,0,0.1157075256060303,0,0,0.015276976810926155,0,1,0.2010182085767369,0,0,0.027108245294802876,0,1,0.6842355653955012,1
370,1,0.5247948868010592,1,0,0.5689642476493862,1,0,0.22016552825964245,0,1,0.12166727914853437,0,0,0.0942468963715738,0,0,0.14038232712883,0
371,1,0.38034363780435426,0,1,0.1956409808419033,0,0,0.1423667302552125,0,0,0.20296472269918056,0,0,0.03980918347618471,0,0,0.2269952501127467,1
372,0,0.62575582655578,1,0,0.17661854423862647,0,0,0.08040956449250806,0,0,0.1862288221432978,0,0,0.06033295718876597,0,0,0.183925744131199,0
373,0,0.41157269303633154,0,0,0.1525675886413286,0,0,0.1066020934008327,0,0,0.1718670179212152,0,0,0.2574596123737123,0,0,0.1009699179812995,0
374,1,0.8439227400026909,1,0,0.07643168636204267,0,0,0.06747663163275971,0,0,0.15171665103564838,0,1,0.9643754181871907,1,0,0.05206206470020174,0
375,1,0.6014820525625454,1,0,0.07136210664997018,0,0,0.08764621227360109,0,1,0.15299532763634957,0,1,0.6761740569424814,1,0,0.14810955801028738,0
376,1,0.7755852139730021,1,1,0.9208367886236463,1,1,0.6550438845164863,1,0,0.10810145616771184,0,0,0.02244676105775187,0,0,0.057302749088111865,0
377,1,0.8615230144046331,1,1,0.265872187984388,0,1,0.4094531651659599,1,1,0.29196442444216264,1,1,0.4114460928178525,1,0,0.1289308040279362,0
378,1,0.9041614221910304,1,1,0.9220490276551504,1,1,0.22235655894969308,0,0,0.24500054942824345,1,0,0.02905400050407524,0,0,0.10399267404529329,0
379,0,0.38090837418696216,0,0,0.10921950843256077,0,0,0.2198841922838484,0,0,0.09037065779833885,0,0,0.03492221332166242,0,0,0.1735738464632758,0
380,0,0.8052019359928088,1,0,0.5964641084308423,1,0,0.07654244854206922,0,0,0.4148900143019994,1,0,0.2417513248537977,0,0,0.04762068073748088,0
381,1,0.4211659245247675,0,0,0.15702735191858713,0,0,0.05250520290558028,0,0,0.23840320813146124,1,1,0.0540316636003726,0,0,0.09680223560446059,0
382,0,0.49578096122143744,1,1,0.35752087634034585,1,0,0.11940186321023588,0,1,0.10387938909423851,0,0,0.027530301140751185,0,0,0.11327345105487081,0
383,1,0.75391306187709,1,0,0.16451578515208942,0,1,0.48034350750347565,1,0,0.17078484184188114,0,0,0.07570201816823317,0,0,0.16225465793122698,0
384,1,0.5795879656227921,1,1,0.32079631869959296,0,1,0.5335208171669562,1,0,0.09167326710383043,0,0,0.01633433699623495,0,0,0.08459735141850237,0
385,1,0.6276438571901212,1,0,0.09168570217933399,0,0,0.15104237976387777,0,1,0.20392749596236667,0,1,0.5904644673945391,1,0,0.09052426257371904,0
386,1,0.49272236121429236,1,1,0.1396089477250574,0,0,0.11142167352265057,0,1,0.5385318641784179,1,0,0.046414886102350804,0,0,0.08796532996776629,0
387,0,0.3539787202288612,0,0,0.1181696713845457,0,0,0.07566053471866001,0,0,0.09865180169834149,0,0,0.030588963483633325,0,0,0.10001259313035427,0
388,0,0.7204519366838203,1,0,0.07994045375178954,0,0,0.2460848106174952,0,0,0.4223774422924483,1,0,0.10803167552818353,0,0,0.19481773431003116,0
389,0,0.556112264796946,1,0,0.1639524901250561,0,0,0.3283249498930138,1,0,0.22604246708394024,1,0,0.06532873349180801,0,0,0.07465357576746517,0
390,0,0.4068025544902911,0,1,0.09705294503722726,0,0,0.025201389465081714,0,1,0.2253492065489394,1,0,0.14311540483200824,0,0,0.1214076744112048,0
391,0,0.29096921067748505,0,0,0.1807022976156225,0,0,0.06379408292663286,0,0,0.17930022115923405,0,0,0.028234780947325334,0,0,0.17551234493541754,0
392,0,0.3147669805178665,0,0,0.2849217562213638,0,0,0.11230015718913129,0,0,0.1108453041923347,0,0,0.025133414157321992,0,0,0.10721165108586807,0
393,0,0.34143391896449576,0,0,0.270759244848562,0,0,0.029273957884739788,0,0,0.17300792620300257,0,0,0.7986217410035986,1,0,0.04537873478188942,0
394,1,0.49736350169267407,1,0,0.13487326652630818,0,0,0.05115738887542114,0,0,0.17972584835965377,0,0,0.015500296256105136,0,1,0.521827629476213,1
395,0,0.6552130881707101,1,0,0.21662353430633394,0,0,0.29616665311394513,0,0,0.06479998596639143,0,0,0.04112957034015294,0,0,0.641943978339998,1
396,0,0.4283689802113427,0,1,0.1718733824333404,0,0,0.2630481604745885,0,1,0.2821324928574192,1,0,0.013796038601907463,0,0,0.0771246514532495,0
397,0,0.40841868977579626,0,0,0.14424520498392676,0,0,0.07599595404394284,0,0,0.220428927177348,1,0,0.015784944995978212,0,0,0.2691477766874844,1
398,1,0.8605108806607543,1,0,0.20254274681566894,0,0,0.14911015262382635,0,0,0.6889167216063754,1,0,0.037865853934796134,0,1,0.37315568833873974,1
399,1,0.8928758956731389,1,1,0.9374064959512075,1,0,0.06220891104486809,0,0,0.2099188029459491,0,0,0.013934024741226273,0,0,0.049480692854716214,0
400,0,0.35043951458200523,0,0,0.11434425534839371,0,0,0.03547537306527307,0,0,0.12132044180189115,0,0,0.08214016979137441,0,0,0.05488372372421932,0
401,0,0.6655889681574984,1,0,0.3615522418485449,1,0,0.2536089038316754,0,0,0.2551871893228193,1,0,0.28896715446766424,1,0,0.08714714455242611,0
402,1,0.4515482720650866,1,1,0.4572564279884667,1,0,0.1168951940770686,0,0,0.24914647054165137,1,0,0.009488073792009265,0,1,0.10547763576409142,0
403,0,0.6954368195329014,1,0,0.3260044465060166,0,0,0.8196235803616189,1,0,0.11924758913149243,0,0,0.05144061269119934,0,0,0.1741843152151097,0
404,1,0.63466843373073,1,1,0.8084514748892948,1,0,0.07829647810932482,0,0,0.20657702187672178,0,0,0.02710946449946174,0,0,0.08055252220443525,0
405,0,0.49156070412772707,1,0,0.5413908476484731,1,0,0.19687727157104726,0,0,0.07700816255538001,0,0,0.028875296665630133,0,0,0.19814890335151483,0
406,1,0.667930898413752,1,1,0.8210893386944674,1,0,0.034909599323489894,0,1,0.28448189040331373,1,0,0.0383985075868681,0,0,0.07923624408900307,0
407,0,0.413916939847591,0,0,0.15826142425577736,0,0,0.1195366563380454,0,0,0.09806668584986504,0,0,0.5634043566634271,1,0,0.08548437682270436,0
408,1,0.7306034400580294,1,0,0.7933351995571334,1,0,0.045735668205295926,0,0,0.3092507586888838,1,0,0.18839819644603595,0,1,0.32979480765491176,1
409,1,0.5889767304328891,1,1,0.2062280529105499,0,0,0.1323169343968237,0,0,0.2804453896380939,1,0,0.026321505431048386,0,0,0.12957971742877925,0
410,0,0.36991617805020627,0,0,0.07334013124732607,0,0,0.034659566805617686,0,0,0.11846258137389544,0,0,0.02714137412389989,0,0,0.3175867372286751,1
411,0,0.6770557344480931,1,0,0.3195516468004378,0,0,0.7845729805545846,1,0,0.10923251041032007,0,0,0.021767957685420242,0,0,0.8859418355385252,1
412,1,0.7593844434334889,1,1,0.9691711559726363,1,0,0.018782962402900467,0,0,0.41487619192597686,1,0,0.010165190861643966,0,0,0.09764033655520976,0
413,0,0.45440581608348546,1,0,0.29049801594349584,0,0,0.06546250609646066,0,0,0.21489820606436535,0,0,0.015290238639371284,0,0,0.2585615961777255,1
414,1,0.4862947622049627,1,1,0.3708849658894097,1,0,0.13779808366392013,0,0,0.18342956664136575,0,0,0.28459148991462535,1,0,0.1308399550385366,0
415,1,0.8185867587550408,1,0,0.044388038430794675,0,0,0.034076217012270704,0,1,0.23343293289440714,1,1,0.9834935859062769,1,0,0.15759230271430535,0
416,1,0.3982826799318455,0,0,0.054979292102470705,0,0,0.0034821783368605597,0,0,0.049321642885526686,0,0,0.014776831358226153,0,0,0.0632691471818993,0
417,1,0.7355677620275428,1,1,0.4113188554303207,1,0,0.025437335651086967,0,1,0.37890984299549957,1,0,0.013599253078967031,0,0,0.0673670129309711,0
418,1,0.6112528108653265,1,0,0.06720961801517612,0,1,0.4627370747819768,1,0,0.16447374359541164,0,0,0.054440178707649244,0,1,0.21714785683723226,0
419,0,0.7634956227480395,1,0,0.23367135074204567,0,1,0.8369821353841528,1,0,0.21049640654956434,0,0,0.024276674755989047,0,0,0.13713832955527008,0
420,0,0.514722980704425,1,0,0.2252536331128735,0,0,0.03169099860288887,0,0,0.4004519732115786,1,0,0.0386340004707346,0,0,0.05166522146163729,0
421,1,0.6849947878151109,1,1,0.8293807592364814,1,1,0.42881843330694097,1,1,0.1640550268948235,0,0,0.00919623381213932,0,0,0.06454030213470158,0
422,0,0.8371682696233593,1,0,0.35708171568739916,1,0,0.48392987813655974,1,0,0.09602094286514194,0,0,0.025215154285842954,0,0,0.5121215191528804,1
423,1,0.7170928655934817,1,1,0.7706251793103988,1,1,0.3131940042283621,0,0,0.16459196273810672,0,1,0.6600067496342277,1,0,0.12918859160937865,0
424,1,0.8456083643144453,1,0,0.07733008203351839,0,0,0.15397046448003304,0,1,0.21270492756989745,0,1,0.5978549568352428,1,1,0.3367425790716294,1
425,0,0.7784879956059908,1,0,0.18470181000971583,0,0,0.26474593157746007,0,0,0.25074577707580764,1,0,0.07813094238545847,0,0,0.1493492149841444,0
426,0,0.5388418529189801,1,1,0.527939300228954,1,0,0.18516807441890268,0,0,0.10032068612207196,0,0,0.01900692820073755,0,0,0.25302878465362955,1
427,1,0.5477338953765155,1,1,0.14312227278204992,0,0,0.10627519398910146,0,1,0.2586805551168607,1,0,0.05108787796130424,0,0,0.19098804966444882,0
428,0,0.4101846678902003,0,0,0.10885450693580084,0,0,0.034876999819593586,0,0,0.2091353175630473,0,0,0.5393457008451946,1,0,0.05545391504148469,0
429,1,0.6453580867402896,1,0,0.1822473835288,0,0,0.06179469480650759,0,1,0.14118411255201374,0,1,0.34051981155065797,1,0,0.16259380057740647,0
430,1,0.43093816555595604,1,0,0.16834267593636895,0,1,0.4001694482836033,1,0,0.0861032842060729,0,0,0.0267639617560127,0,0,0.35681086946556423,1
431,1,0.6561456950676243,1,1,0.4168390137649997,1,0,0.3247486711462546,1,1,0.2245920492792841,1,0,0.02725886188528623,0,0,0.093017963983709,0
432,1,0.5735459715343135,1,0,0.048322033299420884,0,0,0.024003082592539027,0,0,0.185926764029041,0,0,0.7322883096240984,1,0,0.06854809212305647,0
433,1,0.8012563063281647,1,0,0.1290624624546159,0,1,0.057180783410617796,0,0,0.2118929809204911,0,1,0.8557783645636464,1,0,0.46752358475295624,1
434,1,0.8612006414211303,1,0,0.059379170083391046,0,0,0.035426889550331346,0,1,0.5342124801860226,1,1,0.9854658179884875,1,0,0.1113177268947571,0
435,1,0.6034589441770919,1,1,0.37486889106549065,1,1,0.1827516227163916,0,0,0.27416307575026394,1,0,0.030921815696264593,0,1,0.0666428725293723,0
436,0,0.560066524152705,1,0,0.171576166875029,0,0,0.22987012037068197,0,1,0.31420943797460726,1,0,0.028282800725718805,0,0,0.08219323439532338,0
437,0,0.5759406050934301,1,0,0.34006246713613697,1,0,0.36303664363015037,1,0,0.15215459803565265,0,0,0.08083989919668194,0,0,0.30960398381648085,1
438,1,0.5927600854249008,1,0,0.16953510039549977,0,1,0.7524077023397245,1,0,0.11872739459131669,0,0,0.013916612777896768,0,0,0.3141806504529181,1
439,1,0.4897822131497252,1,1,0.6143682330292441,1,0,0.02553499751628974,0,0,0.11155314692028291,0,0,0.03631177902098164,0,1,0.20176242316500445,0
440,1,0.8336848797362576,1,1,0.583522334802731,1,1,0.9770033169476253,1,0,0.10108397613147058,0,0,0.028728086395118046,0,0,0.35895282471038564,1
441,1,0.6282213962463633,1,0,0.11678214967920263,0,1,0.20817631855613547,0,0,0.10033085950070743,0,0,0.024605897432084467,0,1,0.30379081845532857,1
442,0,0.5889216444913116,1,0,0.3435438328931751,1,0,0.1955152936818972,0,0,0.05911253792012879,0,0,0.05167223386783242,0,0,0.1766935179686727,0
443,1,0.8185772428507571,1,0,0.20380228778263296,0,1,0.902303714492784,1,0,0.14268743987828514,0,0,0.04279344100310795,0,0,0.22701508089856107,1
444,1,0.476000106748576,1,1,0.2957868250586196,0,1,0.27135658515923383,0,0,0.11371861301047025,0,0,0.033913828185402076,0,0,0.12829132059930365,0
445,0,0.24846861237676868,0,0,0.25572257108792573,0,0,0.029433561375488488,0,0,0.15577199536884156,0,0,0.035109498409217725,0,0,0.09978119055077816,0
446,0,0.5186877276921545,1,0,0.1054717535963428,0,0,0.07771091949934382,0,0,0.07561150534207439,0,0,0.027819281618469888,0,0,0.5461819628254468,1
447,1,0.8335153641924956,1,1,0.9868604387712508,1,0,0.024160769390355576,0,0,0.0521265573263062,0,0,0.11680706959306121,0,0,0.06286769975736582,0
448,0,0.846431991512936,1,0,0.612019553894337,1,0,0.45824773901067656,1,0,0.1704269895034255,0,0,0.07132237479622734,0,0,0.33824203969802397,1
449,0,0.4757484621149432,1,1,0.357859964638008,1,0,0.13072043237713338,0,0,0.11230295627413282,0,0,0.09551175741759728,0,0,0.051558274854982246,0
450,0,0.5631296491220555,1,0,0.13667544813935795,0,0,0.16276078067581645,0,1,0.40171281896524214,1,0,0.010979151778507197,0,0,0.23414667842250556,1
451,1,0.765387204904116,1,1,0.48272652540655986,1,1,0.4178588098879501,1,0,0.1605440122160599,0,0,0.023611853710589187,0,0,0.22710786442227437,1
452,1,0.5856804037219656,1,0,0.09227248196180893,0,0,0.5969310614003553,1,1,0.3933039284780406,1,0,0.12246530568238191,0,0,0.15344191600727472,0
453,1,0.3971965535330411,0,0,0.16000090308785148,0,0,0.061473333525910445,0,0,0.1675230734192187,0,0,0.008221548188884322,0,0,0.2917401708401973,1
454,1,0.7554044113012877,1,0,0.1718476806004728,0,1,0.5732906358361874,1,0,0.11850670957699183,0,0,0.04490966483231423,0,0,0.21374680066537396,0
455,1,0.34697314128880646,0,1,0.15818402126645145,0,1,0.07581854858027136,0,1,0.13911929317075256,0,1,0.49500746688480035,1,1,0.15597631815457869,0
456,0,0.31479355100642176,0,0,0.30264799737507914,0,0,0.07736822505502196,0,0,0.17432026942599185,0,0,0.015294071223513755,0,0,0.08145285902185777,0
457,1,0.6505557693006155,1,1,0.9753586056108959,1,0,0.02921711950967329,0,0,0.2206727903197224,1,0,0.11854074179797068,0,0,0.12214373795836808,0
458,1,0.7339196772369118,1,1,0.4618988583728944,1,0,0.3235127483730536,1,0,0.1847246723380469,0,0,0.06236105864327008,0,0,0.43244488644469015,1
459,1,0.8664998579594737,1,0,0.04864447003842037,0,0,0.014047375137099345,0,0,0.14862206537672754,0,0,0.09254875474772391,0,0,0.594640658627589,1
460,1,0.921664928134626,1,1,0.9359168078976975,1,0,0.08238802042849798,0,0,0.17135601808480663,0,0,0.13282921423002278,0,0,0.3831648568761796,1
461,0,0.3467899707205507,0,0,0.12156354232005696,0,0,0.04739375381498887,0,0,0.2563670460495582,1,0,0.06694881499532519,0,0,0.07831112550999016,0
462,1,0.532556605363939,1,1,0.27375266563991496,0,0,0.09967326108185422,0,0,0.3472547582086028,1,0,0.07132269703549284,0,0,0.11933408442669169,0
463,0,0.4553078192251368,1,0,0.10584853507059457,0,0,0.07111256419148101,0,0,0.10156606081208171,0,0,0.027827938178217576,0,0,0.49409661761480467,1
464,1,0.8557366559548241,1,1,0.6084614074083182,1,0,0.10384354404640102,0,1,0.2708861788175815,1,0,0.1366676769060172,0,1,0.11764736523721635,0
465,1,0.516480693482999,1,1,0.33406893311086594,0,0,0.017199400260305944,0,1,0.3346067002097995,1,0,0.028149238815019878,0,0,0.0935262463523799,0
466,1,0.33258989375836173,0,0,0.10884480683496627,0,0,0.0531420994767706,0,0,0.16313561460245182,0,0,0.037047900620046696,0,1,0.30819320151624674,1
467,1,0.8393516993943476,1,1,0.7443370607825543,1,1,0.14096490336949385,0,0,0.16492477817405923,0,0,0.3397068018568361,1,1,0.3476016181399988,1
468,0,0.7046437516159068,1,0,0.29827987852597865,0,0,0.12771501760406131,0,0,0.5465665504963327,1,0,0.3129255845407773,1,0,0.22492754328740064,1
469,1,0.7902237944126475,1,1,0.5552519930097474,1,0,0.05258490848657429,0,1,0.10078057284941198,0,1,0.4866044078031164,1,0,0.10074741996695491,0
470,1,0.9846504600511935,1,1,0.9991250223989505,1,0,0.008820912187803417,0,0,0.2985787016919385,1,0,0.11294033722183104,0,0,0.037905068337630576,0
471,0,0.384016669469007,0,0,0.11524827680691829,0,1,0.07621776798510496,0,0,0.08469637853792562,0,0,0.11002890470524257,0,1,0.10299393788560433,0
472,1,0.5779321214194946,1,0,0.17290917098352634,0,0,0.019614230007744305,0,0,0.14213920239088373,0,0,0.010853767045268943,0,0,0.03526987889952269,0
473,0,0.5735794463105451,1,0,0.06153785059400268,0,0,0.023805386253320692,0,0,0.5122069965314103,1,0,0.15422723065079022,0,0,0.06306595964708091,0
474,1,0.925064839338284,1,0,0.2287323667179146,0,1,0.9394491810762146,1,1,0.5051149541908293,1,0,0.055644791167774044,0,0,0.053702591325028574,0
475,0,0.5959581031163318,1,0,0.236336396247109,0,0,0.2871270927932446,0,0,0.21147117546535807,0,0,0.05903202084234932,0,1,0.3529189797896222,1
476,1,0.5504984843473132,1,1,0.8889708193984077,1,0,0.05506588422311041,0,0,0.36213604474773725,1,0,0.07108192685949277,0,1,0.14695132020357268,0
477,0,0.4980078020090315,1,0,0.10361140445947925,0,0,0.025615675355353345,0,0,0.31637353100467114,1,0,0.05867204651715513,0,0,0.06930452566388946,0
478,1,0.7332160716143541,1,1,0.6428235613990928,1,0,0.11603814797696539,0,0,0.16644768645284905,0,0,0.032097413964164274,0,1,0.3885059225602461,1
479,0,0.6359986822384655,1,0,0.20006552083355464,0,1,0.24231505419086394,0,0,0.18845449088596866,0,1,0.08570561702745301,0,0,0.10301671560979848,0
480,1,0.5563342540852575,1,0,0.0815491165853708,0,0,0.08583631375113138,0,1,0.1843407652655885,0,0,0.04175866504191139,0,0,0.09338110740405477,0
481,0,0.7197300697811887,1,0,0.6542632699433258,1,0,0.08168054084837718,0,0,0.32013851224613327,1,0,0.16747559169842666,0,0,0.1020365953774401,0
482,0,0.5096027842167477,1,0,0.3157124679464431,0,0,0.40071636155480594,1,0,0.3532252185243818,1,1,0.5266435696276491,1,0,0.13719053419839788,0
483,1,0.5106279408470186,1,1,0.2553889198136571,0,1,0.2553637089373724,0,0,0.10044125683730715,0,0,0.0278595901151181,0,0,0.14129011102718378,0
484,1,0.2945614998122886,0,1,0.11832371149306113,0,1,0.5162888025747601,1,0,0.0927594551041215,0,0,0.015147689562798184,0,0,0.08909788949490516,0
485,1,0.3328347850558772,0,0,0.17084908939463325,0,1,0.2249289624611318,0,0,0.30111630643698967,1,0,0.06611868390578268,0,0,0.06075350477959048,0
486,1,0.9402124592096671,1,0,0.11651659086915273,0,0,0.04987998815123268,0,0,0.19383247085054633,0,1,0.9998822061151348,1,0,0.10743755875506733,0
487,1,0.7941284992402418,1,0,0.15371962224350244,0,0,0.06684725273862226,0,0,0.17250378088551033,0,0,0.1489253168877667,0,0,0.43152878331533845,1
488,1,0.7960295547816053,1,1,0.8947734830358246,1,0,0.07236545512552507,0,0,0.15102771239992588,0,0,0.09215643152238691,0,0,0.140735117690268,0
489,0,0.6496348891539437,1,0,0.22400944046874108,0,0,0.9895798249426893,1,0,0.07471582803013209,0,0,0.022284637551462084,0,0,0.13804309250237304,0
490,1,0.43453803601382224,1,0,0.1251324688642545,0,0,0.07290919850787227,0,0,0.2180275923429532,0,0,0.011206177688371793,0,1,0.17837576921980522,0
491,1,0.5566473671593997,1,0,0.1658180134675503,0,1,0.14063482481881515,0,0,0.22372983421598122,1,0,0.1590354096020953,0,0,0.11931669858072343,0
492,0,0.44835710111055177,1,0,0.2824430956455331,0,0,0.08502827529877321,0,0,0.14810193425691984,0,0,0.05555006726452446,0,0,0.10255672867547923,0
493,0,0.6051588389305832,1,0,0.17667815295420042,0,1,0.3559405329607117,1,0,0.09213965440439337,0,1,0.0547712685903595,0,0,0.19361696303165765,0
494,0,0.46268621834614887,1,1,0.14449436249940262,0,0,0.22949041427823813,0,0,0.16084951134441441,0,0,0.020369146045598762,0,1,0.2266142177301614,1
495,0,0.6102228442997861,1,0,0.615516052168215,1,0,0.07877814741114848,0,0,0.17364056314280152,0,0,0.07106531232448232,0,0,0.04872426821036233,0
496,0,0.6374026813350925,1,0,0.09487941881392738,0,0,0.1808656794387514,0,0,0.3675319093786091,1,0,0.027141680219436776,0,0,0.13291831817139443,0
497,1,0.27266337760383436,0,0,0.12938847836993927,0,1,0.7233165665342586,1,0,0.3848525727522581,1,0,0.2107255807456583,0,1,0.2249686120743228,1
498,1,0.5087124441428429,1,0,0.04070287286217977,0,0,0.013683357378104733,0,0,0.277991232651927,1,0,0.042488554291583026,0,1,0.5660152056478244,1
499,0,0.4799833599693158,1,1,0.395243575732805,1,0,0.1740507908379023,0,0,0.15628387094498686,0,0,0.0978243254039905,0,0,0.06770444833329876,0
500,0,0.6436911037452356,1,0,0.36515181940027513,1,0,0.1660371335916718,0,0,0.17896395140336185,0,0,0.011752343040053492,0,0,0.17876269810631754,0
501,0,0.49633793276357546,1,1,0.46171485043765587,1,0,0.16510748983565451,0,0,0.11257574604278975,0,0,0.0626960495931907,0,0,0.12637993596230715,0
502,0,0.5982869666800196,1,0,0.7029820774414772,1,0,0.014569941152800072,0,0,0.35147162863731146,1,0,0.05251508161916551,0,1,0.10415668997399309,0
503,1,0.8609654893321511,1,0,0.13626044321407738,0,0,0.09371501646439795,0,0,0.15267427266469427,0,1,0.949841666470514,1,0,0.09426974792885962,0
504,0,0.4898956185472221,1,0,0.29131596933010034,0,0,0.24501598428497126,0,0,0.1314885297569427,0,0,0.04304093740669556,0,0,0.29545113129051204,1
505,1,0.432399882315803,1,0,0.2513786226060069,0,0,0.022295792867099876,0,0,0.15523479291648268,0,0,0.0646410367688202,0,0,0.1083583902748727,0
506,1,0.5771817948426624,1,1,0.6788882298809916,1,0,0.20613888222939816,0,0,0.126290250097312,0,0,0.01676047032938114,0,1,0.09168090154007091,0
507,0,0.371964041817287,0,0,0.17578202599322443,0,0,0.12505630385449062,0,0,0.12292587839238069,0,0,0.014024612942957598,0,0,0.1271310145820749,0
508,0,0.4564605725612867,1,0,0.1409848379002517,0,0,0.1626667005182724,0,0,0.15899885774308556,0,0,0.08573135555188932,0,0,0.04598313824688449,0
509,0,0.527681394097164,1,0,0.22086749888235457,0,0,0.1300081968544832,0,0,0.17782615950768368,0,0,0.06193867047682827,0,0,0.11578069099993592,0
510,0,0.31750202306288927,0,0,0.2179273956473,0,0,0.009463777116501886,0,0,0.372965480266239,1,0,0.008283004963193027,0,0,0.03592174261680723,0
511,0,0.6274968424113178,1,1,0.602106834566129,1,0,0.12161185265861064,0,0,0.18075996874066425,0,0,0.051637749755293304,0,0,0.09388479486303443,0
512,1,0.6275194524765632,1,1,0.7904029396191673,1,1,0.09334892690980405,0,0,0.16641654316425114,0,0,0.015379543814733554,0,0,0.05139281355423699,0
513,1,0.6926146543340077,1,0,0.3941362147619583,1,0,0.07180906028781815,0,0,0.4630518770766086,1,1,0.8033146829894519,1,0,0.17566533313329977,0
514,1,0.626808825817372,1,0,0.04322930010010386,0,0,0.17994180374653754,0,1,0.15935306356723739,0,0,0.01808729081265741,0,0,0.3440183897149896,1
515,1,0.47015446378308284,1,1,0.5347197854733176,1,0,0.08047458546623078,0,0,0.1450765808903668,0,0,0.18653307011742815,0,0,0.09884049651975822,0
516,0,0.4080618956403268,0,0,0.06808907615440067,0,0,0.6025306219655296,1,0,0.08869467161510329,0,0,0.03697748998422211,0,0,0.11447798780609024,0
517,1,0.9479084728501096,1,0,0.07042247612896857,0,1,0.9971137856012465,1,0,0.13122843347269633,0,0,0.1077491330316911,0,0,0.0339260068024303,0
518,0,0.468760592920998,1,0,0.1782003753355262,0,0,0.06650808941876583,0,0,0.48804201532339686,1,0,0.5957897967314346,1,0,0.11732128360684825,0
519,0,0.7097399220731901,1,0,0.09181133749876629,0,0,0.7968338131149788,1,1,0.16746798155051645,0,0,0.054241622295876445,0,0,0.19645306087170167,0
520,0,0.34095195352005275,0,0,0.2757040128431945,0,0,0.09747538680052564,0,0,0.0884385875386185,0,0,0.021311902702099064,0,0,0.22100192209915615,1
521,1,0.621026253772143,1,0,0.10782974160475865,0,0,0.05481680433717267,0,0,0.26202059506672193,1,0,0.026419659517577836,0,1,0.8544460399040433,1
522,0,0.7482966216936426,1,0,0.12340593411073575,0,0,0.05056952983446839,0,0,0.25711757943476865,1,1,0.3850033449336887,1,0,0.06877457831699346,0
523,1,0.41071993411167557,0,0,0.17907188971531332,0,0,0.40511604414606567,1,1,0.1630134188868322,0,1,0.0464518012648728,0,0,0.10614391356659365,0
524,0,0.5186874853868058,1,0,0.17759689312487362,0,0,0.15043874228319956,0,0,0.3178312360168878,1,0,0.03814425110006811,0,0,0.0722005362397347,0
525,0,0.5422119334038019,1,0,0.2270554052580618,0,0,0.34254255041559406,1,0,0.2391026083723388,1,0,0.12234422082541213,0,0,0.25669768310191715,1
526,1,0.5249360553233378,1,0,0.15857156338988151,0,0,0.05911191436090374,0,1,0.20982727063900772,0,1,0.7531665688445552,1,0,0.10868748455837401,0
527,0,0.5611802699937974,1,0,0.18680989745479315,0,0,0.07402951563898906,0,0,0.20920545626158438,0,0,0.6310568489939056,1,0,0.0648000174883031,0
528,1,0.5381595993648568,1,1,0.6437974252782284,1,0,0.0256607370000906,0,0,0.12909434785218368,0,0,0.019175644451076588,0,0,0.04502121529423884,0
529,1,0.9729810259007953,1,1,0.8752980567210907,1,0,0.03769686945088571,0,0,0.17614438447173167,0,1,0.9488526191305401,1,0,0.08997654350212386,0
530,0,0.5537441854363399,1,0,0.197980230387137,0,0,0.17618126600951545,0,0,0.07338814595625533,0,0,0.04191487063215258,0,0,0.06368819408546998,0
531,1,0.861745704733087,1,1,0.08268545700365255,0,0,0.0209297810431877,0,0,0.289332115071269,1,0,0.4146160472650404,1,1,0.3868833044127539,1
532,0,0.37066088329966346,0,0,0.2532884821520615,0,0,0.2675788750014918,0,0,0.09465029539494942,0,0,0.03002699244831501,0,0,0.3212013070945534,1
533,1,0.595541796373256,1,1,0.5088505383834064,1,0,0.26112005457055476,0,0,0.12278100956082544,0,0,0.2637385756769803,1,0,0.13688024486095116,0
534,0,0.6150611757444447,1,0,0.21838090223140857,0,1,0.6643980059958735,1,0,0.14156938617069903,0,0,0.05083420979989186,0,0,0.1781961060897204,0
535,0,0.33992954439118933,0,0,0.10374581971322899,0,0,0.01879288708290013,0,0,0.123879636949281,0,0,0.24124092523637344,0,0,0.15063746634768338,0
536,0,0.6919492772137151,1,1,0.2048715521677075,0,0,0.3152793453969547,0,0,0.519849122708326,1,1,0.06045518078736716,0,0,0.3023632297945371,1
537,1,0.8215931857621314,1,1,0.8575053692919226,1,0,0.0927060395521418,0,0,0.0956532081069641,0,1,0.9422869814513751,1,0,0.10627819486465269,0
538,1,0.6412847591399617,1,0,0.16888836798310078,0,1,0.23023918891873585,0,0,0.14097647903068275,0,0,0.035861021736541175,0,0,0.18525472281500696,0
539,0,0.5333601966194341,1,0,0.03839552903995159,0,0,0.1065345491468737,0,0,0.28914476618295304,1,0,0.14932750912771967,0,0,0.244999007612922,1
540,1,0.810630301784074,1,0,0.4381121416256792,1,0,0.07493198866637231,0,1,0.5078505978700588,1,0,0.022715679894634817,0,0,0.0570464458867788,0
541,1,0.7049485284145067,1,0,0.19923887711491603,0,1,0.8717612416253803,1,0,0.2821146944646323,1,0,0.06707375190467739,0,0,0.1515117684411893,0
542,1,0.7904747786129408,1,1,0.601047284902804,1,1,0.9596008522962793,1,0,0.22903773447532705,1,0,0.0416647033377655,0,0,0.022123619898313213,0
543,0,0.6382433552523038,1,1,0.7112669857678093,1,0,0.07370250540491177,0,0,0.11894166026142124,0,0,0.03698181021325959,0,0,0.09639055184302357,0
544,1,0.39734621946472193,0,1,0.09062417079585416,0,0,0.047418075590809516,0,0,0.2726150195955707,1,1,0.057295942325726906,0,0,0.11979095463180793,0
545,1,0.627515955462989,1,0,0.1457162079240751,0,0,0.14702898410070273,0,0,0.18246166041509157,0,0,0.046753165490963165,0,1,0.20672596615991481,0
546,0,0.697071999159569,1,0,0.08640785451795645,0,0,0.21653673467072632,0,0,0.3105434866334305,1,0,0.017217526302166813,0,0,0.08420546787792443,0
547,1,0.8091351949256661,1,0,0.11665556887903107,0,0,0.23909612168960848,0,0,0.2625818134733923,1,0,0.06455271414297907,0,1,0.5902069754214309,1
548,1,0.5864605618225106,1,0,0.2626165812347791,0,0,0.14074183953112496,0,0,0.18304897742740256,0,1,0.5900181948396729,1,0,0.08221483955914193,0
549,1,0.5021736617597571,1,1,0.5051466864809174,1,0,0.07863743013937761,0,0,0.14092926207022188,0,0,0.011309133635379021,0,0,0.056877781955661594,0
550,0,0.3193840714061856,0,0,0.3046970740650814,0,0,0.05051662757783091,0,0,0.3441137514381067,1,0,0.08989169283084812,0,0,0.06760279834437048,0
551,0,0.38852376972987973,0,0,0.3113896315179218,0,0,0.34799225618727836,1,0,0.12968866732405726,0,0,0.06861387064385294,0,0,0.057696346773378974,0
552,1,0.4722453153959772,1,0,0.38259405005413355,1,1,0.22990928157042737,0,0,0.1332213786351185,0,0,0.01104535657206309,0,0,0.1541277191204197,0
553,0,0.452655183526489,1,0,0.35832731108125354,1,0,0.1299938072328509,0,0,0.17788597004508097,0,0,0.04498352648524731,0,0,0.13835696601183817,0
554,0,0.43952696201481767,1,0,0.02736578676672113,0,0,0.0999923826347452,0,0,0.2795797751168286,1,0,0.008877600270874713,0,0,0.10980247439034728,0
555,1,0.5469796829031605,1,0,0.05688590812276593,0,1,0.5892729135289239,1,0,0.1337372778423792,0,0,0.01447286860436936,0,0,0.35658008049488926,1
556,1,0.8246376679193883,1,1,0.6373320887848205,1,0,0.1253131540027488,0,0,0.21573503259743662,0,0,0.013053975169423455,0,0,0.21878448259913816,0
557,1,0.7182463439768454,1,0,0.5379392354358058,1,1,0.649492223554153,1,0,0.3550454771900042,1,0,0.12489128050103909,0,0,0.05839750909211674,0
558,1,0.8331571073832279,1,0,0.1934455079500568,0,0,0.038804808329434774,0,1,0.24373855232467764,1,1,0.960438417390722,1,0,0.07103215987857765,0
559,0,0.6830024732207782,1,0,0.31467280955955435,0,0,0.20805195941644292,0,0,0.43178026500983774,1,0,0.022887070842112837,0,1,0.13950876961762074,0
560,0,0.8026100384963023,1,0,0.19153243571485343,0,0,0.6562773644001364,1,0,0.17996618247183357,0,0,0.10199740279005935,0,0,0.2314609405848783,1
561,1,0.7595391194972901,1,1,0.36479674632125864,1,1,0.7015227109761989,1,0,0.1933309586688207,0,0,0.04001397682621688,0,1,0.2392326768631928,1
562,1,0.6467044231416296,1,0,0.053833958637000356,0,0,0.1551557172941798,0,1,0.4270730163176662,1,1,0.3769893300164507,1,0,0.08046710751331687,0
563,1,0.620840397990327,1,1,0.5274751044121732,1,0,0.18152765380976188,0,0,0.10754490034847487,0,0,0.06446359530827288,0,0,0.1543725548709091,0
564,1,0.7566500748690799,1,1,0.42457163654908703,1,0,0.018580929264973026,0,0,0.2133294739474739,0,1,0.9060622907050142,1,0,0.06407524692998325,0
565,0,0.45145605939049066,1,0,0.5693356826117807,1,0,0.04795658704296359,0,0,0.16930213485283838,0,0,0.06546642068447543,0,0,0.0946625215561267,0
566,1,0.5311143880408308,1,0,0.07188977085560622,0,0,0.3048303792208868,0,0,0.09396021720115823,0,0,0.07460896117112784,0,1,0.6073769335688356,1
567,0,0.6331592241006716,1,1,0.35713396187334784,1,1,0.5633220619711222,1,0,0.16745357427006247,0,0,0.07581450523794414,0,0,0.14875612838817723,0
568,0,0.6803734965167051,1,0,0.46586287057222675,1,0,0.7573435775391889,1,0,0.08026195948049379,0,0,0.011425487040388066,0,0,0.11798027263998766,0
569,0,0.43678225464306975,1,0,0.1506029989833276,0,0,0.2577536845278689,0,1,0.1747701816491235,0,0,0.0231088808645796,0,0,0.06699651939687777,0
570,0,0.8032710361023286,1,0,0.4204967044195584,1,0,0.6843609398011076,1,0,0.22870014805326658,1,0,0.038581030946127796,0,0,0.08723743940344157,0
571,0,0.29855762690140747,0,0,0.11869818690445166,0,0,0.05951709216589988,0,0,0.10828496563274093,0,0,0.054909143374154264,0,1,0.4761393686973458,1
572,0,0.4639961019800458,1,0,0.2048749054319893,0,0,0.04939404817812793,0,0,0.24969981109092068,1,0,0.022724441057374246,0,1,0.19463759204191958,0
573,1,0.7272546898915303,1,1,0.6109427522328702,1,1,0.9947929769420192,1,0,0.17632697346703696,0,0,0.025743439721742145,0,0,0.0871203729084777,0
574,1,0.6498298697859183,1,1,0.5532774978850326,1,0,0.03854723367198065,0,0,0.11482709177536825,0,0,0.04397935639699935,0,0,0.4021459834869043,1
575,0,0.4948442895302736,1,1,0.7916730287227987,1,0,0.04983764041965965,0,0,0.1312137799486413,0,0,0.019041856127878704,0,1,0.12293290919381726,0
576,0,0.3287716319095596,0,0,0.3279569417497054,0,0,0.1312744097386391,0,0,0.11051421368696933,0,0,0.040732727881740295,0,0,0.051048834911611836,0
577,1,0.7388680310229496,1,1,0.3069027668686671,0,0,0.05737242771109955,0,0,0.29642383145083584,1,0,0.0957471933160043,0,1,0.4598938790506229,1
578,1,0.6852681792959362,1,0,0.14473348506680714,0,0,0.08903952791942105,0,1,0.6059307182013732,1,0,0.10720424948858716,0,0,0.17936260252269198,0
579,0,0.8137832545897111,1,0,0.3896239910271094,1,0,0.2853797305323945,0,0,0.19170405914834884,0,0,0.052481798539328724,0,0,0.16356023528605665,0
580,0,0.4941918671725407,1,0,0.18767667487213735,0,0,0.11971447390484326,0,0,0.10562241468128303,0,0,0.037474694238381116,0,0,0.09257880522624284,0
581,0,0.42713792778045717,0,0,0.09206941544458376,0,0,0.10417440940556778,0,1,0.12716980246367493,0,0,0.01165286265732523,0,0,0.47517938142634836,1
582,1,0.6310577386230516,1,1,0.8476367824905028,1,0,0.013400259105959197,0,0,0.11077998657561056,0,0,0.010217226679500065,0,1,0.1581764671658122,0
583,1,0.35762708468671406,0,0,0.14601952591794098,0,0,0.10575941342585743,0,0,0.20872092846871979,0,1,0.4084642628059438,1,0,0.23213956100146269,1
584,1,0.5229392568346796,1,0,0.1278738415663356,0,0,0.0867813282511567,0,1,0.43093264416886745,1,0,0.05159157107554535,0,1,0.26552370956295585,1
585,1,0.39574971286106003,0,1,0.13134236881142855,0,0,0.10082788919484616,0,0,0.30002689069963623,1,0,0.01956556509728299,0,0,0.11969716073086932,0
586,1,0.36953555499575846,0,1,0.10034887378211137,0,0,0.04314080202063921,0,1,0.2958410089052732,1,1,0.36418467049724196,1,0,0.08374445134030212,0
587,1,0.6821050450128346,1,0,0.19094989577283683,0,0,0.14511115238340186,0,1,0.5289794928752803,1,0,0.1749386882054339,0,0,0.08629096622452882,0
588,1,0.7204386382638894,1,1,0.8328348596455082,1,1,0.6804407549677566,1,0,0.12094342463761376,0,0,0.01895900011782407,0,0,0.1616840629617406,0
589,1,0.33118188398297926,0,0,0.0664271236689052,0,0,0.0204125070987785,0,0,0.23330256375255418,1,0,0.012495796444332472,0,1,0.5027501010236163,1
590,1,0.880552463670969,1,0,0.08101443226755774,0,0,0.04360300525646835,0,0,0.23109433747706434,1,1,0.9879865994112222,1,0,0.10753197070210052,0
591,1,0.4652205043950192,1,1,0.28677683013253397,0,0,0.022333802214120273,0,0,0.3802109991969708,1,0,0.07868300604632884,0,0,0.09035132167744496,0
592,1,0.7548721645374483,1,0,0.6791896746025511,1,1,0.7049803311547965,1,0,0.36773015027947314,1,0,0.2376365692551575,0,1,0.18103352807481068,0
593,1,0.6429724073682346,1,1,0.6072451388714324,1,0,0.092812301460374,0,0,0.18148257648431398,0,1,0.02324290189493342,0,0,0.15867520828586318,0
594,1,0.8617801670617403,1,1,0.9632495941202759,1,0,0.464263647035557,1,0,0.1431335082362463,0,0,0.33299899159206736,1,0,0.2469031168627546,1
595,0,0.3866142363329617,0,0,0.10338369346128022,0,0,0.02102778628287223,0,0,0.3947275006430087,1,0,0.04425260590623862,0,0,0.12035435276008194,0
596,1,0.6823233920240194,1,1,0.5029142850360794,1,0,0.31812108602484995,0,0,0.10806321436446453,0,0,0.05006095935166022,0,0,0.09884524323137339,0
597,0,0.5679200082911963,1,0,0.4390590999447032,1,0,0.022302990309248105,0,0,0.24218415535183882,1,0,0.06790935827261857,0,0,0.0443547184102046,0
598,0,0.6070905959053086,1,0,0.4071049390289654,1,0,0.043344388657187115,0,0,0.12655993411527122,0,0,0.29298011704002,1,0,0.11745597630923817,0
599,0,0.7064135785057374,1,0,0.22686606309019294,0,0,0.535922766977722,1,0,0.14185151197980173,0,0,0.02927818620731254,0,1,0.07625864255970599,0
600,1,0.6654606600136157,1,0,0.17725116076241557,0,1,0.48467245281552246,1,0,0.2609709345266788,1,0,0.05454709343947389,0,1,0.10296521352596177,0
601,0,0.6984560386058493,1,0,0.04694852924130949,0,0,0.0015077154914635291,0,0,0.20457267307213156,0,0,0.013369629955489156,0,1,0.06952232966439888,0
602,0,0.5655515245326415,1,0,0.12100784745039828,0,0,0.13116844215925283,0,0,0.11141546788833419,0,0,0.06815360802366659,0,0,0.2901822273125567,1
603,1,0.7143930104504146,1,1,0.3108020349198033,0,1,0.7715147486416253,1,0,0.08693920883417934,0,0,0.08149921434807983,0,0,0.1772113736646775,0
604,1,0.9143128554635211,1,1,0.9819702911050773,1,0,0.13060748866485,0,0,0.10020397029135654,0,0,0.03231819806316981,0,0,0.22516352782974983,1
605,1,0.5465165736209168,1,1,0.12355663626232377,0,0,0.07367663978315453,0,0,0.17248612695771073,0,1,0.7516023752525616,1,0,0.07582846413679956,0
606,1,0.59592514457929,1,1,0.11214291890345061,0,0,0.4478117686432257,1,0,0.16295604100030994,0,0,0.08029197947179982,0,0,0.12257098757627323,0
607,1,0.7856914189982737,1,1,0.8197962218829934,1,0,0.5893671308389397,1,1,0.17805424682262425,0,0,0.08160423966516281,0,0,0.1368284169360094,0
608,1,0.7965054780302547,1,0,0.03460094298853785,0,0,0.0670998589183414,0,0,0.21254776744866655,0,0,0.03659446523891218,0,0,0.43676326882587874,1
609,0,0.6450305423119973,1,0,0.3636669697218269,1,0,0.5264289709362434,1,0,0.499241043711937,1,0,0.012064497206829448,0,0,0.07844787189863058,0
610,1,0.7516206027333613,1,1,0.9235251100200498,1,0,0.07905668347566822,0,0,0.25478783932988197,1,0,0.026988432264769064,0,0,0.04256684868049506,0
611,0,0.7632588468028964,1,0,0.1006876716671299,0,0,0.007871973147411,0,0,0.5463407660559093,1,0,0.10694095254140688,0,0,0.06712788048093797,0
612,1,0.5686462167796004,1,0,0.2499897731249776,0,0,0.1603568260332239,0,0,0.24407853249177222,1,0,0.026353653002202854,0,0,0.09622975910017258,0
613,0,0.42261012798376907,0,1,0.46398595612074756,1,0,0.12820369185660838,0,0,0.10152190459631834,0,0,0.020513600908455883,0,0,0.26044899072825156,1
614,1,0.496245543691022,1,0,0.23812997495945606,0,1,0.47089810014776345,1,1,0.33663221351065437,1,0,0.03381486902745756,0,0,0.5160285277621997,1
615,1,0.6153541340147012,1,1,0.6264647852544586,1,0,0.06696241038236522,0,0,0.08695621268413112,0,0,0.003743707883286021,0,0,0.062668365988137,0
616,1,0.7756205726608975,1,0,0.12664046202307253,0,0,0.26632388236214066,0,1,0.14233834983588753,0,1,0.47685862400382034,1,0,0.06317093678492182,0
617,1,0.6722573435896096,1,1,0.49981803518474804,1,1,0.907392296874665,1,0,0.12665911110733855,0,0,0.05647433805370538,0,0,0.5090804325568042,1
618,0,0.5177925145567893,1,0,0.19880766414827736,0,0,0.25171286471648213,0,0,0.10110508742731177,0,0,0.021192500054809483,0,0,0.3512039515921031,1
619,1,0.7225251861088763,1,0,0.19880008222497272,0,1,0.942808252568843,1,0,0.1727758631246061,0,0,0.10278347755348378,0,0,0.1650078432665804,0
620,1,0.7007978100182098,1,0,0.09911691627691288,0,1,0.43093996948389784,1,0,0.22903942769431376,1,1,0.20026427617396284,0,0,0.43753746650873976,1
621,0,0.3540784700162382,0,0,0.19113922901483738,0,0,0.1244643349710584,0,0,0.3001401326465405,1,1,0.8447911842585193,1,0,0.05266345561744017,0
622,1,0.575909470345669,1,1,0.25287230008508804,0,1,0.024039193109478867,0,0,0.20378578160735236,0,0,0.06812450964999921,0,0,0.41959051351739934,1
623,1,0.671734097154982,1,1,0.6074260597218196,1,1,0.05180182260632991,0,1,0.09838690151111189,0,0,0.05580361792312552,0,0,0.09169716086383857,0
624,1,0.702638841648147,1,1,0.42372791837785967,1,0,0.09259146704289516,0,0,0.4471394732194087,1,0,0.1199100356927515,0,0,0.06412247841132165,0
625,1,0.5006025185607221,1,0,0.18472460788943432,0,0,0.05677056804728139,0,1,0.4509691365389618,1,0,0.06964488032008344,0,1,0.2743707579398016,1
626,1,0.8566765969941939,1,0,0.07643701091221627,0,0,0.08143796852941916,0,0,0.508753165059778,1,1,0.6389188458408598,1,0,0.11593318591124857,0
627,1,0.9300145201006723,1,0,0.17483605272877625,0,1,0.8157906887405538,1,0,0.18473408690044732,0,0,0.04383099288525059,0,0,0.20143103316087385,0
628,1,0.7112373258862282,1,1,0.7307535725355084,1,0,0.27150140066565115,0,0,0.14037762733900516,0,0,0.07524725464386055,0,0,0.17924530040471195,0
629,1,0.696692042191691,1,1,0.7714047391969986,1,0,0.07033620627588948,0,0,0.1435330112891033,0,0,0.040664982878541374,0,0,0.27820265589986903,1
630,0,0.46365998394996016,1,0,0.471392579062577,1,0,0.16527887631918514,0,0,0.13366258024204744,0,0,0.012381804011002952,0,1,0.4324052465050852,1
631,1,0.4064157586306003,0,1,0.24555003639969333,0,0,0.11252389232997984,0,0,0.11663917541869888,0,0,0.02639332320837255,0,0,0.3763370487572198,1
632,1,0.8654279865372284,1,1,0.2617819828264362,0,0,0.03602281690158313,0,0,0.3494170957908964,1,1,0.9432217964367663,1,0,0.08318710732538709,0
633,1,0.6400082050498225,1,0,0.29859056488672603,0,1,0.32283806812169397,1,0,0.28050813288495163,1,0,0.019248468076399922,0,1,0.11869734273552812,0
634,1,0.709175953074816,1,0,0.26704236264513265,0,1,0.6396116817717337,1,0,0.2086881288518273,0,0,0.030546155864341052,0,1,0.20302312830140604,0
635,0,0.6387920532949569,1,0,0.4887512480654812,1,0,0.14071892200236816,0,0,0.18786287818981742,0,0,0.013780102473903206,0,0,0.4226815278937228,1
636,1,0.39081304586669513,0,1,0.3118414965999952,0,0,0.015706162567348806,0,1,0.3866873397884128,1,0,0.026239797895274197,0,0,0.14096906193237727,0
637,1,0.6692275393173159,1,0,0.37137472752030426,1,1,0.972385138927851,1,0,0.2650341165163255,1,0,0.06288886427692551,0,0,0.1671028240662942,0
638,1,0.8381267872062654,1,0,0.08926848630543739,0,1,0.9388861054361084,1,0,0.11262225942198752,0,0,0.019027170571792942,0,0,0.03565159963876393,0
639,0,0.4158993904492414,0,0,0.05288049063432576,0,0,0.14875240194855285,0,0,0.23283997583974259,1,0,0.020406854937829445,0,0,0.36394265882558746,1
640,0,0.37522380131971245,0,0,0.21319703569211787,0,0,0.05934092854147851,0,1,0.10340923300792082,0,0,0.07747366897670649,0,0,0.03981320149457502,0
641,1,0.7725241002295388,1,0,0.512387152778942,1,1,0.8234446361780235,1,0,0.15108947995798006,0,0,0.06812438857911528,0,1,0.19119797849461073,0
642,1,0.7082844274675457,1,0,0.12925276679682834,0,0,0.03808549952313461,0,1,0.3254639669045263,1,0,0.046192513018281416,0,0,0.05751018028057992,0
643,1,0.7603217072149019,1,0,0.24156876511573544,0,0,0.06779945658585063,0,0,0.20288624484009676,0,1,0.5223483648004413,1,0,0.18219518184337727,0
644,0,0.7473872091724267,1,0,0.6948441854920819,1,0,0.05793535131495046,0,0,0.3439823325929292,1,0,0.03694383912363348,0,0,0.28618678672174075,1
645,0,0.4882944032538646,1,0,0.17317341517093973,0,0,0.07001695653045954,0,0,0.24071014121118284,1,0,0.01240623691190599,0,0,0.15800772006207103,0
646,1,0.783337845794556,1,1,0.9226001694383452,1,1,0.9742231027667141,1,0,0.08301977842466328,0,0,0.026300471454819247,0,0,0.08812168528092872,0
647,1,0.7342502919248618,1,1,0.9294736687884,1,0,0.017441386251805954,0,0,0.19868181074911742,0,0,0.01901468207964865,0,0,0.1682907012502686,0
648,0,0.4877047120049289,1,0,0.09261635348783748,0,0,0.032328981375816745,0,0,0.1606689590270556,0,1,0.6659437500518851,1,0,0.12065712080486878,0
649,1,0.44555610860581685,1,0,0.12365661958396368,0,0,0.02257515663566372,0,0,0.1457739492469318,0,0,0.02034227716059162,0,0,0.08898932054926506,0
650,1,0.9103095582888932,1,1,0.7147990395888227,1,0,0.5518674764818713,1,0,0.17427697009666912,0,0,0.05072368219375306,0,0,0.30624154519914,1
651,0,0.5817559973162482,1,0,0.32016997979834516,0,0,0.17111297278036205,0,0,0.18761418534739574,0,0,0.08579694337241213,0,0,0.12904824046365712,0
652,1,0.6038332444715406,1,0,0.16810492683682784,0,1,0.4226913331840352,1,0,0.21184490302533457,0,0,0.3021284479865967,1,0,0.22534373650825468,1
653,1,0.7321550176144331,1,0,0.4752921425958359,1,0,0.19251057228931065,0,0,0.18930212814793582,0,0,0.12860607809304306,0,0,0.2365777507517303,1
654,1,0.629593776455576,1,0,0.05048250326942295,0,0,0.03497750403943038,0,1,0.32579636467625345,1,0,0.018042674737433356,0,0,0.1652137768745453,0
655,0,0.48953976188218745,1,0,0.24594616389093527,0,1,0.2626694099051338,0,0,0.13271943739497968,0,0,0.009156479726724969,0,0,0.11464329232671662,0
656,0,0.2340836506782876,0,0,0.47120190003194407,1,0,0.1468882792245735,0,0,0.24099161510992864,1,0,0.08548353740264852,0,0,0.0400014961099752,0
657,0,0.5767780646479342,1,0,0.2558501587853805,0,0,0.3326880929497213,1,0,0.3049177250825818,1,0,0.24533827284503226,0,0,0.1415528844362096,0
658,0,0.3348954568473112,0,0,0.18670244250429344,0,0,0.01675461827479367,0,0,0.12379224186076647,0,0,0.06808121709803235,0,1,0.22732773249772065,1
659,1,0.28713902553933884,0,1,0.11331854691525904,0,0,0.03462222049886887,0,0,0.06285214030622673,0,1,0.4321386543465364,1,0,0.0459930976659681,0
660,0,0.22274827162629948,0,0,0.13340428876712354,0,0,0.10254400123076403,0,0,0.10330922843475122,0,0,0.08986439807439077,0,0,0.035217525539806074,0
661,0,0.9049396208859593,1,0,0.03861039902355302,0,0,0.010625370019163865,0,0,0.23420075336279145,1,0,0.17000411304810956,0,0,0.7990453007972187,1
662,1,0.9316388230595605,1,1,0.8012303871159966,1,0,0.01807936777128787,0,0,0.1691216964792138,0,1,0.7796867008964082,1,0,0.0624715786537903,0
663,1,0.8700249038132352,1,1,0.908633673921227,1,0,0.17581497988251396,0,0,0.1096699624861542,0,0,0.03622096319723036,0,0,0.29002367417073766,1
664,0,0.2255765103620164,0,0,0.3340020872943308,0,0,0.024606998192889615,0,1,0.2733923587684404,1,0,0.015009637227532948,0,0,0.18730286385734937,0
665,0,0.5080809696039668,1,0,0.09822285723007561,0,0,0.11409221692851913,0,0,0.10341298985976904,0,0,0.06790375683933103,0,0,0.09776457210550493,0
666,1,0.8571104020252661,1,1,0.8012219877511931,1,0,0.04977296900331176,0,1,0.24285576893374392,1,0,0.09277850753745347,0,0,0.3100253092911155,1
667,0,0.49705459085633064,1,0,0.1044123222609792,0,0,0.4361113828800412,1,0,0.14047429172647882,0,0,0.035414037514679024,0,0,0.1259537159928403,0
668,1,0.6598728551378151,1,1,0.5003776990179666,1,0,0.044204576387013333,0,1,0.23747154522322114,1,0,0.07103307708053729,0,0,0.14517946480607544,0
669,1,0.852881457920569,1,1,0.9642816499184209,1,0,0.33461072050768487,1,1,0.2299386526688211,1,0,0.05658493754018493,0,0,0.0794924669320287,0
670,1,0.654490762179257,1,0,0.2554376397090648,0,0,0.01342528129515219,0,1,0.5610759024239673,1,0,0.0073035701993903026,0,0,0.05080139771860621,0
671,0,0.5119834392344766,1,0,0.0317714830767786,0,0,0.06763735498790187,0,1,0.5905344629888629,1,0,0.02760275530732328,0,0,0.11157020714887828,0
672,0,0.668361424617899,1,0,0.1918759875606336,0,0,0.31903008420622203,0,0,0.148438602185315,0,0,0.01769360124420254,0,0,0.5130787649972014,1
673,1,0.9586523296525526,1,0,0.08441358304553774,0,1,0.9975449419022864,1,0,0.10244328612991016,0,0,0.02985297820878049,0,0,0.037102149918532196,0
674,1,0.454803310966784,1,1,0.5454048178996828,1,0,0.05670020782497059,0,0,0.16196792860769457,0,0,0.02640607192927596,0,0,0.09236017857095909,0
675,0,0.26853687814682936,0,0,0.18022477406157633,0,0,0.16891405515431424,0,0,0.16604177950814994,0,0,0.08453699796089875,0,0,0.11335945807735988,0
676,1,0.5727698697235158,1,0,0.144779250020863,0,1,0.7461037441397602,1,0,0.4217836542479076,1,0,0.13399521066115097,0,0,0.1077814998498219,0
677,1,0.8682597429692596,1,1,0.27431257520547,0,1,0.7427511049814143,1,0,0.2857817078363323,1,0,0.027594456495149255,0,0,0.32445792824342073,1
678,0,0.20628816317071344,0,0,0.034826459340344035,0,0,0.04620539786652828,0,0,0.08930945323050545,0,0,0.042058527665601725,0,0,0.09998622493623972,0
679,1,0.6805040014966396,1,1,0.9033793996499663,1,0,0.04811588899882585,0,0,0.16567721488296236,0,0,0.03942573508263106,0,0,0.36731228757966683,1
680,1,0.2791807765035857,0,0,0.20964743228095659,0,0,0.04646208642597205,0,0,0.12745633534083786,0,0,0.05614731345879694,0,0,0.06831049193475756,0
681,0,0.31360687107668395,0,0,0.04454807389387861,0,0,0.02585775361856606,0,0,0.09352760226235644,0,0,0.008541496191003665,0,0,0.47747450659126406,1
682,1,0.7869900332912431,1,0,0.144901835861186,0,1,0.6821604740847153,1,0,0.1208751701738812,0,0,0.023238957034095554,0,0,0.183021856786553,0
683,0,0.35065984086662216,0,0,0.5093824980883013,1,0,0.057200549384035876,0,0,0.2968828735800239,1,0,0.5426853964409043,1,0,0.05880273678733163,0
684,1,0.44668211586809886,1,1,0.870977818979967,1,0,0.03049400705559585,0,1,0.27564913976469,1,1,0.19492370520641575,0,0,0.10657924979815221,0
685,0,0.34536462076946356,0,0,0.024772355194647554,0,0,0.09752906024535472,0,1,0.42866576070234474,1,0,0.03454958896014944,0,0,0.069828911326608,0
686,0,0.5180751692532528,1,0,0.5923597836511185,1,0,0.20094300278907432,0,0,0.28663571762397927,1,0,0.2090953080969539,0,0,0.3795976751421401,1
687,0,0.4102448702010193,0,0,0.10577049714475228,0,0,0.053827458212841774,0,0,0.17101344762579118,0,0,0.5934008386659243,1,0,0.13799057614988033,0
688,1,0.5186522142046103,1,1,0.25589094015490305,0,0,0.0381762596184882,0,0,0.1729398649490547,0,0,0.03474273228692881,0,1,0.24817907893698687,1
689,0,0.7799269486634044,1,0,0.13712224709194012,0,0,0.47071394389254606,1,1,0.4478336480470165,1,0,0.1366398620952202,0,0,0.34136827517900725,1
690,1,0.31019396704690494,0,1,0.18263465296570455,0,0,0.18861246549986135,0,0,0.09946697609965936,0,1,0.04991498899703219,0,0,0.0487649160334529,0
691,0,0.4874453366133169,1,1,0.30469169870856616,0,0,0.037381909503384235,0,1,0.4600682301431703,1,0,0.11542859164942805,0,0,0.170311985496748,0
692,1,0.9302519917687403,1,1,0.32529860505091635,0,1,0.9792562118713822,1,1,0.2691808244228547,1,1,0.054011755377397164,0,1,0.17241571449165383,0
693,1,0.45533790534138113,1,0,0.34766469459754595,1,0,0.11864288882705615,0,0,0.2365691376191017,1,0,0.041988230232890465,0,1,0.3680769289938229,1
694,0,0.6921974251203439,1,0,0.4334053286120871,1,0,0.1804890069999171,0,0,0.3139250788249598,1,0,0.08547576627588209,0,0,0.12554751591314353,0
695,0,0.701495039909621,1,0,0.13142278206395283,0,1,0.8042209034992838,1,0,0.15340115870707538,0,0,0.06947080975851729,0,0,0.26766960354551794,1
696,1,0.5004005087966087,1,0,0.22345044261394534,0,0,0.27652286252626995,0,0,0.10653912855651014,0,0,0.05020471839809881,0,1,0.17848911013598814,0
697,1,0.8108981410927493,1,1,0.20588798218786217,0,1,0.21650141892998395,0,0,0.2999401267517389,1,0,0.22468320278472084,0,1,0.40272374226089963,1
698,1,0.7843554299450242,1,0,0.24781184606742337,0,1,0.8711835833800174,1,0,0.31305758477927886,1,0,0.083802409710014,0,0,0.09203019562510506,0
699,1,0.6379180219067974,1,0,0.15370653148221106,0,0,0.17881719887355296,0,0,0.3159369604164569,1,0,0.07255450850096429,0,0,0.15017559311382336,0
700,1,0.5040707960789983,1,0,0.2097566008041781,0,1,0.33667771366102034,1,0,0.10566949431022858,0,0,0.029042371766831627,0,0,0.1132172546305419,0
701,0,0.5687951345959594,1,0,0.19071072006725134,0,0,0.16550163110692537,0,0,0.15873728174047863,0,0,0.008388274355126847,0,0,0.8324239610624139,1
702,1,0.8316213629028262,1,0,0.11949955378517403,0,0,0.033242553690205366,0,0,0.20205621471464996,0,0,0.15021514370764932,0,0,0.3338078876389628,1
703,0,0.5404879408055108,1,0,0.18727503974673243,0,0,0.11834423079492477,0,0,0.2029722627089754,0,0,0.06997871971510987,0,0,0.13362962130439188,0
704,1,0.4394272861883722,1,1,0.515525335348272,1,0,0.14606117052695147,0,0,0.15096446180066136,0,0,0.07873774336021137,0,0,0.36034409082851976,1
705,1,0.5815848993507081,1,0,0.1674216079454748,0,0,0.06930919311735997,0,1,0.40610295430760573,1,0,0.061373783737198435,0,0,0.05494652426333154,0
706,1,0.8034040090718725,1,1,0.23756415145683726,0,1,0.6024932881752514,1,0,0.12188351025124115,0,0,0.021864732367491934,0,0,0.13428596544259755,0
707,0,0.4831546577858177,1,0,0.171177058433159,0,0,0.09190822990865342,0,0,0.258583373430672,1,0,0.22769360103526912,0,0,0.06060680157032811,0
708,1,0.7546628602059667,1,0,0.12137069090412918,0,1,0.9496658826226106,1,0,0.09490033365346728,0,0,0.033091679607386786,0,0,0.06585538209437525,0
709,0,0.49350206677149405,1,0,0.3271412470348177,0,0,0.1023062893521216,0,0,0.20954109864767526,0,0,0.027354475855508986,0,0,0.07837544505471321,0
710,1,0.42779140931051013,0,0,0.13281975473582805,0,0,0.058434864115628905,0,1,0.11095721480080677,0,0,0.037124163551623464,0,1,0.30098816715364163,1
711,0,0.505386320320008,1,0,0.18647792389708448,0,0,0.0914152308472823,0,0,0.2923154186193022,1,0,0.018708723110066678,0,0,0.23803580052669193,1
712,0,0.7749716278800193,1,0,0.13445855809545404,0,0,0.031217332818603772,0,1,0.29862834538029764,1,0,0.16235050115738472,0,0,0.1152880664484915,0
713,1,0.9018250910380795,1,1,0.5281857087843272,1,0,0.1683294420303013,0,1,0.2513177486304599,1,0,0.16716682071017422,0,0,0.17289789091710908,0
714,1,0.5575921904447051,1,1,0.40175203524534636,1,0,0.1194424962419929,0,1,0.3589401184570633,1,0,0.032558541659462766,0,0,0.22521029842478915,1
715,1,0.5491209963926378,1,1,0.7816589904061416,1,0,0.12447165013607392,0,0,0.10355745141282706,0,0,0.01226147921524721,0,0,0.15792116777445117,0
716,1,0.9703043308017776,1,1,0.9958547448660209,1,1,0.9167732644189505,1,0,0.0679519376761388,0,0,0.029207143688917175,0,0,0.20358314627418606,0
717,1,0.6586076395889607,1,1,0.7329231292376294,1,0,0.16650768229585955,0,0,0.08008319758559383,0,0,0.33345632826305355,1,0,0.05627840093596451,0
718,0,0.4349145217927833,1,0,0.1825825134673169,0,0,0.29433259617874996,0,0,0.1802998095993161,0,0,0.01863979879501915,0,0,0.18499424505936068,0
719,1,0.6778470501888624,1,1,0.270893836806978,0,0,0.1609057768305001,0,0,0.19399459647622852,0,1,0.3844788545702633,1,1,0.22791621507831392,1
720,1,0.64087945155738,1,0,0.4214486595546336,1,0,0.22230104436054712,0,0,0.30487526528202624,1,1,0.7974219306874746,1,0,0.1304656697531067,0
721,0,0.4076656917198385,0,0,0.25970698440470763,0,0,0.07317571485970628,0,0,0.12973428129280104,0,0,0.13413356104897112,0,0,0.05001609472865781,0
722,1,0.8985664009781185,1,0,0.3488278645970368,1,0,0.116864757134233,0,1,0.1926162600912624,0,1,0.7746966776188146,1,0,0.12615582029244615,0
723,0,0.48558811466357055,1,0,0.30867206332730646,0,0,0.4212189805344595,1,0,0.12700182853487307,0,0,0.014558813058376202,0,0,0.14594681986128363,0
724,1,0.8340153519594821,1,0,0.22772961876571582,0,0,0.07544942035523428,0,0,0.14260717820815963,0,0,0.023844284763381532,0,1,0.21656085500796274,0
725,1,0.6158279536250338,1,1,0.39089115519573037,1,0,0.09167412329640146,0,0,0.27496440406043693,1,1,0.0737045343113549,0,1,0.13515234160826806,0
726,1,0.8639416764664984,1,1,0.898022465459886,1,1,0.5118933398737163,1,0,0.21729163463223888,0,0,0.015453326493088075,0,1,0.20436914738137169,0
727,0,0.5003613035302882,1,0,0.17964655353484485,0,0,0.4660482104693951,1,0,0.1322887477879017,0,0,0.029037404940364952,0,0,0.1546771437589086,0
728,1,0.6472662964987564,1,0,0.21067279839836286,0,0,0.17120973768582237,0,1,0.24449329416027124,1,0,0.0530225119359281,0,0,0.31886088491831205,1
729,0,0.7729357231762582,1,0,0.04874900127927514,0,0,0.2826626735952462,0,0,0.6165578907154031,1,0,0.01608505075269387,0,0,0.15516527153898518,0
730,0,0.6406724392237061,1,0,0.15992623089231228,0,0,0.1617577723811779,0,0,0.24096037931942801,1,0,0.02657165537307687,0,0,0.1807361874072826,0
731,1,0.909113547792427,1,1,0.7905683697155208,1,1,0.1000427007526707,0,1,0.3358234390927653,1,0,0.07170269637462688,0,0,0.15974676055797085,0
732,1,0.37500884852454003,0,1,0.5085140759176592,1,1,0.364959205224072,1,0,0.15170921167136184,0,0,0.04555937310381386,0,0,0.04869572702528382,0
733,1,0.7191600786983382,1,1,0.9717609570638509,1,0,0.12522879330609435,0,0,0.20966439688057412,0,0,0.018988484142774716,0,0,0.11572546806693092,0
734,1,0.7079387888746519,1,1,0.42403612270519536,1,0,0.03763806505072056,0,0,0.1258197347175742,0,0,0.1547388375764046,0,0,0.10676240329647606,0
735,1,0.7026131567735746,1,0,0.31209562759518056,0,1,0.6488097636883567,1,0,0.3164570378144544,1,0,0.17355600454274356,0,0,0.2997365876035556,1
736,1,0.842489714443695,1,0,0.06860512907035328,0,1,0.27944673262059383,0,0,0.20875812126001278,0,1,0.46347103732871225,1,1,0.28675111224688227,1
737,0,0.4211934582742458,0,0,0.2625552128904872,0,0,0.1983376220383871,0,0,0.15033772693246603,0,0,0.04495576490332043,0,0,0.02983743219956297,0
738,1,0.9706242061577154,1,0,0.07779817697372941,0,1,0.9999421955447193,1,0,0.09280361603824244,0,0,0.03374403698770169,0,0,0.12477529642625824,0
739,1,0.7798623890103585,1,0,0.40022484121786966,1,0,0.024423728385759996,0,1,0.46355514751461196,1,0,0.04213231310476892,0,0,0.10243740485689194,0
740,0,0.6746614703048928,1,0,0.2588854538698122,0,0,0.2276367981461066,0,0,0.2529897166664971,1,0,0.05006163265509866,0,0,0.13441331548553218,0
741,1,0.559871151947958,1,0,0.14415993112979006,0,0,0.1242230392768384,0,1,0.39671007592410495,1,0,0.32330718843288214,1,0,0.15684422770158712,0
742,0,0.29408065960807267,0,0,0.13858793169102415,0,0,0.11813418564706409,0,0,0.13102773197985199,0,0,0.06627969106162378,0,0,0.08083195736920469,0
743,0,0.9004409717743287,1,0,0.8789031897928901,1,0,0.1769832869807713,0,0,0.21130501119626774,0,0,0.03634797225253141,0,0,0.13739339454541352,0
744,1,0.6307033525968716,1,1,0.3667189264203128,1,0,0.1704849976479066,0,0,0.216727214699339,0,0,0.10420350254129984,0,1,0.19430564059737432,0
745,0,0.39173589280999205,0,0,0.4872961645932128,1,0,0.9017828168240132,1,0,0.12984215341568042,0,0,0.029203760552908464,0,0,0.022240858452757684,0
746,1,0.7531446108445907,1,1,0.42384563410919185,1,1,0.6834427546575924,1,0,0.254551569108237,1,1,0.5468926537838987,1,0,0.17367234691130295,0
747,1,0.4592376709833506,1,1,0.13038282696839978,0,1,0.37805284221340435,1,0,0.17180565704757447,0,0,0.062024333965318645,0,0,0.11223899039926817,0
748,1,0.7892161010800328,1,1,0.5621476935611098,1,1,0.06563345976699027,0,0,0.2491358447488616,1,0,0.042379363580620916,0,0,0.15034032242049225,0
749,1,0.4874217172841149,1,0,0.1286740560303601,0,0,0.1798396663706653,0,1,0.1712976964052311,0,0,0.032808722228844525,0,0,0.13016872075874883,0
750,0,0.9414221223858293,1,0,0.9586376635611331,1,0,0.014385607830363837,0,0,0.2850536554409085,1,0,0.06034333436292799,0,0,0.09248102415345344,0
751,0,0.6354505137383103,1,0,0.3634342237415595,1,0,0.10333693986541409,0,1,0.14102589583316716,0,0,0.1914145944482951,0,0,0.13378001316521185,0
752,0,0.21298113879975034,0,0,0.29894175462762324,0,0,0.059069430044273806,0,0,0.2012642025630177,0,0,0.07277408962199794,0,0,0.0803862053779028,0
753,0,0.21668604826616633,0,0,0.41824851489551323,1,0,0.023738876485340486,0,0,0.10882464577782408,0,0,0.02726770352656266,0,0,0.07172904470519559,0
754,1,0.7326048914824811,1,0,0.37110776932551054,1,1,0.6609765561063202,1,0,0.21964367375035643,0,0,0.07284259134500924,0,0,0.15742793032992394,0
755,0,0.27524101428614284,0,0,0.06318816427194912,0,0,0.1324219973350024,0,0,0.06801726465301236,0,0,0.3185511495557274,1,0,0.02614055014058228,0
756,1,0.6591029458011383,1,0,0.5673521763290604,1,1,0.6472164373024388,1,0,0.11218861447285162,0,0,0.036810114420231695,0,0,0.10206231379981201,0
757,0,0.39234887013089664,0,0,0.198022900002651,0,0,0.09742831460631192,0,0,0.08403989944711325,0,0,0.048494750294989786,0,0,0.05774463231790522,0
758,1,0.8515101538234239,1,1,0.8651341980499083,1,1,0.9458459406827685,1,0,0.09061869453701114,0,0,0.04123641543528164,0,0,0.14056603517175867,0
759,1,0.7511479534379096,1,1,0.7565590490271519,1,1,0.543588991776097,1,0,0.2895724048968413,1,0,0.01702745172499814,0,0,0.14225098569745923,0
760,1,0.41090945226777986,0,1,0.10255263806596393,0,0,0.2198715389461571,0,0,0.14240729045518316,0,0,0.10345087396470558,0,1,0.1317190394835712,0
761,1,0.09240110658328454,0,1,0.09570102511745394,0,0,0.004427416697526414,0,0,0.11802349980502243,0,1,0.8524992223528131,1,0,0.02531636724632878,0
762,0,0.48782709207070934,1,0,0.19569629283609488,0,0,0.060313285226260865,0,0,0.11531218592774889,0,0,0.10036809512918277,0,0,0.1374009573805476,0
763,0,0.7467086362160305,1,1,0.7937476679125569,1,0,0.0771113135303516,0,0,0.1599565793820543,0,0,0.01854096670922401,0,0,0.2291380885040607,1
764,0,0.7216764936892474,1,0,0.3616682751144164,1,0,0.07324519094914192,0,0,0.23148300426756982,1,1,0.830943663922087,1,0,0.056958901213723545,0
765,1,0.6305938173958308,1,1,0.4596266931619306,1,0,0.08125828984207857,0,0,0.11332489166102462,0,0,0.07885627858629311,0,0,0.22658983585674444,1
766,0,0.2704305681540445,0,0,0.3876483504507892,1,0,0.0678424215269689,0,0,0.1015090888671153,0,0,0.011888818416336098,0,0,0.05722031225718913,0
767,1,0.6268827227529891,1,0,0.19810980270115267,0,0,0.10405148916080957,0,1,0.4162440809894809,1,1,0.3631490540140998,1,0,0.21015384984060673,0
768,1,0.6974983660842803,1,0,0.05558538967098655,0,0,0.08170350249363079,0,1,0.2528328749379416,1,0,0.03791129047539901,0,0,0.23615043313989514,1
769,0,0.761969627397768,1,0,0.2522205264683091,0,0,0.24545236706281456,0,1,0.2560323980986147,1,0,0.08722665658619477,0,0,0.14183358205212793,0
770,1,0.5780013185500473,1,1,0.42253455502927445,1,0,0.03243892940737966,0,0,0.2007218728749842,0,0,0.024342934342239025,0,1,0.14830422656998266,0
771,1,0.7192153998132381,1,0,0.2947099928370622,0,0,0.09458002646276764,0,1,0.2798409709111961,1,0,0.07077994703163122,0,1,0.43924395466894767,1
772,0,0.24563074010349784,0,0,0.17732154090324334,0,0,0.19270936270243566,0,0,0.12518858840789426,0,0,0.026255941333574034,0,1,0.3617848117040783,1
773,1,0.24872816412993645,0,0,0.05512512872025046,0,0,0.03370481618022836,0,1,0.11605912173428849,0,1,0.15164771121312462,0,0,0.08562432647645306,0
774,1,0.4660823075449811,1,1,0.32275890114384803,0,1,0.047836399009749266,0,1,0.2710675811549883,1,0,0.10563790680210405,0,0,0.06724126253697361,0
775,1,0.4434085245871168,1,1,0.1536422749004799,0,0,0.12529583511579104,0,0,0.11254059935040407,0,0,0.025568401530634555,0,0,0.08844954749114459,0
776,0,0.5417563373967146,1,0,0.5238406176350667,1,1,0.30505589943045636,0,0,0.13165726410457188,0,0,0.07105485805224433,0,0,0.3297790771829496,1
777,1,0.5932204416965683,1,0,0.31750555043046164,0,0,0.02050408733558182,0,0,0.3006216841392601,1,0,0.010761657256077986,0,0,0.14031092664881462,0
778,0,0.5509932636731806,1,0,0.4854941825798475,1,1,0.24942795501410986,0,0,0.22440397862485417,1,0,0.025106747702641524,0,0,0.22103745013339196,1
779,0,0.38774929657935503,0,0,0.0561585164701863,0,1,0.11963140301056256,0,0,0.16706508940258302,0,0,0.09251846104226959,0,1,0.23127148089622263,1
780,1,0.45504500519663044,1,0,0.08444454074561854,0,0,0.03177455241809165,0,1,0.2879479438442209,1,0,0.017495685899732626,0,0,0.08257832058581709,0
781,1,0.6629988319969277,1,0,0.5784942585435626,1,0,0.11858149393095192,0,0,0.359239796355797,1,0,0.05832381821273846,0,0,0.18228967689630093,0
782,1,0.6778170365407766,1,1,0.6405969131347935,1,0,0.40955582668843865,1,0,0.20259959187005658,0,0,0.049889757209613396,0,0,0.14696810937704805,0
783,1,0.8617317448463018,1,1,0.9746027442727409,1,0,0.09299070377032133,0,0,0.13363351229614792,0,0,0.02412311449975148,0,0,0.14937051011239533,0
784,1,0.6838633485181433,1,0,0.36559015867868977,1,1,0.6621212011063382,1,0,0.09957990852348053,0,0,0.05208851650556273,0,1,0.23402791210122909,1
785,1,0.8358257646610648,1,0,0.13811773165989616,0,0,0.02143146006033261,0,1,0.2293080778195652,1,0,0.4324785507981179,1,1,0.304476526214639,1
786,0,0.4271053178209043,0,0,0.3795110208922825,1,0,0.10126581204225173,0,0,0.14926527697162642,0,0,0.02644940870976138,0,0,0.09594111269330298,0
787,0,0.33584965931824384,0,0,0.058511205981781333,0,0,0.17397304459117804,0,0,0.15881240480043093,0,0,0.07265705500128444,0,0,0.21890344492407987,0
788,0,0.434153682054903,1,0,0.33920562398121074,0,0,0.01623486215303153,0,0,0.4090330050086732,1,0,0.03572613555432944,0,0,0.13613510741238163,0
789,1,0.775031951540731,1,0,0.08409358981062248,0,1,0.8215455048272741,1,0,0.09066397586346218,0,0,0.03763632942461621,0,0,0.16464618201323183,0
790,0,0.3049461117714527,0,0,0.10581131906243985,0,0,0.010885580584558066,0,0,0.1063728381373902,0,0,0.02667827382902536,0,0,0.07939634871203338,0
791,1,0.696050032938861,1,0,0.05032297583403639,0,0,0.08729274286005374,0,1,0.15829289017470824,0,0,0.047659017669025784,0,1,0.7758887238895288,1
792,0,0.6987180578875409,1,0,0.20573947344427015,0,1,0.8844199128127151,1,0,0.21908805597146422,0,0,0.05479138137494107,0,1,0.4517472501446121,1
793,0,0.5386115508276207,1,0,0.2838684978249157,0,0,0.059108860281460666,0,0,0.2537880711034777,1,0,0.12437039088009143,0,0,0.14462021660445812,0
794,0,0.2698298480517211,0,0,0.25581450047499743,0,0,0.08370276044114845,0,0,0.20810919995670882,0,0,0.2837729375849209,1,1,0.24756605748444604,1
795,0,0.6184701579475961,1,0,0.16404360162600226,0,0,0.27974290372031596,0,0,0.07984763065233638,0,0,0.04340461467793597,0,0,0.41643296534432533,1
796,1,0.6636041753752607,1,1,0.6411989267373996,1,0,0.12022155817290352,0,0,0.13816867370575206,0,0,0.04112556747112855,0,0,0.16880389904165724,0
797,1,0.6201650152671575,1,0,0.06732047850470944,0,0,0.0076985113037685085,0,0,0.11656790983260089,0,0,0.01130268491788095,0,1,0.36990304229216164,1
798,1,0.4330922079646376,1,0,0.06415248448714193,0,1,0.3056052303631874,0,0,0.12331664799443869,0,0,0.01183225599931644,0,1,0.2718413439110497,1
799,1,0.5674067211731035,1,1,0.31986473460637566,0,0,0.08539636952458905,0,1,0.16396797300194113,0,0,0.10296346933871854,0,0,0.09110231793148808,0
800,0,0.6881556621003342,1,0,0.26870677066450305,0,0,0.8679963136922045,1,0,0.17653297527845382,0,0,0.031453435845488785,0,0,0.08100152614314575,0
801,0,0.23899908225264024,0,0,0.0463743342850384,0,0,0.017556979924475292,0,0,0.0970169833641522,0,0,0.9951690867582924,1,0,0.0316343093118539,0
802,0,0.46612326166321966,1,0,0.13762929664969006,0,0,0.019689775439271685,0,0,0.17257609356896664,0,0,0.06491989283397469,0,0,0.07209695886246915,0
803,0,0.33849252035733196,0,0,0.12319527903196904,0,0,0.14145582386118474,0,0,0.11457126155657299,0,0,0.029540644557642437,0,1,0.4247218350587095,1
804,1,0.8626050244933904,1,1,0.9604381532768386,1,0,0.7214944230868361,1,0,0.11881681522977555,0,0,0.023850469049992967,0,0,0.14184343378641343,0
805,0,0.38328506754074604,0,0,0.24975916346089455,0,0,0.11077475153144513,0,0,0.31414501016862106,1,0,0.048609146736877475,0,0,0.1418332721089219,0
806,1,0.8977589864658942,1,1,0.23675369486568587,0,0,0.3715815037105097,1,0,0.14048142244963624,0,0,0.03195489361800528,0,1,0.6042462382895811,1
807,0,0.3495021869390662,0,0,0.08894161624369769,0,0,0.034486815271393224,0,0,0.18610839534271564,0,0,0.03377236268100627,0,0,0.0719790840717528,0
808,1,0.49550061047703825,1,1,0.514980249065233,1,0,0.1626660554587646,0,1,0.15655524165161144,0,0,0.09465925231767808,0,0,0.1248886577474173,0
809,1,0.6720604591075441,1,0,0.23682559742634438,0,1,0.5932645946541159,1,0,0.17384137658530255,0,0,0.04030800618320147,0,1,0.1094865650401543,0
810,1,0.9941401278307916,1,0,0.024494093569694717,0,1,0.994160524114838,1,0,0.09621948785139305,0,1,0.9945232930857918,1,0,0.018462249414325498,0
811,1,0.914395227207149,1,0,0.12144885344151742,0,1,0.9925521508435278,1,0,0.13171329523411118,0,0,0.09218291955611446,0,0,0.05686432322700494,0
812,1,0.38718420951705806,0,1,0.6277787186572154,1,0,0.017994380211630773,0,0,0.301094089965862,1,0,0.051388046905818406,0,0,0.09022379139251373,0
813,1,0.6379385641361007,1,0,0.05200428273349298,0,0,0.12111621907149632,0,0,0.4345294980175585,1,1,0.5164338647386774,1,0,0.16505448838745915,0
814,1,0.48105999726988263,1,0,0.05382404525526996,0,1,0.8129691213210339,1,0,0.16129275471231366,0,0,0.09455650698729295,0,0,0.08169036526718872,0
815,1,0.789164663372381,1,1,0.41331119659154814,1,1,0.7237680647261008,1,1,0.31075889912587124,1,0,0.051202352963339685,0,1,0.16408619222624046,0
816,1,0.6244559225625025,1,0,0.07472421324534297,0,0,0.09365016112756387,0,0,0.13419906239876603,0,1,0.30467253097615815,1,0,0.21567944334083253,0
817,1,0.7876592528696298,1,0,0.03684491753598502,0,1,0.9476694727852003,1,0,0.08606493343221934,0,0,0.04505083743405072,0,0,0.06238216967584883,0
818,1,0.5523571234337884,1,1,0.4708324818055499,1,0,0.018712153257812603,0,1,0.23851416452403615,1,0,0.017334499068925625,0,0,0.17233629926272065,0
819,1,0.6729788421651978,1,1,0.24497240857794803,0,0,0.12812916709793296,0,0,0.3303879014163291,1,0,0.08480085063698935,0,0,0.11537711106654053,0
820,0,0.459830322325191,1,0,0.1124086042345825,0,0,0.16738820624980374,0,1,0.10480804110916873,0,1,0.2814289429621637,1,0,0.17904862077769537,0
821,1,0.6973199422975123,1,1,0.6413837753771761,1,0,0.09896742074114835,0,0,0.12733212166732857,0,0,0.015715415360076996,0,0,0.19265396420491063,0
822,0,0.7424071698464968,1,0,0.6135997090467642,1,0,0.15283677178104318,0,0,0.2450944023472473,1,0,0.04035801946242914,0,0,0.31808582764462406,1
823,1,0.6945169997345021,1,1,0.315576522977955,0,1,0.3722981116639828,1,1,0.15288965187575929,0,0,0.024647427054208654,0,1,0.4344330757080521,1
824,1,0.6334843369955098,1,0,0.28193124757902527,0,1,0.26834592213775704,0,0,0.1719730925158478,0,0,0.06071488023921797,0,0,0.2105217002514901,0
825,0,0.27876282093261423,0,0,0.632320476211616,1,0,0.02949389890329614,0,0,0.1943253161127104,0,0,0.026640753323120655,0,0,0.06019879836135864,0
826,0,0.7411480798564982,1,1,0.8066395808079458,1,0,0.07452577589313085,0,0,0.20733973250528925,0,0,0.10330737946273168,0,1,0.10532772532722089,0
827,1,0.5036241763006526,1,0,0.07664677984486781,0,0,0.05315627295159606,0,1,0.665870809330538,1,0,0.127336974587573,0,0,0.1450127454566343,0
828,0,0.5964389411684158,1,0,0.5084149813371153,1,0,0.20132016991326185,0,0,0.16851751798326817,0,0,0.0455054939087468,0,0,0.11455236121747425,0
829,1,0.34270193801308046,0,1,0.1777632776626246,0,1,0.3400198979045695,1,0,0.16601917908307331,0,0,0.019211232418105597,0,1,0.20246061403069313,0
830,1,0.8894835037612507,1,0,0.17604967022693682,0,1,0.6644689311795574,1,0,0.20847504749041768,0,1,0.5064176919180303,1,0,0.3588457647173044,1
831,0,0.5840901553541923,1,0,0.12725921129988096,0,0,0.1275740958493293,0,0,0.2757592239763473,1,0,0.017644082869410705,0,0,0.06847818357808445,0
832,1,0.7469846600545579,1,0,0.108282304787552,0,0,0.04476524519661138,0,1,0.11043628377192377,0,0,0.03728990460179148,0,1,0.2503919778398255,1
833,1,0.5565852266084913,1,0,0.19114317927236546,0,0,0.20030154133018283,0,1,0.3300898045043326,1,1,0.6654022908588363,1,0,0.12700117026261623,0
834,1,0.6730503353561037,1,0,0.04622075119010941,0,0,0.45184262925008817,1,0,0.13294455391268964,0,1,0.6317047242080905,1,0,0.028255609096263328,0
835,0,0.5603804491235248,1,0,0.7888602541971413,1,0,0.0431819207148224,0,0,0.06780557152326933,0,0,0.019443161540392263,0,0,0.08017036005562776,0
836,0,0.5472765467558635,1,1,0.48979217044717244,1,1,0.0617468372567907,0,1,0.2913340498142108,1,1,0.012237387131827189,0,0,0.19482063556773743,0
837,0,0.47175121855083874,1,0,0.08446288245303628,0,0,0.17629911765574716,0,0,0.12132825442754314,0,0,0.31687891554466213,1,0,0.042687896242382804,0
838,1,0.7592916722525139,1,0,0.37894538245632153,1,1,0.41359561052482685,1,0,0.216004579528681,0,0,0.15288333557770406,0,1,0.2294875884584813,1
839,1,0.5813111351347512,1,1,0.6044140273438208,1,0,0.307450689705077,0,0,0.20457166683658476,0,0,0.010610102060535994,0,0,0.058331625973089614,0
840,1,0.7276215653062416,1,0,0.050480961829964734,0,1,0.6182130454171311,1,0,0.12756638311682486,0,0,0.07725033331197229,0,0,0.0738673911054135,0
841,0,0.8503571145714712,1,0,0.24576909250306164,0,0,0.692370723619819,1,1,0.277476799244931,1,0,0.06663074659842615,0,0,0.23050728795799183,1
842,1,0.7067750815633981,1,0,0.2648897271313924,0,1,0.18738694184450178,0,0,0.17739245966949535,0,0,0.07902948801863653,0,1,0.120775291387193,0
843,0,0.39299584777499413,0,0,0.2736897902251844,0,0,0.08627067010752108,0,0,0.22849261130470802,1,0,0.07169001114511746,0,0,0.11158542525900568,0
844,0,0.4087915536501779,0,0,0.11921625617590702,0,0,0.016243905628561924,0,0,0.20666322928870984,0,0,0.026695571489644288,0,1,0.5517646216818087,1
845,0,0.47654544313783714,1,0,0.11291196997725782,0,0,0.13195234857179663,0,0,0.3957595113122177,1,0,0.017019445973459484,0,0,0.047677918823783555,0
846,1,0.7413539097488279,1,1,0.948262293885166,1,0,0.06063697055654844,0,0,0.09100091649976443,0,0,0.04785617021687575,0,0,0.05842599694814379,0
847,1,0.5417551045998917,1,1,0.288912860925846,0,0,0.07046040375290813,0,0,0.10088108337208455,0,0,0.01791160948727857,0,0,0.09767698069881058,0
848,0,0.7694706588949374,1,0,0.8375626927512704,1,0,0.12380640609283693,0,0,0.2724880673744719,1,0,0.018206333478562098,0,0,0.10508932406752947,0
849,1,0.7130548797784533,1,1,0.8246771674229608,1,0,0.2226898476604738,0,0,0.27044344897337386,1,0,0.028705332327300003,0,0,0.07322336258963891,0
850,1,0.47699243952204656,1,0,0.42905139637829426,1,0,0.13089733229317735,0,0,0.1056456558015406,0,0,0.033169253977422354,0,1,0.4285535338821016,1
851,0,0.5400270520411868,1,0,0.3333724737259243,0,0,0.03922811786121975,0,0,0.1662613576487072,0,0,0.01246909458554902,0,0,0.1362400450798895,0
852,1,0.7739915764505708,1,1,0.23756140838876413,0,0,0.4094291089449673,1,0,0.10142417598863936,0,0,0.023848702677253697,0,1,0.11217301428488301,0
853,0,0.7700997702691176,1,0,0.1714045006274597,0,0,0.09990684848016577,0,1,0.5817720023553404,1,0,0.03227692164644619,0,0,0.0827400239123696,0
854,0,0.421837525988266,0,0,0.15797119107051258,0,0,0.09407727396456388,0,0,0.10210093829393374,0,0,0.8547997681553664,1,0,0.1196274312436222,0
855,1,0.4743373147883004,1,0,0.1498655988840765,0,0,0.03870779304071821,0,1,0.5241046984371666,1,0,0.07993254772151888,0,0,0.12740245257278968,0
856,1,0.9335887825963297,1,1,0.9903814034949576,1,0,0.06389525225860825,0,0,0.30154551499938453,1,0,0.04073048392515623,0,0,0.036571861062459556,0
857,0,0.4104715298356851,0,0,0.1445505604561412,0,0,0.028635303377153,0,0,0.19405950404776048,0,0,0.019271026438068894,0,1,0.7978122794093389,1
858,1,0.9229267355938798,1,0,0.16820992787033406,0,0,0.9613549310583903,1,1,0.2320429492698152,1,1,0.07570049349147644,0,0,0.16207738799475788,0
859,1,0.552731643001456,1,0,0.1084545324670488,0,1,0.7735748500135208,1,0,0.18829034550850068,0,0,0.041298701054938866,0,0,0.12545844195049902,0
860,1,0.7508759009286363,1,1,0.9839436422480347,1,0,0.03176067204497792,0,0,0.10434165617195261,0,0,0.03280851757447504,0,0,0.2358544897510854,1
861,0,0.5766508483224615,1,0,0.13133363964694048,0,0,0.012725409739072468,0,0,0.09412757573162289,0,0,0.8333500192359843,1,0,0.11084721099382562,0
862,1,0.6647105860254507,1,0,0.3831351274821377,1,0,0.10042167083725208,0,0,0.15391958541039905,0,1,0.5001898768842118,1,1,0.10381614321304071,0
863,1,0.5623153454315996,1,0,0.1418386854352169,0,0,0.5243803527147345,1,0,0.32653478457363155,1,1,0.06276455013613501,0,1,0.3441140973509394,1
864,1,0.6168235276297079,1,1,0.7196221706310384,1,0,0.21351075306660736,0,0,0.31734850860184766,1,0,0.031955648535432556,0,0,0.054488560684459016,0
865,0,0.8869107068459255,1,0,0.02629826896285085,0,1,0.9092320920844607,1,0,0.14513787112958249,0,1,0.9590855265086496,1,0,0.03843410727388362,0
866,1,0.4913668738320467,1,1,0.32358473345671285,0,0,0.13173082143580975,0,0,0.17211737619131418,0,0,0.03939145426812908,0,0,0.23242167550874038,1
867,1,0.935525292066074,1,1,0.6590324185549226,1,0,0.18342779297731907,0,0,0.1596034658839677,0,0,0.016099972132021568,0,0,0.1774993067095907,0
868,0,0.2754028099349682,0,0,0.09001886707507105,0,0,0.06428056228407299,0,0,0.24299919298420847,1,0,0.05876676952265066,0,0,0.0648475640078154,0
869,1,0.8495693742002824,1,0,0.4190965215187645,1,0,0.06017405834500663,0,1,0.3937232875224932,1,1,0.2154913774075297,0,0,0.2047599445930762,0
870,0,0.547449428848949,1,0,0.37129911991614595,1,0,0.07058857697248618,0,0,0.18504396742334525,0,0,0.02869124009059325,0,0,0.20505588385756898,0
871,1,0.7590435475349574,1,0,0.5677032312789175,1,0,0.8910371381184685,1,0,0.13810775935969252,0,0,0.012953143952600063,0,1,0.11537667608777409,0
872,0,0.3089515993808527,0,0,0.2775627225061333,0,0,0.0228840343841978,0,0,0.1359111657034795,0,0,0.04677559402796599,0,0,0.050332500971186245,0
873,1,0.7721295581384814,1,1,0.5921906907836341,1,1,0.5206503606082432,1,1,0.15463185747116923,0,0,0.17103801757449966,0,0,0.32779070243636,1
874,0,0.6878176245658238,1,0,0.3997874423196415,1,0,0.08200291262304124,0,0,0.2377814372153119,1,0,0.0608382187190144,0,0,0.1456022728607518,0
875,0,0.5141293674489181,1,0,0.29410008140871197,0,0,0.2997936587990173,0,0,0.1516042074531808,0,0,0.059806047402983405,0,0,0.06200675589672038,0
876,0,0.4416995342231355,1,0,0.1080055342789133,0,0,0.0996628523374508,0,0,0.29877041972415536,1,0,0.02870365868657566,0,0,0.21637759695569214,0
877,1,0.5201885809773349,1,0,0.1754025779491846,0,1,0.7184033910580534,1,0,0.13449223656767914,0,0,0.028793843340996148,0,0,0.10174768760559827,0
878,1,0.7108624146398353,1,0,0.1970166805364674,0,0,0.0364000011424879,0,1,0.48442200285164844,1,0,0.022003111468369432,0,0,0.057855183094889434,0
879,0,0.4898614962539148,1,0,0.07406656593657347,0,0,0.11590433314186954,0,0,0.3856341031237674,1,0,0.07708093572542346,0,0,0.04878701411767172,0
880,1,0.6510167008496649,1,1,0.8123774129733411,1,0,0.07272489913269052,0,0,0.2555276573118437,1,0,0.012221497533493367,0,0,0.20037202203897556,0
881,1,0.3000384063961139,0,0,0.1251866448687563,0,0,0.08639892107879539,0,1,0.23328940795486505,1,0,0.07150171526183406,0,0,0.12539438441821352,0
882,0,0.45504959096560976,1,1,0.6050843954272629,1,0,0.08001007649753455,0,0,0.06941052480014204,0,0,0.013307648888273411,0,0,0.06616429382422516,0
883,1,0.7139661428527306,1,0,0.10362191669099974,0,1,0.7441638828441036,1,1,0.25762828783664543,1,0,0.11057819489837972,0,1,0.22974512183981166,1
884,0,0.3928908842209733,0,0,0.08286333453105138,0,0,0.01983829920957744,0,0,0.25027941771511736,1,0,0.1534851786926146,0,0,0.15104183940801577,0
885,1,0.35429628799521423,0,1,0.34460638569746677,1,0,0.2174353854086557,0,0,0.15900697073859277,0,0,0.08236237018906895,0,1,0.09197055344314133,0
886,1,0.5882047425320641,1,1,0.6138861109568846,1,0,0.03665037255302656,0,0,0.13919768557209442,0,0,0.04364562986377962,0,1,0.053046158274214474,0
887,1,0.7773950881435341,1,1,0.788771553966165,1,0,0.04218866798920986,0,0,0.16790893067044288,0,0,0.06252031484189151,0,0,0.11239379499023457,0
888,1,0.7899740514824205,1,1,0.10893185032309782,0,1,0.6880819953907391,1,0,0.1495409971555148,0,0,0.04239394761000236,0,0,0.15612277964474483,0
889,1,0.5994913019605064,1,0,0.14130244864245178,0,1,0.695001274279968,1,0,0.20966650415136012,0,0,0.057378175075738745,0,0,0.13174307230315171,0
890,0,0.5876494106890022,1,0,0.22582006888267792,0,0,0.6880082133621349,1,0,0.18179191176693157,0,0,0.0179272909311568,0,0,0.24147933162349097,1
891,0,0.45252324673916106,1,0,0.18631057305192364,0,0,0.06440672442171279,0,0,0.275915651158722,1,0,0.06616211070168977,0,0,0.09635747831903489,0
892,0,0.45643837322901204,1,0,0.2760247988216188,0,0,0.6715786713896851,1,0,0.14968999527979868,0,0,0.057476473847030925,0,0,0.11728464658751393,0
893,1,0.8815375494957598,1,0,0.34681821535737517,1,1,0.6200936969738515,1,0,0.3079746670196923,1,0,0.04584903859534999,0,1,0.18515875291039322,0
894,1,0.7956255539759668,1,1,0.732730058370702,1,1,0.29801856772649726,0,0,0.14708759746549158,0,0,0.005961687256607822,0,1,0.1334542008162468,0
895,0,0.44996159595319457,1,0,0.18872216742402612,0,0,0.0477267539984463,0,1,0.15436541883066954,0,0,0.029521833268965025,0,0,0.11504151875557218,0
896,0,0.41577725134988547,0,0,0.6099919841755407,1,0,0.03920023265735983,0,0,0.2822719154884286,1,0,0.022194360603627686,0,0,0.11808537983129895,0
897,1,0.943098670748426,1,1,0.9874893937228856,1,0,0.05034147209024623,0,0,0.14574678001370392,0,0,0.030194677249622683,0,1,0.05070256546750892,0
898,1,0.5117998081200442,1,0,0.29482608864278215,0,0,0.07449753330760726,0,1,0.12130000089785686,0,0,0.030185770393741398,0,0,0.1210743444441424,0
899,1,0.5422070711894574,1,0,0.16399296322037035,0,0,0.16867337536532576,0,1,0.2261678169583529,1,0,0.03233125182376473,0,0,0.172566516222909,0
900,0,0.32173812199414636,0,0,0.055189794473678035,0,0,0.0842347602940527,0,0,0.45152677819053105,1,0,0.05409047926612195,0,0,0.06731556737874424,0
901,1,0.9777981752351237,1,0,0.021962232029450916,0,1,0.9999353063318609,1,0,0.08417444860157926,0,0,0.08352034559204119,0,0,0.04895426369611996,0
902,0,0.45540282199969,1,0,0.3260869360019394,0,0,0.00720910202589629,0,0,0.4473045073353461,1,0,0.06993965337823882,0,0,0.04813339398984081,0
903,0,0.35845207947902624,0,1,0.4186188685441569,1,0,0.03456590944261742,0,1,0.15781917866554596,0,0,0.0409061464451127,0,0,0.07050190985525304,0
904,1,0.6468401471358555,1,0,0.13921217890825127,0,0,0.015962424092426198,0,0,0.3958730396562305,1,0,0.007201986877314433,0,0,0.15829279447107836,0
905,1,0.5050822818970864,1,1,0.11909234819370125,0,1,0.9211765007355114,1,1,0.1403627720478876,0,1,0.057191970564992645,0,1,0.1557690800044239,0
906,0,0.2942128011054246,0,0,0.5367628979794815,1,0,0.06482123800779444,0,0,0.07094092674242634,0,0,0.007746084513945738,0,0,0.2324551586017903,1
907,1,0.5174825659849324,1,1,0.5451857166585328,1,1,0.24403496357637877,0,0,0.13295531911488004,0,0,0.01611601387154782,0,0,0.07087377281006467,0
908,0,0.2776574038413657,0,0,0.4942720338233089,1,0,0.0710605402308664,0,0,0.23838575480606114,1,0,0.02803352826269861,0,0,0.03645582586038577,0
909,0,0.328595201774999,0,0,0.2527636563908829,0,0,0.14753986252956672,0,0,0.127324826818202,0,0,0.06759326067506345,0,0,0.13386022452311339,0
910,1,0.7035182646474137,1,0,0.784595185069592,1,0,0.36608788758755817,1,0,0.3668131792801736,1,0,0.13618016119728285,0,1,0.35546422503679875,1
911,0,0.4566681545795018,1,0,0.1019134134539826,0,0,0.22107252008483247,0,0,0.16698221471503008,0,1,0.9373588454511332,1,0,0.20652050329131863,0
912,1,0.4831914755300968,1,0,0.3820736959519093,1,0,0.04558467274592696,0,0,0.09451466865373122,0,0,0.09337906966307567,0,1,0.20482037944102496,0
913,1,0.6766716985670468,1,1,0.40325570909581504,1,1,0.8961180448338183,1,1,0.2958655361252252,1,0,0.04218142710143294,0,0,0.15508499556913635,0
914,1,0.8962748596880784,1,1,0.6583852713165704,1,1,0.7541924372722,1,0,0.1648907569177228,0,1,0.12528920707335292,0,1,0.37047366138733134,1
915,1,0.6679260710183347,1,0,0.6348430701183992,1,0,0.023076047673809802,0,0,0.31912523740055737,1,1,0.2985997363496395,1,0,0.17216883219955226,0
916,0,0.529881100702621,1,0,0.4124040987008204,1,0,0.08824119193300262,0,0,0.13663451359796594,0,0,0.07949623424880768,0,0,0.1650488844983519,0
917,0,0.3480279008186582,0,0,0.19027386398104826,0,0,0.04542614747133367,0,0,0.2376525250081558,1,0,0.1116723845898711,0,0,0.06871656405962688,0
918,0,0.5039746299077216,1,0,0.29461984012533254,0,0,0.1424653521505098,0,0,0.19524598375437585,0,0,0.03176755705239707,0,0,0.10204227773734899,0
919,0,0.31072196927046375,0,0,0.08005942603121756,0,0,0.0323754368265896,0,0,0.19346492533057424,0,0,0.02471782393105948,0,0,0.11309587629021349,0
920,1,0.35212040496657143,0,0,0.1488750787740483,0,0,0.020767288664338423,0,1,0.4600862299299883,1,0,0.020273349594435514,0,0,0.11806789901089802,0
921,1,0.8092795722298728,1,0,0.049256165511965426,0,0,0.06964841043168792,0,0,0.43916456331413367,1,1,0.9840120314789069,1,0,0.06051898985596102,0
922,1,0.7603691700741867,1,1,0.5117280611583167,1,0,0.09076511101800115,0,0,0.22265505432413932,1,0,0.06475139820643426,0,0,0.3913134514921623,1
923,1,0.7654449155386538,1,1,0.16294761095362506,0,1,0.2497122102580797,0,1,0.11699400898602597,0,0,0.03782419199724263,0,0,0.400458412170297,1
924,1,0.8360066559799842,1,0,0.266884677109207,0,0,0.06795470907304785,0,0,0.26748665099171515,1,1,0.8291146242867252,1,0,0.2042151353423827,0
925,1,0.849790576602678,1,0,0.2880271383433302,0,0,0.10504181833305659,0,0,0.21173978092270618,0,1,0.9973766965727658,1,0,0.3256408779459541,1
926,1,0.17538319493267832,0,0,0.19284345608983874,0,0,0.3561493827994325,1,0,0.1534379771280438,0,0,0.024387569842891903,0,1,0.07663710617279113,0
927,1,0.6690509113822918,1,1,0.4705622807241691,1,1,0.35027803326605084,1,0,0.21344501104328364,0,1,0.01670818618843073,0,1,0.07702542660583908,0
928,1,0.6009562095518234,1,0,0.2278807990073014,0,1,0.8615294023732657,1,0,0.1444353793001229,0,0,0.059806613662444885,0,0,0.19096474371556202,0
929,1,0.7390964288701499,1,1,0.5479883945753176,1,1,0.8530304867526626,1,0,0.11006626751978278,0,0,0.057332319781891405,0,0,0.3115452103466511,1
930,0,0.5834263088921454,1,0,0.5277045448349783,1,0,0.04254170470631536,0,0,0.13869271537230773,0,0,0.05695250167009063,0,0,0.1507049904604775,0
931,1,0.7719137141882452,1,0,0.3350417149261838,0,0,0.09857470779745699,0,0,0.129486096461263,0,1,0.0768866069591013,0,1,0.2490550300179919,1
932,1,0.3818536466453746,0,0,0.047581140075154106,0,0,0.0924653284870026,0,1,0.43909154102924225,1,0,0.08355440489300488,0,0,0.10995096980429259,0
933,1,0.7003251434065313,1,1,0.8411416752098213,1,0,0.21136857147472798,0,0,0.36622673059392413,1,0,0.048927542953265644,0,0,0.07726623887214837,0
934,1,0.4910705685706778,1,1,0.14444723443414564,0,1,0.66292544584423,1,1,0.154698307630988,0,0,0.03126217524173216,0,0,0.2085851716384126,0
935,1,0.4865073278481626,1,0,0.1446288467557666,0,0,0.061090149498072795,0,0,0.1958220355974173,0,0,0.041487551973645335,0,0,0.46846716739582356,1
936,1,0.6173159675424703,1,1,0.8358433699787469,1,0,0.021697941084588255,0,0,0.08936571006593229,0,0,0.6441459534485816,1,0,0.055489663031935414,0
937,1,0.8490632301418105,1,1,0.7936892728888307,1,0,0.09582750663535618,0,1,0.21333737498297922,0,0,0.015676861510526007,0,0,0.22368047162415858,1
938,0,0.567447858090425,1,0,0.10624683827672782,0,0,0.029988191598521324,0,0,0.42816624926590124,1,0,0.8614245251609237,1,0,0.2703867285440351,1
939,0,0.6803297608331547,1,0,0.20141028058322843,0,0,0.3930802791856798,1,0,0.13685951622095638,0,0,0.07760496171830172,0,0,0.19205915048734243,0
940,1,0.4500598269346103,1,0,0.15834326456752323,0,1,0.5523121381363693,1,0,0.2237474158611995,1,0,0.05245808066477383,0,0,0.10868772676240546,0
941,0,0.6670479246037567,1,0,0.6088931205115081,1,0,0.1262246894979799,0,0,0.3700882303431953,1,0,0.05058295783717567,0,0,0.07190886930898503,0
942,1,0.7450095221327696,1,0,0.1821638454647748,0,0,0.023559139754449735,0,0,0.22797355641971875,1,0,0.0373574884255491,0,1,0.4140810389402381,1
943,1,0.6938430957230675,1,1,0.8131055186538014,1,0,0.08653966314774016,0,1,0.11123457354854623,0,1,0.033126333771757666,0,0,0.09900989101556477,0
944,0,0.21770564629026778,0,1,0.47065237021410034,1,0,0.030444702521373938,0,0,0.1660689356779794,0,0,0.05798494029508194,0,1,0.12002150238083127,0
945,1,0.6659875140441897,1,0,0.3531790810320657,1,0,0.2996519987474449,0,0,0.227263525242964,1,0,0.06177380011627251,0,1,0.15963409362658662,0
946,1,0.6216843835821683,1,1,0.08678757435094424,0,1,0.3277284548575706,1,0,0.220603510297857,1,0,0.015066545280612763,0,1,0.14402387625655014,0
947,0,0.4802818709310044,1,0,0.6994858179694398,1,0,0.1305827363234661,0,0,0.2364899246285709,1,0,0.01445911419034624,0,0,0.1793712590409603,0
948,1,0.8846002754527973,1,1,0.9687488379481598,1,0,0.029201987217426766,0,0,0.19153377712790873,0,0,0.023429301761759173,0,0,0.13982809245063196,0
949,0,0.7525840231293222,1,0,0.19089207711227796,0,0,0.2125099442764166,0,1,0.3734580922953332,1,0,0.02602975998688919,0,0,0.07812784814333774,0
950,1,0.7062540625224781,1,0,0.134090022431027,0,1,0.9104006150895678,1,0,0.1952684820710063,0,0,0.05616718035238472,0,1,0.1901310261058864,0
951,0,0.3975329060884287,0,0,0.1480242861504121,0,0,0.019964903448841137,0,0,0.11932230034510631,0,1,0.7821795747351734,1,0,0.058215358135262074,0
952,0,0.5802253161362798,1,0,0.1720100343248162,0,0,0.018034861938085043,0,1,0.2869485643580487,1,0,0.03711275185376437,0,0,0.45176865502808483,1
953,1,0.5293569617495729,1,0,0.0973038271955337,0,0,0.05253637304264208,0,0,0.13723647392747548,0,1,0.8227425931749478,1,0,0.08773907834835076,0
954,1,0.7146109950667142,1,1,0.6372475821386789,1,0,0.08971630026602358,0,0,0.11664287189650353,0,0,0.07617556643176106,0,0,0.2556564013384827,1
955,0,0.6555846230253123,1,1,0.581830288464335,1,0,0.08051381700171135,0,0,0.07962267101689079,0,0,0.016400232068409012,0,0,0.11468178423904064,0
956,0,0.21121295229179246,0,0,0.1429379837500772,0,0,0.13889580504549534,0,1,0.13227273467012743,0,0,0.03515813747370819,0,0,0.042080858060313996,0
957,0,0.6360857217578858,1,0,0.7856870705567293,1,1,0.62655102367654,1,0,0.22208566408842423,1,0,0.04292435791178814,0,0,0.08460388624204629,0
958,1,0.6375828207731152,1,1,0.7906090811214387,1,0,0.0233280563763468,0,0,0.14050367519706963,0,0,0.02774269109427208,0,0,0.09465643315861196,0
959,0,0.8209428566429783,1,0,0.25880642851471664,0,0,0.11653126358109363,0,0,0.13576081911671953,0,0,0.04813277033625415,0,0,0.49568297864885524,1
960,1,0.6139570038803949,1,0,0.4876980606572335,1,0,0.018701615109064464,0,1,0.19385832667982875,0,0,0.045589417249642085,0,1,0.24836124769988163,1
961,1,0.57918949233464,1,1,0.33507214866594737,0,0,0.06579062374360463,0,0,0.2601659337883968,1,0,0.06162148017077185,0,0,0.06714881938760368,0
962,1,0.4103143177918793,0,0,0.2390490011618882,0,0,0.1331489724193683,0,0,0.21050954422525384,0,0,0.05511709426275923,0,0,0.03446228434480613,0
963,1,0.6964304118839486,1,1,0.8069649194240638,1,0,0.10508301880490585,0,0,0.12364537874514193,0,0,0.09530543847014727,0,0,0.05045874476595463,0
964,0,0.4152006768911589,0,0,0.11411636438883062,0,0,0.15451267876528108,0,0,0.4153452972462138,1,0,0.22052091131968407,0,0,0.18255175285998637,0
965,0,0.766391842924357,1,0,0.6083341710134036,1,0,0.9461949042955534,1,0,0.21843724650899313,0,0,0.02539069167469575,0,0,0.24404196474698428,1
966,0,0.6623160231514708,1,0,0.9381078688509535,1,0,0.05043275660427354,0,0,0.18227608668723871,0,0,0.038281594459225514,0,0,0.10638601410781869,0
967,0,0.7519306693936438,1,0,0.551112807212021,1,0,0.060705994835945555,0,0,0.2117126409472625,0,0,0.04166014128820835,0,1,0.14381016860533868,0
968,0,0.4102894975210649,0,0,0.15886656923582598,0,0,0.22865617424187445,0,0,0.07626707545653395,0,0,0.05487935727209609,0,0,0.0496963880007849,0
969,1,0.7253649442764797,1,1,0.3687020966461791,1,1,0.7482260647021501,1,0,0.09607483906730857,0,0,0.02748527710820085,0,1,0.3073753274932137,1
970,1,0.3979230342755986,0,0,0.06448475680743497,0,0,0.08033815232799428,0,0,0.12731041408497315,0,0,0.020331412904355778,0,1,0.1339972929568759,0
971,0,0.48767312965473986,1,0,0.15885475582271416,0,1,0.6497031781853431,1,0,0.12313161802039951,0,0,0.029956700835244803,0,0,0.10987284238268281,0
972,0,0.7341086772762347,1,0,0.0947441160948554,0,0,0.05345379045248764,0,1,0.39842512412996917,1,0,0.028687993434813496,0,0,0.12122373519998662,0
973,0,0.42520246005979967,0,0,0.13358814276650038,0,0,0.0865660189288713,0,0,0.13976909257623682,0,0,0.013534588847944916,0,0,0.13012190649841668,0
974,1,0.6690000903141314,1,1,0.07992044209323604,0,1,0.999796182927475,1,1,0.14238119778400635,0,0,0.041755831079501544,0,0,0.2761090654366849,1
975,0,0.5823096652186833,1,0,0.11940471578416262,0,0,0.6651239033100725,1,0,0.14114105449339984,0,0,0.025672072764743065,0,0,0.17655019254975599,0
976,1,0.5537176703676062,1,0,0.10967584251287373,0,1,0.33226837735761977,1,0,0.17338385859599903,0,0,0.01876968550082823,0,0,0.13110132580219178,0
977,0,0.3517407374680032,0,0,0.4760671255910012,1,0,0.05738557889693922,0,0,0.11731589796719648,0,0,0.05199046974348012,0,0,0.061024566690829785,0
978,1,0.61991053029197,1,0,0.49378289847356527,1,1,0.2224573561918766,0,0,0.1823572566561226,0,0,0.03769375553759393,0,0,0.3042016655755585,1
979,1,0.3011990867554122,0,0,0.248266792315298,0,1,0.4947517825568881,1,0,0.07705841043812389,0,0,0.0069463280061525185,0,1,0.36707463327410733,1
980,1,0.2691465941634433,0,0,0.3347952701898255,0,0,0.11439641202415818,0,0,0.1697645368675754,0,0,0.012361538300912736,0,1,0.23827164091767475,1
981,1,0.38192663188233206,0,1,0.6089154912567306,1,0,0.06875183750047445,0,0,0.11772298196764741,0,0,0.08378413086419922,0,0,0.1680659995226419,0
982,1,0.5420533777505024,1,1,0.670006209138089,1,0,0.17544098872906555,0,0,0.17618059695119834,0,0,0.03175645532233342,0,0,0.10725424682230585,0
983,0,0.2887233534927643,0,0,0.8488071765188977,1,0,0.06309611945583934,0,0,0.10842777562362955,0,0,0.012362893740961625,0,0,0.03149426369387179,0
984,1,0.7811456465100601,1,1,0.928796893581541,1,0,0.05370042944238875,0,0,0.2015278379601262,0,0,0.02392645741827676,0,0,0.14429449828622487,0
985,1,0.9091151163294823,1,0,0.33735142455758377,0,1,0.6021959725932832,1,0,0.3418306202523426,1,1,0.26276075237526003,1,0,0.4626970749913078,1
986,0,0.31394199814818796,0,0,0.17829211206807272,0,1,0.46047902102295507,1,1,0.2686204920411858,1,0,0.037665443241682056,0,0,0.03893958473070001,0
987,0,0.5469527100099557,1,0,0.15364270078801878,0,0,0.02035382512822362,0,0,0.3470066100572871,1,0,0.018049486804035526,0,0,0.18540728972294138,0
988,1,0.8487324021350756,1,1,0.7478408669869406,1,0,0.02295479865452978,0,1,0.4859380443782926,1,0,0.10121148098582362,0,1,0.11013544871360165,0
989,1,0.6866119475455891,1,0,0.326327154415385,0,0,0.06518526417813175,0,0,0.2149660144889026,0,0,0.06317468787250828,0,0,0.13517095450335923,0
990,1,0.4142512191719863,0,1,0.20193189103848067,0,0,0.3626198637870468,1,0,0.2603511890595038,1,0,0.0634032089664233,0,0,0.08891354386663229,0
991,1,0.63127181250306,1,0,0.12045330928243607,0,1,0.3754979773760266,1,0,0.34286277440581076,1,0,0.19595831693848523,0,0,0.05748653296141352,0
992,0,0.395498466611359,0,0,0.2916661269281993,0,0,0.052265523715872175,0,0,0.26261073620673914,1,0,0.14261590754546813,0,0,0.01939036452462869,0
993,1,0.8489664877569206,1,1,0.9330554158934898,1,1,0.7652378468937422,1,0,0.18396633080228164,0,0,0.01746151298969062,0,0,0.08928931202050565,0
994,1,0.6125604013983789,1,0,0.1514497837800662,0,0,0.3781797214368714,1,1,0.10598946323957072,0,0,0.032637999450412666,0,1,0.2771402191931878,1
995,1,0.611472408937683,1,1,0.7653657764475276,1,1,0.6048712623953016,1,0,0.17930113998955718,0,0,0.009329101256823194,0,0,0.17815616864581796,0
996,1,0.7932292025452939,1,1,0.3313362121011103,0,1,0.8438809660990089,1,0,0.1261730920101181,0,0,0.046466885314830626,0,0,0.172790602589915,0
997,0,0.5482041192113148,1,0,0.10770572950658519,0,0,0.6150793639327724,1,0,0.17297118465561898,0,0,0.1421898026305802,0,0,0.0739928370909471,0
998,1,0.2880054255052001,0,0,0.056387061393835015,0,0,0.04405180463973601,0,1,0.17889570016581777,0,0,0.06105312845198687,0,0,0.0802574421187599,0
999,1,0.8047954650640636,1,0,0.2964954104340753,0,1,0.9969518890945211,1,0,0.22552116855619644,1,0,0.07271930239588022,0,0,0.07684594779261157,0
1000,1,0.3891637439402902,0,1,0.2205639285067531,0,1,0.5277720706511055,1,0,0.128596323741254,0,0,0.09996649981521573,0,0,0.11815116198302056,0
1001,1,0.781324364018289,1,0,0.3370051362593392,0,0,0.22748823472273716,0,1,0.5885587913219371,1,0,0.01660633945308454,0,0,0.11215068712482663,0
1002,0,0.36191933255067,0,0,0.20137310731742733,0,0,0.15372083795280678,0,0,0.15134874326584558,0,0,0.039424528545317965,0,0,0.16485048785454912,0
1003,1,0.6795840328326433,1,1,0.8530729089647737,1,0,0.28241140180345337,0,0,0.19188228446717995,0,0,0.045160699657573196,0,0,0.1662433753652562,0
1004,0,0.8560540834475813,1,0,0.13760803492871954,0,0,0.07724404387124408,0,0,0.18394807072365726,0,0,0.016774944135528547,0,0,0.27060345739364766,1
1005,1,0.27670644780439496,0,0,0.18244868074072196,0,0,0.11688681838659017,0,0,0.2642743354585628,1,0,0.09807048601545733,0,1,0.17188167503893528,0
1006,0,0.2544048789838156,0,0,0.06752850298266794,0,0,0.056885865781828825,0,0,0.18895456068528774,0,0,0.038219132738226545,0,0,0.04672194550865457,0
1007,0,0.49824486924118344,1,0,0.3749779425545084,1,0,0.03915683121090343,0,1,0.16799504830211673,0,0,0.016329171198026193,0,0,0.08145628961765396,0
1008,1,0.8524377364883389,1,1,0.8157826307910253,1,1,0.9310552802638293,1,0,0.0926749880734626,0,0,0.033736454996908215,0,0,0.08436961611316292,0
1009,0,0.7082057105869127,1,1,0.8996137890552488,1,0,0.17073257583642745,0,0,0.10515378248680869,0,0,0.043217721879647925,0,0,0.23706649160723323,1
1010,0,0.4249894344472924,0,0,0.10184122248646865,0,0,0.007424138579069244,0,0,0.3741581583628717,1,0,0.18132042177873853,0,0,0.059657632428050916,0
1011,1,0.8390753863529977,1,0,0.1199198929934448,0,0,0.03712411215166129,0,0,0.27166063440273747,1,1,0.60218860457007,1,0,0.06795245344282212,0
1012,0,0.6336456693502275,1,0,0.8347733979589315,1,0,0.038872637118775456,0,0,0.15473414934090743,0,0,0.042775477126713445,0,0,0.0597597500533521,0
1013,0,0.5811395665129967,1,0,0.1444725050625133,0,0,0.0780088522073878,0,0,0.14381809947112364,0,0,0.017113552142908568,0,1,0.6073970408894901,1
1014,1,0.8271067143878333,1,0,0.14611802666967935,0,1,0.3757139415481026,1,0,0.19666486521291415,0,0,0.0431143205020584,0,1,0.6152918418608547,1
1015,1,0.5025576616868525,1,1,0.14839520463618114,0,1,0.1031325067118104,0,0,0.20555150766342667,0,0,0.07549783822303216,0,1,0.31222155586412265,1
1016,1,0.44943983689116696,1,0,0.3985212390173811,1,1,0.16971479576317916,0,0,0.24227464255145856,1,1,0.3747380528937902,1,1,0.161092748302933,0
1017,1,0.8156511148876883,1,0,0.5153215052049823,1,1,0.785619454760284,1,0,0.19657495597747734,0,0,0.022337089494289277,0,1,0.3891154134857662,1
1018,1,0.4239498757899664,0,1,0.2801623074775606,0,0,0.016897561368102287,0,1,0.4413022558137742,1,0,0.007990844501364313,0,0,0.03833526835336017,0
1019,1,0.6594555167798837,1,1,0.9021781995127203,1,0,0.25946471755438755,0,0,0.2022676565211364,0,0,0.016711612436679183,0,0,0.12385574393787958,0
1020,1,0.786896583680671,1,1,0.6620506233409363,1,1,0.6882672258812477,1,1,0.16007852716484086,0,0,0.014304126242076637,0,0,0.47227591749137976,1
1021,0,0.5302350567700101,1,0,0.3688943757213758,1,0,0.06236206337241187,0,0,0.0882703525829322,0,0,0.026620440694780357,0,0,0.24846066690714882,1
1022,0,0.29976526432612033,0,0,0.2996193786186902,0,0,0.032302900761994637,0,0,0.10103530622770145,0,0,0.055406089322090575,0,0,0.05023768040080805,0
1023,0,0.6128194903504304,1,0,0.25861488863244514,0,0,0.12718343673845775,0,0,0.1695245810524589,0,0,0.2780714583511624,1,0,0.3048528238724731,1
1024,1,0.9381223276939284,1,1,0.2557812625495867,0,1,0.9962082879835439,1,1,0.0864065066399156,0,0,0.031368780889418905,0,1,0.19535172902664086,0
1025,0,0.21803275673168376,0,0,0.3733425474240346,1,0,0.02669914153464335,0,0,0.27267248198729493,1,0,0.04585207572153984,0,0,0.03905780861893149,0
1026,0,0.3634267928231541,0,0,0.5568528666483573,1,0,0.02138790376764181,0,0,0.26140149738836266,1,0,0.0070104054784205574,0,0,0.12455307249047233,0
1027,0,0.701751802710366,1,0,0.21965900030303678,0,0,0.04304152204770125,0,0,0.3305879545268235,1,0,0.06407575862832347,0,0,0.23873616268397677,1
1028,1,0.8874212084450671,1,1,0.8142716315206152,1,0,0.27013694260801874,0,0,0.11113852183271254,0,0,0.059194802843555494,0,0,0.17497885964647153,0
1029,1,0.3671921587452753,0,1,0.22535829142465455,0,1,0.27161621164503974,0,0,0.12953031848608806,0,0,0.04932718360332967,0,0,0.07035624140638735,0
1030,1,0.625127366813569,1,0,0.08132645404130916,0,0,0.03952164757712998,0,1,0.46590404330400625,1,0,0.01618250125372984,0,0,0.044878237138102135,0
1031,0,0.5099609907667749,1,0,0.07031803558664486,0,0,0.06663590841042259,0,1,0.16806322751899608,0,0,0.0736459200423709,0,0,0.6229162105898706,1
1032,1,0.8775671936899263,1,1,0.8412956443455993,1,0,0.10592241791023162,0,0,0.33141730820107973,1,0,0.05613720600910141,0,0,0.11563654836404358,0
1033,1,0.5568542674031061,1,0,0.08352842813417884,0,0,0.2506283508577219,0,1,0.19368337055770027,0,0,0.2145210602550318,0,1,0.3327415980929037,1
1034,0,0.2778524085072332,0,0,0.11281441762423762,0,0,0.021121665803541148,0,0,0.083481338214906,0,1,0.45337791096462327,1,0,0.0791002841892173,0
1035,1,0.5213534302095438,1,0,0.18806692701062344,0,0,0.04969985987275361,0,1,0.32643899039456237,1,1,0.878107783046945,1,0,0.056774864565907975,0
1036,1,0.5031667355323902,1,0,0.18834041284174174,0,1,0.17941079497969756,0,0,0.1528979785378212,0,0,0.2532799370883213,0,0,0.24142930848900765,1
1037,1,0.5477295394787335,1,0,0.353698596906961,1,0,0.04925253554208684,0,0,0.20787615854963257,0,0,0.0411487274224629,0,1,0.20587484340069565,0
1038,0,0.6179419314198809,1,0,0.14298343097348407,0,0,0.06753744879437364,0,0,0.13312089135051433,0,0,0.10068216173097877,0,0,0.13099220524806512,0
1039,0,0.33761251424719124,0,0,0.5871537319103508,1,0,0.0067440047652653394,0,0,0.15503924204665445,0,0,0.09668339922432827,0,0,0.024405452840522802,0
1040,1,0.3837046514076286,0,0,0.07270487194157839,0,0,0.052366288879244605,0,0,0.11358406365423891,0,0,0.023335074604965252,0,0,0.044902219580770765,0
1041,0,0.4417005583366347,1,0,0.26148563981515466,0,0,0.06187028011120336,0,0,0.1687937037811392,0,0,0.004843999740221036,0,0,0.12747033748211148,0
1042,0,0.6300708977314656,1,0,0.20343163829017744,0,0,0.14636934539648547,0,0,0.2431428490248302,1,0,0.06537345307949029,0,0,0.2512802648851076,1
1043,1,0.7619222311929335,1,1,0.4010085532101959,1,0,0.6118202393259565,1,0,0.28017036379398474,1,0,0.029413353594717407,0,0,0.18563086664953155,0
1044,1,0.7807641544093181,1,0,0.042323499986910464,0,1,0.8568972230126182,1,0,0.12635335110120458,0,0,0.149701402850587,0,0,0.216471779662854,0
1045,1,0.9274730404481049,1,1,0.8923471825122808,1,1,0.8975667949654184,1,0,0.10142514937894555,0,0,0.010753154602907933,0,0,0.1162600544660436,0
1046,1,0.4030787036320261,0,0,0.15385133267532397,0,0,0.08979324162904712,0,1,0.27327075065737544,1,1,0.2771474148460537,1,1,0.11187339185003692,0
1047,1,0.4927675347480475,1,1,0.4837431231923473,1,0,0.04201584915737736,0,0,0.1326579647973312,0,0,0.024644276825156224,0,0,0.18156755814936612,0
1048,0,0.30650793462141884,0,0,0.3968848080538721,1,0,0.01240939960609916,0,0,0.3420205275492487,1,0,0.09476649863600846,0,0,0.045455612672017205,0
1049,1,0.8017252329767657,1,1,0.8196455600912728,1,1,0.48241384492487943,1,0,0.10327335554520134,0,0,0.05674890034602797,0,0,0.1918726039609915,0
1050,0,0.33741079306476424,0,0,0.14576137240387174,0,0,0.00626432657024133,0,0,0.19583662152507064,0,0,0.10387318054265356,0,0,0.08335521641384395,0
1051,1,0.5180654104143391,1,1,0.7941037754855705,1,0,0.10013353704690338,0,1,0.12405312631789783,0,0,0.11937580257557308,0,0,0.15815286539482246,0
1052,1,0.3606302794533438,0,0,0.13004864006408132,0,0,0.1454654154814493,0,1,0.34771067428611047,1,0,0.05713892425545594,0,0,0.10816854593618597,0
1053,1,0.8264447436035812,1,1,0.8247963580780042,1,1,0.5461152809482548,1,1,0.33475014534315867,1,0,0.06342033582280186,0,0,0.06219338248445161,0
1054,1,0.6863421963319599,1,1,0.53463057440151,1,0,0.22760916073776463,0,0,0.23438806922590896,1,0,0.03906136421302775,0,0,0.18553029651937789,0
1055,0,0.7685449888424417,1,0,0.3345920372597311,0,1,0.988935804205437,1,0,0.13480628155146185,0,0,0.04085701936318042,0,0,0.2537232397344777,1
1056,0,0.22813590779244827,0,0,0.3656603820347922,1,0,0.11730960734431913,0,1,0.14351482711711647,0,0,0.02951521853650782,0,0,0.05872714729502257,0
1057,0,0.5383929836585319,1,0,0.05756787710361707,0,0,0.018732133559701034,0,0,0.10637946067226578,0,0,0.07094109911850183,0,1,0.6630831551263844,1
1058,1,0.5733563852619846,1,1,0.37010704461633326,1,0,0.18215142101852277,0,0,0.24911756030237697,1,0,0.1912772479668996,0,1,0.13739842468986174,0
1059,0,0.24575040259210332,0,0,0.4654172302670047,1,0,0.031176431306088017,0,0,0.11328430158524759,0,0,0.016264514647823303,0,0,0.06892371418502412,0
1060,1,0.728813486063301,1,1,0.056948248628431924,0,0,0.13779440482008928,0,0,0.21734927204451296,0,0,0.08753245263519104,0,1,0.4442135471094344,1
1061,1,0.4964003293244165,1,1,0.3669447316695745,1,0,0.030570296063608605,0,0,0.24715260786435111,1,0,0.11945770519769087,0,0,0.08435274677484444,0
1062,0,0.41816908738885655,0,0,0.06955423549969537,0,0,0.0670081641066743,0,0,0.3668240737753046,1,0,0.1169706974998241,0,0,0.051073408251749754,0
1063,0,0.5413583595598044,1,0,0.18760577511281115,0,0,0.1960742866055655,0,1,0.425877915274401,1,1,0.8419212142996533,1,0,0.15322120916935092,0
1064,1,0.7448088138112811,1,0,0.12516866941340235,0,0,0.052636410069959116,0,0,0.132738478327172,0,1,0.7914081836632415,1,0,0.0543310506337726,0
1065,1,0.7855202614866982,1,1,0.8008818018008107,1,0,0.08634599016011495,0,0,0.12600130597953088,0,0,0.07161978727921661,0,0,0.06738190694962598,0
1066,0,0.5261142395262004,1,0,0.5988423676794595,1,0,0.2140116910227702,0,0,0.12731699108714709,0,0,0.011569406689248024,0,0,0.20333928244681995,0
1067,0,0.647510393364349,1,0,0.10041410098828384,0,0,0.02923736802581159,0,0,0.23352648794763997,1,0,0.03277986917250627,0,0,0.08426262574990757,0
1068,0,0.743826200055123,1,0,0.16676952375412682,0,0,0.2695337075196715,0,0,0.34361989870940635,1,0,0.26358790612581035,1,0,0.16696975929127975,0
1069,1,0.8258329746476826,1,0,0.4198517454983459,1,0,0.049499317077569355,0,1,0.579061173987138,1,0,0.06476791834483468,0,0,0.101829587382483,0
1070,0,0.22677636310351637,0,1,0.13141946758939674,0,0,0.01986923296004095,0,0,0.1974804992424681,0,1,0.772192311518103,1,0,0.03757654033478504,0
1071,1,0.5272567623053342,1,0,0.22743889363171255,0,0,0.14617468961623747,0,0,0.29244257827120007,1,0,0.039339205985892155,0,0,0.18223329934306728,0
1072,0,0.7652922538298711,1,0,0.2998794343069369,0,0,0.19311905396160303,0,1,0.41992085754796277,1,0,0.17452633575410034,0,1,0.1616252340198117,0
1073,1,0.6719693202901421,1,0,0.24338370064063233,0,0,0.2699687900891769,0,0,0.10832164306992116,0,0,0.07892898322707949,0,1,0.31067257446194957,1
1074,1,0.7318141825163725,1,0,0.0639629433869231,0,0,0.005634661707214317,0,1,0.3783371100514721,1,0,0.0195256336114807,0,0,0.13751186199775375,0
1075,0,0.46183680709076463,1,0,0.5503389170888934,1,0,0.04618791677222348,0,0,0.3751913542794599,1,0,0.14318522896607375,0,0,0.14413294963406154,0
1076,1,0.738996165241819,1,1,0.5510509209803264,1,0,0.1447502232809634,0,0,0.3325187741057584,1,0,0.023967976623121487,0,0,0.032258561152418604,0
1077,1,0.9097485513585223,1,0,0.08823619548890833,0,1,0.998452415377136,1,0,0.07599389877138296,0,0,0.014485352072792728,0,0,0.081989182066109,0
1078,0,0.5418667003907555,1,0,0.32053393921674406,0,0,0.2206709968733542,0,0,0.12481216310768754,0,0,0.04443475431322447,0,0,0.4969834190815283,1
1079,1,0.717458457235212,1,0,0.059163232845722634,0,1,0.9424441224754204,1,1,0.4847298053940103,1,1,0.24415502097403233,0,0,0.21403214490848835,0
1080,1,0.6074682026530552,1,0,0.14767712766145621,0,1,0.885018626795372,1,0,0.10833210530431363,0,0,0.07816990625106668,0,0,0.12465270314256595,0
1081,1,0.775567107663011,1,0,0.06215175883192442,0,0,0.0271154298663123,0,1,0.42986959375957934,1,1,0.9634864780345126,1,0,0.06563090556256795,0
1082,0,0.43438763640739797,1,0,0.07990088882529901,0,0,0.007729951365896403,0,0,0.11781723792320527,0,0,0.05392617489066181,0,0,0.06413524466748251,0
1083,1,0.1530376547868263,0,1,0.14142238487497794,0,0,0.00979990104475542,0,0,0.06463818562438961,0,1,0.0628683367389467,0,0,0.02595446629174603,0
1084,0,0.44266939169755926,1,0,0.868034468359789,1,0,0.33873066466866875,1,0,0.10218577202569194,0,0,0.012995003587162844,0,0,0.02365019328146825,0
1085,0,0.21808249676723837,0,0,0.24967041413677202,0,0,0.013707374117411063,0,1,0.18584662742481417,0,0,0.005570701262239168,0,0,0.06504670988036525,0
1086,1,0.6306328936099985,1,1,0.5175768543219904,1,0,0.11651464062506478,0,0,0.14071761030315846,0,0,0.02408763065623223,0,1,0.23324415775680155,1
1087,1,0.7901332981301704,1,0,0.18034600731620268,0,1,0.8684537056991978,1,0,0.06975491264751621,0,0,0.04836643830126577,0,0,0.16761098493257995,0
1088,1,0.5988907779278511,1,1,0.5294857574931503,1,0,0.0474489411696761,0,0,0.08894348807915027,0,0,0.026202953562553838,0,0,0.19028429214057271,0
1089,0,0.6313651387243481,1,0,0.689597100681866,1,0,0.1522124716672734,0,1,0.2392851167293384,1,0,0.04027943478344232,0,1,0.19140244281874438,0
1090,0,0.5775409367022628,1,0,0.3116491585577014,0,0,0.1298854849064143,0,0,0.1589648929555201,0,0,0.04190643380095077,0,0,0.10472521286254817,0
1091,1,0.5476689727879209,1,1,0.5291955775795552,1,1,0.339983845279835,1,0,0.15800849957997062,0,0,0.23214263866566107,0,0,0.1384623059702835,0
1092,1,0.6440152556539948,1,1,0.7828045101507023,1,0,0.20778048302306015,0,1,0.23710193023639325,1,0,0.14499540295367855,0,0,0.1950485055542985,0
1093,0,0.42024482583501893,0,1,0.6940658069398894,1,0,0.16366018951258807,0,0,0.0998473909664181,0,0,0.011350764010518525,0,0,0.08814538471398076,0
1094,1,0.7631614737511799,1,0,0.07554664219524186,0,1,0.5043715188841037,1,1,0.4844338684901703,1,0,0.06464697741013602,0,0,0.06647286915092922,0
1095,0,0.6650918714027941,1,0,0.4394739510468008,1,0,0.04086433171666071,0,0,0.20381418338072288,0,0,0.12508883467957313,0,0,0.09675967540872582,0
1096,1,0.44935193394002554,1,1,0.03642759464355632,0,1,0.583994749239926,1,0,0.07764688633042288,0,0,0.12493031163991121,0,0,0.11999444677266642,0
1097,1,0.7281805168725195,1,0,0.08733767892680266,0,0,0.027256407975133966,0,0,0.3426806125801391,1,0,0.011398768892896073,0,0,0.5006668183601601,1
1098,0,0.24582744808950485,0,0,0.1375722633764129,0,0,0.16017887830548824,0,0,0.09221926943382726,0,0,0.05375801283080767,0,0,0.12595789147319028,0
1099,0,0.5199897385718502,1,0,0.04646105004577935,0,0,0.4821913287695867,1,0,0.08098066078866414,0,0,0.029828836077403012,0,0,0.5231643618984719,1
1100,1,0.9116387627477366,1,1,0.9900042504804857,1,0,0.08655729928024503,0,0,0.0920692749746337,0,0,0.051771428526611624,0,0,0.3949016854467878,1
1101,1,0.7879542272115844,1,1,0.8824718332769402,1,0,0.05661471516550898,0,0,0.1763131106065022,0,0,0.034552145804430834,0,0,0.1279762848170102,0
1102,0,0.5625423245984799,1,0,0.4016423690768109,1,0,0.24830875740030087,0,0,0.21401101006882076,0,0,0.04420317593349182,0,1,0.30351259645223855,1
1103,0,0.8626508733665239,1,0,0.17007253467704905,0,0,0.03294122346710584,0,0,0.29975375981457725,1,0,0.009973960670456408,0,0,0.2989955612652569,1
1104,1,0.7700147571693136,1,0,0.150283993784768,0,0,0.026727940077111656,0,1,0.6934690862226458,1,0,0.0366205543370551,0,0,0.0709255814718626,0
1105,1,0.6047089783138312,1,0,0.6833720743029262,1,0,0.024625370753128966,0,0,0.146132404619049,0,0,0.011337430066493058,0,1,0.11978544299857141,0
1106,1,0.7688049750640414,1,1,0.7444563730426328,1,0,0.12491341801098221,0,0,0.11713813219264109,0,0,0.03196768060676184,0,0,0.13342206104981794,0
1107,1,0.8482636543469634,1,0,0.13051975530641657,0,0,0.21782234867805803,0,1,0.31523021692725334,1,1,0.0847641985292622,0,1,0.23734945804863214,1
1108,0,0.5272808937325045,1,0,0.462566761159803,1,0,0.09828712471141983,0,0,0.07321582885546331,0,0,0.04457211984085748,0,0,0.02302652255822063,0
1109,1,0.38637444853783554,0,1,0.4350773714614597,1,0,0.023299706521120487,0,0,0.15400038151579407,0,0,0.015518670430592565,0,0,0.24689679890103874,1
1110,1,0.47035466223326955,1,1,0.3740418040874438,1,1,0.6782490394458724,1,0,0.19301561918655982,0,0,0.09777428898164754,0,0,0.1319550714212451,0
1111,1,0.6039859836822213,1,0,0.03253265256622558,0,0,0.03668704613926165,0,1,0.44213517306229616,1,0,0.0387573423342105,0,0,0.08652211546095429,0
1112,0,0.3399807676361965,0,0,0.1255420138651344,0,0,0.08160579771956163,0,0,0.11781210520982606,0,0,0.027155401100950886,0,0,0.07158235788036478,0
1113,1,0.829587953171426,1,0,0.11722824724351004,0,0,0.028721555189633135,0,1,0.1327352850431692,0,0,0.0433843819046315,0,1,0.5203162084684814,1
1114,0,0.612999232850274,1,0,0.3594306409343793,1,0,0.11098205774747553,0,1,0.2593200186373754,1,1,0.8166040837617534,1,0,0.1369039909010188,0
1115,1,0.7589005501868122,1,1,0.9297241537689294,1,0,0.08545366548282464,0,0,0.11023098853812759,0,0,0.12715309804833128,0,0,0.09272139165656205,0
1116,0,0.4774824293111408,1,0,0.06629406705246914,0,1,0.549964049280279,1,0,0.13203837131040638,0,0,0.024003388398722347,0,0,0.03975488366554952,0
1117,1,0.6981516893891744,1,0,0.174702046200394,0,1,0.10810473886952643,0,0,0.23920475116191445,1,0,0.026312992132565938,0,0,0.0999862045290746,0
1118,0,0.4558092886595128,1,0,0.09171538413283951,0,0,0.02463044867300659,0,0,0.1722638400053836,0,0,0.12013889823765522,0,0,0.07426316169228019,0
1119,1,0.5553772236072819,1,1,0.4529131520803573,1,1,0.13924028785352227,0,1,0.158208860094753,0,0,0.0169657043876907,0,0,0.41132780083226944,1
1120,1,0.8005234274369645,1,1,0.5155128853921218,1,0,0.2506105144080852,0,1,0.19909662203450537,0,0,0.03086228515718414,0,0,0.19098397565288402,0
1121,1,0.7802488512261151,1,0,0.21072350167305928,0,1,0.9543803223274626,1,0,0.06915356748816605,0,0,0.022019461635014375,0,0,0.18719019913794066,0
1122,1,0.6970724135027787,1,0,0.08703049023085623,0,1,0.01508687888994951,0,0,0.1827968028174782,0,1,0.6525990046810527,1,0,0.07514868460003339,0
1123,1,0.6730454973106962,1,0,0.11526523692106033,0,0,0.0473399986231977,0,1,0.5989494538521675,1,0,0.018037176559199643,0,0,0.06352719634147101,0
1124,1,0.9170681532551521,1,1,0.9493715170234349,1,1,0.6064046960152601,1,0,0.1329376818998117,0,0,0.021292981544235947,0,0,0.038287135393635305,0
1125,1,0.4843893836889384,1,1,0.3305741565252414,0,0,0.0358486340332393,0,1,0.16730663499050172,0,1,0.08985095707319668,0,0,0.07930025616422666,0
1126,0,0.5658071091200867,1,0,0.03742444063031634,0,0,0.035714565345108584,0,0,0.1926482420743498,0,0,0.1738918908214393,0,0,0.10534179157078111,0
1127,0,0.5314768243301181,1,0,0.30637468552802893,0,0,0.25173012166739533,0,0,0.16182882335339183,0,0,0.12314593131567265,0,1,0.372295388483104,1
1128,0,0.6291970956549527,1,0,0.39357820835639273,1,0,0.2482244325718522,0,1,0.22927848214204005,1,0,0.11691970268338507,0,0,0.14923831235899568,0
1129,1,0.5873398737003296,1,1,0.658836998676418,1,0,0.31069162414595214,0,0,0.08004609749175647,0,0,0.027894969313696793,0,0,0.20862786463963165,0
1130,1,0.6365392178262562,1,0,0.3086734119160231,0,0,0.026705831179943584,0,1,0.6181233714788714,1,0,0.030489486184868242,0,0,0.059510084197478164,0
1131,1,0.5569720132626685,1,0,0.1708072533427605,0,0,0.10935196141740795,0,0,0.24186390309810454,1,1,0.45018551868259044,1,1,0.0927842747602836,0
1132,0,0.8209047791479017,1,0,0.17649457699728446,0,0,0.0204388567335507,0,0,0.696597617165906,1,0,0.04444856690064025,0,0,0.13819985148721317,0
1133,1,0.4555084065161375,1,1,0.11171279659266864,0,1,0.6195059222716064,1,0,0.15026874403806756,0,0,0.13171061119334668,0,0,0.12073185263938357,0
1134,1,0.47473486020404926,1,1,0.36839494068049117,1,1,0.2651628991720237,0,1,0.12490017275679259,0,0,0.016744707077842272,0,1,0.4028356305749618,1
1135,1,0.8371328028652849,1,0,0.09727637382621353,0,0,0.03668189406368975,0,1,0.13556542759840032,0,1,0.995196601066131,1,0,0.08116743136045747,0
1136,1,0.5234229129162141,1,0,0.1361480676589398,0,1,0.37478308014799316,1,1,0.26375350695016436,1,0,0.16539996331469042,0,0,0.16666504015998282,0
1137,1,0.5499201168113682,1,1,0.626714638391442,1,0,0.0397470044975361,0,0,0.07919243174311633,0,0,0.008095072993143932,0,1,0.4012111373979855,1
1138,1,0.7328905484433816,1,0,0.2840894028711713,0,0,0.7008426570910355,1,0,0.09890567556480978,0,0,0.057693696939952445,0,0,0.27481078640843726,1
1139,1,0.8826730032494345,1,1,0.8479037325236165,1,0,0.012223396753033529,0,1,0.27733709209744206,1,0,0.05106223628966156,0,0,0.32241405443489096,1
1140,1,0.7412346908436273,1,1,0.8539410299525115,1,0,0.0687148012156641,0,0,0.2029848820096157,0,0,0.05914519794373763,0,0,0.04795138295587959,0
1141,1,0.6876280236741225,1,1,0.19636161960224374,0,1,0.8542714256042429,1,0,0.129038250257994,0,0,0.040618281445319204,0,0,0.10760809496820083,0
1142,1,0.5508276667625345,1,1,0.696435817449968,1,0,0.06025637376549998,0,1,0.15606328518538515,0,0,0.012428068440926454,0,1,0.08806177530355529,0
1143,0,0.3104478962084765,0,0,0.2032424115302439,0,0,0.07433950811569344,0,0,0.13917812888174186,0,0,0.06903546599156575,0,0,0.12529073066959498,0
1144,1,0.5514158894775014,1,0,0.09656746383034269,0,0,0.024254581656921608,0,1,0.36269339244572835,1,0,0.043325196000422804,0,0,0.033013776123291726,0
1145,1,0.31980509338528523,0,0,0.13276725885986304,0,0,0.2516012526413434,0,1,0.2526712762872282,1,0,0.061850962724350124,0,0,0.1314957159478807,0
1146,0,0.7294288822720857,1,1,0.5555959166144097,1,1,0.792520346196823,1,0,0.2517083990784293,1,0,0.03737236090390742,0,0,0.20821934631259276,0
1147,1,0.7056742588040894,1,0,0.257661625166047,0,1,0.5953466206599226,1,0,0.10778791951137945,0,0,0.04892987622979902,0,1,0.15437092301657024,0
1148,0,0.5361372671559362,1,0,0.20331748165618332,0,0,0.37280223815507746,1,1,0.1817192273874508,0,0,0.015789758659296386,0,0,0.4085156030174775,1
1149,1,0.5917576828370993,1,0,0.0902955402156166,0,0,0.04102209253115261,0,0,0.18864760052002735,0,0,0.11518821401268083,0,0,0.20320597950611366,0
1150,0,0.5475982484142127,1,0,0.03979883761412651,0,0,0.06187143065973567,0,0,0.1403522453653511,0,0,0.24856676464191765,0,1,0.45226119520058533,1
1151,1,0.5176055093015187,1,1,0.35875569748811625,1,0,0.18399126256793363,0,0,0.14274463361424858,0,0,0.10356945212974623,0,0,0.12256835771315266,0
1152,0,0.692303019780657,1,0,0.4377789973536377,1,1,0.9198842389243768,1,0,0.10184313277992962,0,0,0.055986950556153735,0,0,0.08020968215064735,0
1153,1,0.9171933642247919,1,1,0.9767594681321944,1,0,0.17917990451371665,0,0,0.22078346276774793,1,0,0.013991346882551388,0,0,0.23202329037898037,1
1154,0,0.4867077279020437,1,0,0.6051610185511297,1,0,0.2802555530517557,0,0,0.17964829179959926,0,0,0.024299227928204437,0,0,0.0834713197898177,0
1155,0,0.5059135009958625,1,0,0.3070948875011367,0,0,0.11754822735159863,0,0,0.08218783754423382,0,0,0.012239477723097905,0,0,0.2004974375623401,0
1156,0,0.4808772533100192,1,0,0.10445849806042136,0,0,0.028073279680933566,0,0,0.3087366980986623,1,0,0.18899211873187716,0,0,0.21808781976432914,0
1157,1,0.4031421691884325,0,1,0.7652657174679883,1,1,0.04639448142455071,0,0,0.12328383099129447,0,0,0.19207795871689634,0,0,0.11539733908666862,0
1158,0,0.5480013725405993,1,0,0.21278673912473256,0,0,0.14272835340733456,0,0,0.17757902469692208,0,0,0.07110390094353096,0,0,0.09669476361435432,0
1159,1,0.8482466251388088,1,1,0.7706947656145638,1,1,0.3882931389026439,1,1,0.15375534596494622,0,0,0.02510021197110528,0,0,0.2909817446387368,1
1160,1,0.6172429081814605,1,1,0.2877008378874439,0,0,0.007443502524109171,0,0,0.22600706970038387,1,0,0.011904038712094228,0,0,0.08255334945942845,0
1161,1,0.5239519062613727,1,0,0.2646005923680546,0,1,0.5247918194575544,1,0,0.2215820617282316,1,0,0.03692895434210864,0,0,0.03731502365959433,0
1162,1,0.7996337737962477,1,0,0.22622506610539603,0,1,0.6249041000531678,1,0,0.2753767848606536,1,0,0.05390628825051291,0,0,0.19857280823467197,0
1163,1,0.553221982687705,1,0,0.11213405960690892,0,1,0.5440945047246128,1,0,0.14359641300231943,0,0,0.10082947929035518,0,1,0.4575792897313069,1
1164,0,0.4452952137896007,1,0,0.11244659053279608,0,0,0.12116060185532611,0,0,0.23276788249166178,1,0,0.07123006145328903,0,1,0.6588945967541437,1
1165,0,0.3425557327269931,0,0,0.06527051058102022,0,1,0.7168214340005031,1,0,0.14350699793606606,0,0,0.029595249016524976,0,0,0.06520806171390298,0
1166,1,0.7227927288979165,1,1,0.9579835168080982,1,0,0.09399344369528097,0,0,0.09156355844848514,0,0,0.015197613628613814,0,0,0.09075150546380385,0
1167,0,0.3513019484680893,0,0,0.07962358026295017,0,0,0.033243849704381316,0,0,0.12444927090147284,0,0,0.028197639435840055,0,0,0.23041490872069428,1
1168,0,0.37037490052747124,0,0,0.14629610147049,0,0,0.10790248346176234,0,0,0.1548275157979141,0,0,0.5241156903555305,1,0,0.037787223822648146,0
1169,1,0.5488286020728589,1,0,0.07257763147268885,0,1,0.44109519894584115,1,0,0.2577942289308371,1,0,0.027062119684004928,0,1,0.13885871794671034,0
1170,0,0.37291028211786187,0,1,0.45966152930370613,1,0,0.05813178623233137,0,0,0.24742451489879727,1,0,0.03504418731743732,0,0,0.1371997045230476,0
1171,1,0.7075654550571681,1,1,0.7318154560523902,1,0,0.08494524213701232,0,0,0.147245330999245,0,0,0.053825686145210834,0,0,0.2887349303239481,1
1172,1,0.6387287232993363,1,1,0.7765302736403562,1,0,0.06719437776327947,0,0,0.13482379066182937,0,0,0.024911668873626266,0,0,0.17763987317718677,0
1173,0,0.31989584173954083,0,0,0.11436001412546426,0,0,0.1430361447206234,0,1,0.18426185782377216,0,0,0.02988701731379756,0,0,0.18197271425252182,0
1174,1,0.4696821555779411,1,0,0.15886669824759111,0,0,0.12632601293167964,0,0,0.0962947552664543,0,0,0.03796908978784406,0,0,0.05908934329696953,0
1175,1,0.8514319281373824,1,1,0.10715645176301687,0,0,0.9542832865347729,1,0,0.21559751944077932,0,0,0.04803201237402904,0,0,0.047123700646832085,0
1176,1,0.6285163487666628,1,0,0.09953346458532748,0,1,0.7568123703908802,1,0,0.27536172097628553,1,0,0.25430517677004977,0,0,0.06069279747175469,0
1177,0,0.5813427340949708,1,0,0.4611729198021855,1,0,0.053576274229224286,0,0,0.1783997895312164,0,0,0.014513442198475562,0,0,0.6240981746344528,1
1178,1,0.5810134706775026,1,1,0.21579570401184323,0,0,0.024195043520727072,0,1,0.4583272360416382,1,1,0.707944802097813,1,0,0.057094370128478816,0
1179,0,0.402255454763551,0,0,0.1153964122748334,0,0,0.02828483215079462,0,0,0.11968188485414936,0,0,0.05891197851278176,0,1,0.4778617879822353,1
1180,0,0.43036366945783944,1,0,0.27628159840250943,0,0,0.09520071280411346,0,1,0.3086955696546185,1,0,0.17096349142198783,0,0,0.1155439405231712,0
1181,0,0.20360651896883084,0,0,0.06543304023780977,0,0,0.06401809933742864,0,0,0.23137008466574907,1,0,0.062191726037170304,0,0,0.049145836989703234,0
1182,0,0.831675640518242,1,0,0.045750206471602765,0,1,0.9059714050691398,1,0,0.17265754861911345,0,0,0.05542480613866188,0,0,0.1110488444789634,0
1183,0,0.49226421283636795,1,0,0.12495678530334474,0,0,0.15285940005335324,0,0,0.3401258980358573,1,0,0.0765459407848956,0,0,0.22554249918864447,1
1184,0,0.3022013059194026,0,1,0.3661867600711833,1,0,0.03069667852402856,0,1,0.16678471766596956,0,0,0.0970232518436212,0,0,0.08893125741272247,0
1185,1,0.7047287824301186,1,0,0.04117374830516405,0,1,0.9892861313559135,1,0,0.22547729062438057,1,0,0.026866132134815122,0,0,0.1024040424722719,0
1186,1,0.7369141656329745,1,1,0.3640688932524847,1,0,0.18727811338747294,0,1,0.20096827102903325,0,0,0.08816848009963267,0,0,0.19022388428448464,0
1187,0,0.44971449753132653,1,0,0.16123613724984345,0,0,0.1064373099042973,0,0,0.22611417706277326,1,0,0.04219036933856351,0,0,0.16589793097009642,0
1188,0,0.40063039471375816,0,1,0.27770452969997583,0,0,0.027023386279709002,0,1,0.26606810963667116,1,0,0.031214577061839912,0,0,0.11077304725072924,0
1189,1,0.8171266365092006,1,0,0.34608925377439087,1,0,0.7148432006819614,1,0,0.145534063756921,0,0,0.03435020201003746,0,1,0.2025007255785035,0
1190,1,0.6604374371584281,1,0,0.3568120622829334,1,1,0.7180888263766576,1,0,0.2553230834515486,1,0,0.02575048877745108,0,1,0.29189965959743175,1
1191,1,0.8358061448816193,1,0,0.2153016424867421,0,0,0.10730121373269454,0,0,0.13131047669291704,0,0,0.04285256470333707,0,0,0.1984284783137896,0
1192,1,0.5287323301569116,1,1,0.22969261761607748,0,1,0.5249321252947025,1,0,0.1720606509272794,0,0,0.025672812220036912,0,0,0.04880491054284528,0
1193,1,0.2661176788871173,0,0,0.08211515322352343,0,0,0.03159820165911984,0,0,0.13953699341710354,0,0,0.06445626489499032,0,0,0.06347577098685334,0
1194,1,0.4248334765468173,0,0,0.33173661499606016,0,0,0.080361288483709,0,0,0.520231683167577,1,0,0.02807496818502314,0,0,0.07769386104940601,0
1195,0,0.47615314307435663,1,0,0.10307751058735036,0,0,0.020676532185239887,0,0,0.23911147398307872,1,0,0.0355645561346914,0,1,0.5293748952378644,1
1196,0,0.408504337742408,0,0,0.3255141858707204,0,0,0.15192986309202344,0,0,0.16344377733422097,0,0,0.0626919525824859,0,0,0.09448573757347047,0
1197,1,0.481633599522682,1,1,0.5242514752644847,1,0,0.25373751124536914,0,0,0.1557040202225217,0,0,0.05525381491993744,0,1,0.24357051616688255,1
1198,0,0.581749058323685,1,0,0.2652128091739718,0,0,0.15931686845215864,0,0,0.1388593998909545,0,0,0.022472095053013563,0,0,0.3883797295948275,1
1199,1,0.9422103951846328,1,1,0.17941860929236533,0,1,0.6819816651287273,1,1,0.1694409016178163,0,1,0.6602146083808268,1,1,0.10725353071766221,0
1200,1,0.7810645970248355,1,0,0.15030715495235955,0,0,0.10996543273035773,0,0,0.16078689082048608,0,0,0.08156291481840641,0,0,0.14997034969578021,0
1201,1,0.26343147137629136,0,0,0.05431765881495859,0,0,0.050071647586340105,0,1,0.2335568021728902,1,1,0.22573007074530885,0,0,0.08583662429674771,0
1202,1,0.9432492745676502,1,1,0.7537095774813896,1,1,0.7783776609518677,1,0,0.11943126437721814,0,0,0.07608385444870533,0,0,0.06705112323181028,0
1203,1,0.48006035325816326,1,1,0.5576474137045129,1,1,0.3452777493646644,1,0,0.08951589369363509,0,0,0.014239122200116488,0,0,0.1312833323415625,0
1204,1,0.9032251679264026,1,0,0.13496430438152668,0,1,0.965124748165335,1,0,0.14691356749514714,0,0,0.02855477433239352,0,0,0.12453111024118337,0
1205,1,0.7125612653109753,1,0,0.3033009668634654,0,0,0.048441139968474524,0,1,0.44051055094369834,1,0,0.090406295946323,0,0,0.13546704506722781,0
1206,1,0.7987568407128808,1,0,0.0950673117809242,0,0,0.013522379465766567,0,0,0.26439390107801714,1,1,0.9772604483124429,1,0,0.04358302096153258,0
1207,1,0.2514076004877629,0,0,0.06943446949502338,0,1,0.2588134575940121,0,1,0.14038501807964535,0,0,0.016113613290654322,0,0,0.1271519795062748,0
1208,1,0.7686226197522426,1,0,0.11601241415846524,0,0,0.029900036048735524,0,0,0.22537391381791727,1,1,0.8990802341017518,1,0,0.04179917210305347,0
1209,1,0.7999625856866167,1,0,0.06642436580995384,0,1,0.7956932207144857,1,0,0.2110134080042341,0,0,0.03978124200510016,0,0,0.20866084716124453,0
1210,1,0.24143011875521214,0,1,0.34348421263053247,1,0,0.022891678811003263,0,1,0.20137860010073996,0,0,0.13427250964418816,0,0,0.02716637468755249,0
1211,1,0.762725303115373,1,0,0.08886250112701201,0,1,0.8872499646292914,1,0,0.29370123150951516,1,0,0.09735517549463085,0,0,0.19821765639352515,0
1212,1,0.5430373298550482,1,0,0.11608274528977937,0,0,0.3054450051741158,0,1,0.4380580510188639,1,0,0.0424828369229339,0,1,0.20266742423325354,0
1213,1,0.5690751522282415,1,0,0.16233179829665959,0,0,0.34702318901569007,1,0,0.17264477351440088,0,0,0.18956780484495558,0,1,0.5963081255453494,1
1214,1,0.8888016648689794,1,0,0.14856289426720484,0,0,0.012476306876589406,0,0,0.1432711415778765,0,0,0.3570360611350553,1,0,0.3315031196569119,1
1215,0,0.19886634800961803,0,0,0.3024403493570927,0,0,0.04953731659208174,0,0,0.10788657457110544,0,0,0.05714265771678159,0,0,0.07432666002607545,0
1216,0,0.4185083950893537,0,0,0.2516878984478541,0,0,0.0717401013334867,0,0,0.23030495735655063,1,0,0.008040379287207954,0,0,0.4086744584900945,1
1217,0,0.6482697113061809,1,0,0.3272744509174505,0,0,0.19744735801216937,0,0,0.09041466835782468,0,0,0.04025258941772534,0,0,0.21287119360940712,0
1218,1,0.6836698587949984,1,1,0.343239879986289,1,0,0.006284421832624218,0,1,0.512382425781715,1,0,0.040105181344571396,0,0,0.028923709654795432,0
1219,1,0.7140755139568135,1,1,0.811024430126754,1,0,0.03216476203634578,0,0,0.20538610813901023,0,0,0.046822933427987545,0,0,0.21288331861499743,0
1220,1,0.9072198067249145,1,0,0.059340044768725765,0,0,0.04176433955792815,0,0,0.2307108013182131,1,0,0.03915710966861408,0,1,0.6517394712265062,1
1221,1,0.48891590215550623,1,0,0.16129722495533347,0,0,0.0702302074590444,0,0,0.15041875185481504,0,0,0.13944925874239472,0,0,0.31918019971223793,1
1222,1,0.6223200166266938,1,1,0.6801610886390178,1,0,0.14284554038591735,0,0,0.16620714283909113,0,0,0.013860071835753463,0,0,0.39922511864222326,1
1223,1,0.7412918816584755,1,1,0.8151219933101359,1,0,0.07205992391288502,0,0,0.2103591673675361,0,0,0.04349046707893902,0,0,0.3377273102170318,1
1224,0,0.5461473975699878,1,0,0.05906560567050248,0,0,0.0873588046088869,0,0,0.21148701526568658,0,0,0.5278243074326974,1,0,0.09432189780425247,0
1225,0,0.809595186216829,1,1,0.9430959787524519,1,0,0.43772340509938124,1,0,0.09968467313650424,0,0,0.026369448656841894,0,0,0.027765757028359556,0
1226,1,0.8796244413772456,1,1,0.9518036509188468,1,0,0.03708378544601906,0,0,0.14767388759547143,0,0,0.049385768279578975,0,0,0.07746536609369238,0
1227,1,0.43319798064916265,1,0,0.08015657896838552,0,0,0.14265226292544775,0,1,0.1379881175444039,0,0,0.05691210471458471,0,1,0.41036146625051667,1
1228,1,0.9164829643874937,1,0,0.12011374546162812,0,0,0.10205077009114256,0,0,0.1487280724941176,0,0,0.1742803282306559,0,1,0.6268058289747991,1
1229,1,0.4595542781449173,1,0,0.13346131461696334,0,1,0.5951848765400566,1,0,0.12082250898299113,0,0,0.08581889182239293,0,0,0.15965069201201812,0
1230,1,0.6246172923266781,1,0,0.45759273921310145,1,0,0.2940963253264232,0,0,0.2502202935697833,1,1,0.04065888325768296,0,0,0.10411903989301503,0
1231,1,0.4296096804943916,0,1,0.4468090727945544,1,1,0.07086110102405713,0,0,0.13942861420455896,0,0,0.105295217225318,0,0,0.14479152271585707,0
1232,1,0.7995226416737987,1,0,0.24339775267940325,0,0,0.015129975038869953,0,0,0.10882546967626812,0,1,0.21075595670565117,0,1,0.16069471753985765,0
1233,1,0.9339370601675588,1,1,0.9753894750957945,1,0,0.733785878939338,1,0,0.17981782039735938,0,0,0.12049672680804135,0,0,0.3326695477787496,1
1234,0,0.38904111490751,0,0,0.2545773095273209,0,0,0.08297255952408657,0,0,0.1669929476409744,0,0,0.06889071276330955,0,0,0.055544493627041606,0
1235,1,0.5780153219238581,1,0,0.12385353010930404,0,1,0.39242255756523886,1,0,0.19065292378695575,0,0,0.022024353389686585,0,0,0.22528387476050482,1
1236,1,0.8538787742823873,1,0,0.29907451964446946,0,1,0.8968020274555193,1,0,0.30587964547766117,1,0,0.026665893972677688,0,0,0.16812618547655378,0
1237,1,0.5354670050280737,1,0,0.04282369982227139,0,0,0.03656210238812574,0,0,0.5548536267453031,1,0,0.018401690214283093,0,0,0.03724951067161516,0
1238,1,0.7126050739334774,1,0,0.09862391961626922,0,0,0.033323270248157566,0,0,0.5425671290986038,1,0,0.31591614430175524,1,0,0.08073501386765347,0
1239,0,0.46261505669771347,1,0,0.2023472787889443,0,0,0.14631538605713246,0,0,0.22198467303513225,1,0,0.028925662052853334,0,0,0.21409319012807218,0
1240,0,0.3175446085010681,0,1,0.620495381606507,1,0,0.03696862390142503,0,0,0.12057745006363303,0,0,0.05888201578210276,0,0,0.0792221059799104,0
1241,0,0.563914834952275,1,1,0.18740966739227752,0,0,0.047425685709292155,0,0,0.23131009111600176,1,0,0.061212908596997705,0,0,0.11563281028661972,0
1242,0,0.6860704642496342,1,0,0.16815604881147025,0,1,0.8163630289228853,1,0,0.2035478307993912,0,0,0.159777659333358,0,0,0.13491985978822155,0
1243,1,0.5062094009884899,1,1,0.2876876953255803,0,0,0.043346159589457846,0,0,0.09431792182370818,0,0,0.06335343761611997,0,0,0.12139048775506882,0
1244,1,0.36514662418338983,0,1,0.1338045278832312,0,1,0.3589656313297723,1,0,0.09049964310402646,0,0,0.03143741257889079,0,0,0.099558178636083,0
1245,1,0.8608992821707501,1,0,0.3985659016496997,1,1,0.820150448113783,1,0,0.14448528458562535,0,0,0.14152133170300452,0,0,0.13056744716989035,0
1246,1,0.5728883510005517,1,1,0.8097481280600832,1,0,0.04802227813754383,0,1,0.17751378769817694,0,0,0.018688197020159666,0,0,0.3558554111724717,1
1247,0,0.37085792640243004,0,0,0.07089610730823985,0,0,0.18072323232054865,0,0,0.27457373686818887,1,0,0.06362859878468018,0,0,0.08873418630079803,0
1248,0,0.7755156009610443,1,0,0.21221201431032566,0,0,0.7138992980528208,1,0,0.14211419017614568,0,0,0.03437785965993391,0,1,0.25079852869171787,1
1249,1,0.6084018449956,1,0,0.15472480776676195,0,0,0.10902126660002986,0,1,0.2142097891647781,0,1,0.46910156066660624,1,0,0.1449365766610268,0
1250,1,0.8584239017134121,1,0,0.41211646368846516,1,1,0.882234929280917,1,0,0.14922248571962418,0,0,0.011796079109901452,0,0,0.11011748218786521,0
1251,1,0.5982248677493162,1,0,0.23067590951045233,0,0,0.024530498862051598,0,1,0.5260411992865328,1,0,0.04085374580473641,0,0,0.13690449050377956,0
1252,0,0.78120057849261,1,1,0.9930257827811505,1,0,0.006442200078079552,0,0,0.07734766638623371,0,0,0.06841681199554973,0,0,0.06147422439919853,0
1253,0,0.5432839354185597,1,0,0.19367881603990988,0,0,0.10922836272749513,0,1,0.17457704689283693,0,0,0.04814591481587722,0,0,0.13997455586850308,0
1254,1,0.5539606094880192,1,0,0.23033949650631688,0,0,0.14859108083650607,0,0,0.16371461837221277,0,1,0.5866907555737088,1,0,0.13732978775243207,0
1255,0,0.4613208486345761,1,0,0.2793878257288789,0,0,0.08976787421448813,0,0,0.09385118961929984,0,0,0.11176106011615689,0,0,0.12818578183355994,0
1256,1,0.8234326813266666,1,0,0.12484183701608563,0,1,0.5409240159484884,1,1,0.5607473980075249,1,0,0.008206852258174281,0,0,0.04460803551599091,0
1257,0,0.4284424952388231,0,0,0.22780271236272565,0,0,0.16951054233402033,0,0,0.17744780391981152,0,0,0.05540094866991352,0,0,0.05285930485945874,0
1258,0,0.4119134228607088,0,0,0.34251642663494536,1,1,0.35634599418781604,1,0,0.09586906155478446,0,0,0.029024273280782744,0,0,0.09186348906031433,0
1259,1,0.8268632457811554,1,0,0.8530774872590055,1,1,0.8340536950936216,1,0,0.12773623618688723,0,0,0.048119935540324954,0,0,0.18080864197204816,0
1260,0,0.6363966128006059,1,0,0.20846415802283405,0,0,0.5159444303904623,1,0,0.15027597997023723,0,0,0.28701837404258274,1,0,0.10728826921274355,0
1261,0,0.5449319486048618,1,0,0.2070854412477882,0,0,0.11347718018838653,0,0,0.29853028657509545,1,0,0.07627993336171122,0,0,0.07371055264644896,0
1262,0,0.44116943260829206,1,0,0.24172617286462497,0,0,0.07030694978957762,0,0,0.11689067615579703,0,0,0.14886970007180708,0,0,0.11264228971896807,0
1263,0,0.39713306212202165,0,0,0.07687241273106864,0,0,0.042441680788549464,0,0,0.23328471251917007,1,0,0.8238666067786947,1,0,0.038204001652181095,0
1264,1,0.689880288139328,1,1,0.9099377809846084,1,0,0.011523586829101389,0,0,0.05365310457246616,0,0,0.06413087950791417,0,0,0.09909149034580972,0
1265,0,0.6421834292645044,1,0,0.020148428579434798,0,0,0.3127377630540634,0,0,0.2199891130358007,0,0,0.01694562865646948,0,0,0.2947154374102024,1
1266,1,0.7078655252031368,1,0,0.4142034232354604,1,0,0.24069264597154902,0,0,0.3066622158107527,1,0,0.16622465290908608,0,1,0.17884993677734365,0
1267,1,0.6274566977090746,1,1,0.751768316168456,1,0,0.01946273716637858,0,1,0.126516993889523,0,0,0.02749332919683864,0,0,0.2175118152880978,0
1268,1,0.6165326282096069,1,0,0.2404018837347656,0,1,0.2037859327015319,0,0,0.10695334606662343,0,0,0.034002364307806544,0,0,0.04349683061600429,0
1269,1,0.7578465560520811,1,0,0.2106956373408516,0,1,0.9282784167991891,1,0,0.1562962324147508,0,0,0.1541748670198105,0,0,0.15678155517713224,0
1270,0,0.25253504256028675,0,0,0.041151225736001946,0,0,0.03273575683839782,0,0,0.12808290272893233,0,0,0.863975626356252,1,0,0.04429937210416387,0
1271,1,0.7753428371984455,1,1,0.6482522784554812,1,0,0.1932789029746557,0,0,0.3246775703391636,1,0,0.11435509738973731,0,1,0.19146811404372702,0
1272,0,0.5445074217048499,1,0,0.3448598840492354,1,0,0.29279408824944997,0,0,0.17958083246725562,0,0,0.018501308050537332,0,0,0.10686680373388803,0
1273,0,0.5071680718531791,1,0,0.5090576391438876,1,0,0.042127138434898896,0,0,0.2076429370772829,0,0,0.13435496598949495,0,0,0.04598588271640813,0
1274,0,0.7408827639807859,1,0,0.15964436576841098,0,1,0.9201535249985761,1,0,0.1804035552919381,0,0,0.02792959135004083,0,0,0.049342743234910835,0
1275,0,0.1457094479912726,0,0,0.090070496873406,0,0,0.02934760130497571,0,0,0.10140755094191334,0,0,0.03921766600815202,0,0,0.10033307350375613,0
1276,1,0.6231409599714163,1,1,0.9402481842441924,1,0,0.6080357714678365,1,0,0.08518769874895303,0,0,0.006386097559231379,0,1,0.08290299500156767,0
1277,1,0.8689312336706262,1,1,0.9270095173608585,1,0,0.7828268565670952,1,0,0.09073805688103405,0,1,0.10671870465877074,0,0,0.06803498650661251,0
1278,1,0.7853162260752405,1,0,0.08473611024821974,0,0,0.06826754989743211,0,1,0.2249138149222852,1,1,0.3466279378203881,1,1,0.5312549100370143,1
1279,0,0.560206659735014,1,0,0.20161300646154312,0,0,0.05616978475581166,0,0,0.10315810264959589,0,0,0.0738136530605661,0,0,0.25073610699193444,1
1280,0,0.6213864226981852,1,0,0.15461011284394566,0,0,0.2267343580876486,0,0,0.47246147371935354,1,0,0.05255929054779548,0,0,0.0811044771119766,0
1281,1,0.3141433808320692,0,1,0.2500014757688754,0,0,0.04052867030560913,0,1,0.3934238147343652,1,0,0.06111006822989531,0,0,0.08132775787148912,0
1282,1,0.6086686229765679,1,1,0.3415565624504362,1,1,0.9609463229784995,1,0,0.1462692977018182,0,0,0.12280920755310543,0,0,0.09131225820891825,0
1283,0,0.7945568952457428,1,0,0.6364849775417301,1,0,0.974339415358401,1,1,0.1283844175712221,0,0,0.1563269118307057,0,0,0.1729572617348707,0
1284,1,0.6611126709902336,1,0,0.03938943039614398,0,0,0.02712390157415231,0,1,0.5018203249979925,1,0,0.013687055004285012,0,0,0.17235574456900313,0
1285,0,0.28529245943962317,0,0,0.378599695403712,1,0,0.04780360640433401,0,0,0.125276842075873,0,0,0.3632029012674116,1,0,0.03062869948060677,0
1286,1,0.773507382811634,1,1,0.710153401649249,1,0,0.006443530680719869,0,1,0.22961792807502998,1,0,0.02004992542720493,0,0,0.19973301061361204,0
1287,0,0.759143401019165,1,0,0.7452969028242986,1,0,0.05567156334967743,0,0,0.13757069634763872,0,0,0.04571300218131132,0,0,0.3557631075191591,1
1288,0,0.6056143080963803,1,0,0.6589432966095408,1,0,0.11341893685104265,0,0,0.2553076180075691,1,0,0.02535720673979708,0,0,0.12829310800064614,0
1289,0,0.3855593358905891,0,0,0.0448562571834216,0,0,0.15337043266239422,0,0,0.11979372283330024,0,1,0.5161088819959271,1,0,0.12091224969883495,0
1290,1,0.8895998737336962,1,0,0.27679142843473253,0,0,0.1046312334761315,0,1,0.35708797823784616,1,0,0.06313869101885458,0,0,0.1997829547302046,0
1291,1,0.49007050951140235,1,1,0.3085570013213443,0,0,0.10777244429227766,0,0,0.09070900413614019,0,0,0.031458962433790205,0,0,0.13171147242365877,0
1292,1,0.3341720952768408,0,1,0.08606227020587208,0,0,0.018707620077080368,0,0,0.13779366914119592,0,1,0.8018792533487636,1,0,0.034068553390607964,0
1293,1,0.8330350453734879,1,0,0.10796598880149189,0,0,0.03675281803018835,0,0,0.21689329270438848,0,0,0.0713790777867402,0,1,0.6412478488989164,1
1294,0,0.42015617908781494,0,0,0.12712843155449105,0,0,0.04813272148311528,0,0,0.16829218913479493,0,1,0.5870787489486062,1,0,0.06136280129279678,0
1295,0,0.36014541216487944,0,0,0.11272243871466649,0,0,0.09346568251068538,0,0,0.3628415740838887,1,0,0.03373316781440075,0,0,0.07369238092389312,0
1296,0,0.2998297747176202,0,0,0.13180702298115413,0,0,0.08970660536992969,0,0,0.13555234762702825,0,0,0.018391152844755305,0,0,0.062184544922110896,0
1297,1,0.5144571629132428,1,1,0.22684729168549192,0,0,0.2149121732358997,0,0,0.30393792805759245,1,0,0.026830960811146304,0,0,0.17287686519341475,0
1298,1,0.715386358517081,1,0,0.17250377770955017,0,1,0.8567019403409741,1,0,0.17905271239405532,0,0,0.017526214103827185,0,0,0.13097048977165107,0
1299,0,0.4958981226522523,1,0,0.22320211284668787,0,0,0.21142284024199443,0,1,0.3794996041087606,1,0,0.03419813604001837,0,0,0.08614571169374867,0
1300,0,0.5428463486244514,1,0,0.48822537328739113,1,0,0.2768591075592836,0,0,0.15510476803713372,0,0,0.035701650126421416,0,0,0.12526510050249326,0
1301,0,0.7482925938464371,1,0,0.2890439501864394,0,0,0.8436743991802441,1,0,0.10858842036208612,0,0,0.2796662071194574,1,0,0.09129632054820824,0
1302,0,0.5103597052875929,1,0,0.20180744615676746,0,0,0.015015437508800557,0,0,0.10454033477697135,0,0,0.03122124372850847,0,0,0.13146502467998386,0
1303,0,0.6190521020452963,1,0,0.27075209377869164,0,0,0.17755966058069408,0,1,0.252753409906096,1,0,0.10026518018057014,0,0,0.42011525844953956,1
1304,1,0.7996289294290692,1,1,0.8664988144609665,1,1,0.6479670768044274,1,0,0.16513003440385624,0,0,0.0264420663515675,0,0,0.38242897441768386,1
1305,1,0.6323616856703015,1,0,0.08756201233758822,0,0,0.020157338997119092,0,1,0.3524748164996982,1,0,0.028477282234731394,0,0,0.039649531556038224,0
1306,1,0.5531660316076731,1,0,0.2972485791755139,0,1,0.15514991151314508,0,0,0.1596578702092094,0,0,0.06670132188174525,0,0,0.08749324394560416,0
1307,0,0.7336974373496402,1,0,0.22369949182685667,0,1,0.9707624528031045,1,0,0.19000324083448464,0,0,0.014728373562885458,0,0,0.24110420517245298,1
1308,1,0.7262367322047325,1,0,0.27119196639651866,0,0,0.08361933546758875,0,0,0.37120589752029604,1,0,0.01771263222317457,0,0,0.09277107163971092,0
1309,1,0.7631340985924752,1,1,0.8656660132700607,1,0,0.2002454123643521,0,0,0.1745104377882758,0,0,0.021646507928485038,0,0,0.08289021089881916,0
1310,0,0.554041063685879,1,0,0.19182022844744284,0,0,0.14291546658073748,0,0,0.19777356623220146,0,0,0.07885321931293664,0,0,0.1465175094126824,0
1311,1,0.5413998980915332,1,0,0.3189061233560456,0,0,0.1828961544878417,0,1,0.24131489470775694,1,0,0.08562884240473258,0,0,0.05896082739160278,0
1312,0,0.20369657014153428,0,0,0.08637346802121308,0,0,0.09700885952151868,0,0,0.31736485209811605,1,0,0.04186007846573981,0,0,0.11285625282037488,0
1313,1,0.6767285542079872,1,1,0.29076832722366547,0,1,0.6932529344408779,1,0,0.2209905043604152,1,0,0.06676314289597803,0,0,0.29073682692919983,1
1314,0,0.4452428401785949,1,0,0.41940145020697717,1,0,0.08957273885077988,0,0,0.15583240237847598,0,0,0.04215777266592422,0,0,0.09925638174918168,0
1315,1,0.3891518766514417,0,1,0.46461281323934545,1,0,0.06306269451751707,0,1,0.1281126932580713,0,0,0.050149434636663916,0,0,0.11692343510263252,0
1316,1,0.8119203310856292,1,0,0.13981520531770164,0,0,0.06639924626263642,0,0,0.20439216661279644,0,1,0.9717818557324094,1,0,0.05219057163677032,0
1317,1,0.6355105643263269,1,1,0.14068215344588086,0,1,0.18221293592994267,0,0,0.16315445418703264,0,0,0.04283536162594134,0,0,0.12569431243513782,0
1318,0,0.3526499361855919,0,0,0.18642201623199472,0,0,0.0868445240707774,0,0,0.26121362937765835,1,0,0.034761551019146304,0,0,0.07613547485840495,0
1319,1,0.7829326290501131,1,0,0.4463619381810509,1,1,0.492440058405004,1,0,0.1422822391315737,0,0,0.022751533030402043,0,0,0.10200814482683451,0
1320,0,0.5881625065305183,1,0,0.2915384237517686,0,0,0.11017053351264632,0,0,0.16203479924784223,0,0,0.062058029754370025,0,0,0.12039175059214151,0
1321,0,0.6724447280958548,1,0,0.21518358746678887,0,0,0.02692690559158804,0,0,0.2661958653310481,1,0,0.7680952460929995,1,0,0.0625641771413747,0
1322,0,0.6436081500783478,1,0,0.1395533755813881,0,0,0.16677828984411525,0,0,0.18027577153966567,0,0,0.0718747971017396,0,0,0.13211459824333552,0
1323,1,0.6635982459156493,1,0,0.3246568708443587,0,1,0.8356952504219578,1,0,0.13039932890028047,0,0,0.09401524643214909,0,0,0.11128365958998916,0
1324,1,0.4572738200262536,1,0,0.2213065913328084,0,0,0.16282463190341703,0,1,0.2902226760108971,1,0,0.04206367961927681,0,0,0.10387959942889076,0
1325,0,0.5081572116439392,1,0,0.5322386585963264,1,0,0.08769789965883168,0,0,0.09735143564474036,0,0,0.08687249747070334,0,0,0.19255745373862707,0
1326,1,0.7243418413579518,1,0,0.1884759149865656,0,0,0.04534712898036558,0,1,0.22722211081211974,1,1,0.5943339613606748,1,0,0.1140403830255526,0
1327,0,0.43823837152709594,1,0,0.09908608861128892,0,0,0.3902722779602364,1,0,0.28813612846109,1,0,0.005255777957933393,0,0,0.05007425054804935,0
1328,1,0.8610447761146499,1,1,0.8062781949734371,1,0,0.11370882013583102,0,0,0.10969692370937117,0,0,0.04498058950908452,0,0,0.3326067904084161,1
1329,1,0.5250973927785575,1,1,0.5812619463189459,1,0,0.008594588096472016,0,0,0.1930839258864415,0,0,0.013095412963608803,0,0,0.12807526746124595,0
1330,0,0.4705006383398334,1,1,0.3552863789694298,1,0,0.5556952992794401,1,0,0.22116244111837624,1,0,0.007750864134563107,0,1,0.3315022725858894,1
1331,0,0.26218543181026477,0,0,0.22329831078570903,0,0,0.06117357001786311,0,0,0.1839016387037007,0,0,0.012479375822242114,0,0,0.08668959914735846,0
1332,1,0.3086512141275131,0,0,0.17368232040708562,0,1,0.8017568720456346,1,0,0.15502472970381098,0,0,0.0826308977282298,0,1,0.11389662106238152,0
1333,1,0.7156017825797102,1,0,0.02770592340184538,0,0,0.011033729469285847,0,1,0.4149746062922472,1,0,0.040324987462486014,0,0,0.065473857959409,0
1334,0,0.22447628639257913,0,0,0.1451388641974446,0,0,0.05320057070379485,0,0,0.17058018033715974,0,0,0.0333513076541089,0,0,0.07526426194407856,0
1335,1,0.7124101667452983,1,1,0.3076937318385379,0,0,0.15050689956566088,0,0,0.2333305310746895,1,0,0.14063180642217102,0,0,0.2725588131401154,1
1336,0,0.783119974968277,1,0,0.32379448429815966,0,1,0.9006018068418141,1,0,0.1697923374159779,0,0,0.026844652492857588,0,0,0.05540129818514237,0
1337,1,0.8366954496572859,1,1,0.24455009412151293,0,1,0.8464435043145117,1,0,0.3457577518566082,1,0,0.05649548911308897,0,0,0.09800636906515303,0
1338,1,0.7026894702944597,1,1,0.1788185940126947,0,0,0.04513381654528007,0,0,0.27648303386392326,1,0,0.11175167643363276,0,1,0.17630158192365145,0
1339,0,0.6468014444391433,1,0,0.20699035746753594,0,0,0.8589217046296458,1,0,0.1855084393593285,0,0,0.02962724584929365,0,0,0.785689320292385,1
1340,1,0.882218615468822,1,0,0.26177806962631,0,1,0.9849717354243634,1,0,0.2741913808621275,1,1,0.18105990680222986,0,0,0.15634027736261982,0
1341,0,0.37225341005647383,0,1,0.1864640028913792,0,0,0.14897226489736418,0,0,0.11944210819439606,0,0,0.024041487508684747,0,0,0.08563684902959841,0
1342,0,0.5658854983295646,1,0,0.1359246491253,0,0,0.19979273574570908,0,0,0.17370997062070226,0,0,0.040226960481812596,0,0,0.18369040421665528,0
1343,0,0.6048343045047071,1,0,0.27777269083215694,0,0,0.08083899218246526,0,1,0.11254402758396127,0,0,0.0393573347064775,0,0,0.12609754369274673,0
1344,1,0.6406310218705574,1,1,0.3436584206213393,1,0,0.11696357436500222,0,0,0.27059948119450417,1,0,0.05127850309516976,0,1,0.337306530710123,1
1345,0,0.737460441290008,1,0,0.45903774811997194,1,0,0.12070779028771234,0,0,0.4105227064705727,1,0,0.12251528695548135,0,0,0.23401088102827342,1
1346,1,0.47234598774289355,1,1,0.7003953880588982,1,0,0.035637061416044336,0,0,0.17070835063250836,0,0,0.02135684000065065,0,1,0.17769583176582102,0
1347,1,0.45842310597559915,1,0,0.22422460456567472,0,1,0.5651773174544319,1,0,0.139319525113289,0,0,0.038960036314931175,0,0,0.0569243244008727,0
1348,1,0.7880358202806258,1,0,0.08495427466314165,0,0,0.06315199887651009,0,0,0.23405143968814388,1,0,0.2014257050270738,0,0,0.42891005139287025,1
1349,1,0.9492347585071629,1,0,0.20484718852942826,0,1,0.9947315684331505,1,0,0.06517823119756244,0,0,0.015584317951191131,0,0,0.1515696788921381,0
1350,1,0.8907559378899886,1,1,0.980333208422773,1,0,0.01789423329202763,0,0,0.11741776910162809,0,0,0.02203099669152721,0,0,0.11480480561010963,0
1351,1,0.634421133587643,1,0,0.16768035991971408,0,1,0.588838362014498,1,1,0.34167702881315964,1,0,0.08611071319777276,0,1,0.30586209360570743,1
1352,0,0.5458685672783187,1,0,0.07484846876970469,0,0,0.009580965830712204,0,0,0.09348258141173948,0,0,0.008854770751044886,0,0,0.040598460595864756,0
1353,1,0.8088059968754027,1,0,0.3349608522219159,0,1,0.39087946518806455,1,0,0.18452963078823278,0,0,0.3537300750534995,1,0,0.45232266049975106,1
1354,1,0.6789589894525223,1,0,0.14784811740367432,0,0,0.04642496723977418,0,0,0.24955117991595252,1,0,0.130743643078959,0,0,0.23651450103942037,1
1355,1,0.29852813629259023,0,1,0.18794605350477397,0,0,0.0663463535764276,0,1,0.11305826163267883,0,0,0.05706169969474567,0,0,0.044652223565511275,0
1356,0,0.5241327935697223,1,0,0.17983339335395532,0,0,0.17017896591299997,0,1,0.4913431913164075,1,0,0.029241210533460613,0,0,0.07101086246367065,0
1357,1,0.6823401008951686,1,1,0.6222202059006873,1,0,0.13238828731658472,0,0,0.1627694347380969,0,0,0.1703773329461774,0,0,0.05391965533504022,0
1358,1,0.6564419555281865,1,0,0.2226482694442189,0,1,0.664817856169438,1,0,0.20649049684473766,0,0,0.038508322375104535,0,0,0.1396277531267619,0
1359,0,0.537224362085465,1,0,0.08176423853479067,0,0,0.2200315320397314,0,0,0.160236619149449,0,0,0.2579167872713702,0,0,0.04765793455606835,0
1360,1,0.6898141623908138,1,0,0.4041383206964699,1,1,0.40488320881511775,1,0,0.11213675958388221,0,0,0.016269695146772876,0,0,0.3018138965471489,1
1361,0,0.38812057904296027,0,0,0.12064188315870143,0,0,0.07179541582345121,0,1,0.5452273779306352,1,0,0.030430686316362893,0,0,0.24789968948373128,1
1362,1,0.5734504041612557,1,1,0.19122557759909045,0,1,0.8930329463245039,1,0,0.10504019903959277,0,1,0.07564053152134519,0,0,0.2801424879265549,1
1363,1,0.5481636071563243,1,0,0.3254726999081418,0,0,0.2974675826859747,0,0,0.13681079477070407,0,0,0.02232377998926667,0,1,0.17970275934935379,0
1364,1,0.5460008317786241,1,0,0.09784912202180145,0,0,0.1898368656627896,0,0,0.2080953225301764,0,0,0.09895413736927428,0,1,0.22571496353995413,1
1365,0,0.5203394811934818,1,0,0.1813952378231715,0,0,0.12391003461858985,0,0,0.12753797999278774,0,0,0.029429850669731358,0,0,0.16283655804454736,0
1366,0,0.3948099768260312,0,0,0.34264479166319733,1,0,0.02664337530560956,0,0,0.3543726360910792,1,0,0.03651340234956637,0,0,0.10105030357728413,0
1367,1,0.48038034136564045,1,1,0.8196103356242359,1,0,0.05739566620463629,0,0,0.17260987242544826,0,0,0.012113019181318246,0,0,0.06491250016139573,0
1368,0,0.6037662139619656,1,0,0.3290588435426666,0,0,0.21470284709526313,0,0,0.2262631577775652,1,0,0.0349436000353576,0,0,0.18121248572672602,0
1369,1,0.650814306330433,1,0,0.17524541345683964,0,1,0.19733773891828163,0,0,0.25073035245677905,1,0,0.049300508731272535,0,0,0.2505786060106126,1
1370,0,0.41792263901295196,0,0,0.5963086612140349,1,0,0.08546104519727475,0,0,0.116500837834195,0,0,0.015915731382664573,0,0,0.06510739199643245,0
1371,0,0.3714441967940272,0,0,0.11490604686759048,0,0,0.14694369289910025,0,0,0.1016339188563894,0,0,0.052892287577332886,0,0,0.5983431884676913,1
1372,0,0.7150210947160042,1,0,0.07858070586676087,0,0,0.032044113613746796,0,0,0.29918931065073884,1,0,0.03516444316734319,0,0,0.19459608935883374,0
1373,1,0.8473576134496908,1,0,0.17593242482694102,0,0,0.06897501269139406,0,0,0.4731476646012526,1,0,0.11507339941206352,0,0,0.2550849896603299,1
1374,1,0.7340208806725382,1,0,0.0457529344016672,0,1,0.7225961805191861,1,0,0.15523023358798918,0,0,0.05184404814028019,0,0,0.19970118557779193,0
1375,0,0.5890464678463033,1,0,0.17235368704028275,0,0,0.09206263602470309,0,0,0.4164928755151465,1,0,0.20961080438092908,0,0,0.10051334774197396,0
1376,1,0.5556858667069897,1,1,0.6636225990335084,1,0,0.011751420975129824,0,0,0.05745831093951753,0,1,0.5210114562935759,1,0,0.18380383325384841,0
1377,1,0.9387244800408944,1,1,0.9925482346224346,1,0,0.02589266354555182,0,1,0.19360135898592815,0,0,0.020273122933934226,0,0,0.33407166051947584,1
1378,0,0.5212059597772029,1,0,0.2723555366814861,0,1,0.7544880982023093,1,0,0.433614290145156,1,0,0.048299625140735304,0,1,0.37694429264534635,1
1379,1,0.9098046556524118,1,1,0.8018845585691275,1,0,0.09670688226467182,0,0,0.1972058065195128,0,0,0.06506178231197504,0,1,0.07690335489127272,0
1380,1,0.4803255681406366,1,0,0.31833485767445074,0,0,0.03963864355769523,0,1,0.18944019636681156,0,1,0.3405421059830546,1,0,0.052370960976744145,0
1381,1,0.5089518968882403,1,0,0.17017338199566476,0,0,0.06507041628639358,0,0,0.17058823889054,0,0,0.0660056647995132,0,1,0.6291047377911164,1
1382,0,0.2719321971302909,0,0,0.23233569035124457,0,0,0.068696273727599,0,0,0.11844665546325962,0,0,0.01736309409022294,0,0,0.10189059126159893,0
1383,1,0.62195179414284,1,1,0.6387391567434147,1,0,0.13162958254975224,0,0,0.13642516197763369,0,0,0.056124343686538236,0,0,0.30926751926326207,1
1384,0,0.41534089011362996,0,0,0.2765925166650026,0,0,0.052851562485064,0,1,0.30152539607975565,1,0,0.18223620691201955,0,0,0.11773100489336281,0
1385,0,0.3855436207967222,0,0,0.25625133540286504,0,0,0.11393316626135203,0,0,0.1920172356597377,0,0,0.027527037072073175,0,0,0.1617178268698938,0
1386,0,0.39645770939317493,0,0,0.10060816120537648,0,0,0.020152370666231913,0,0,0.08006205615162168,0,0,0.019772155334061608,0,0,0.4439697193615626,1
1387,1,0.558139235578685,1,1,0.5289464764528093,1,0,0.031211481382483693,0,1,0.414537905403951,1,0,0.013150160145109743,0,0,0.07512454687852559,0
1388,1,0.5587902101802175,1,0,0.29807252748617946,0,0,0.13107143880810623,0,0,0.20747732954672074,0,0,0.03696521507022583,0,1,0.29366427270033224,1
1389,0,0.527681394097164,1,0,0.22086749888235457,0,0,0.1300081968544832,0,0,0.17782615950768368,0,0,0.06193867047682827,0,0,0.11578069099993592,0
1390,1,0.5268415305453192,1,0,0.09911156783947876,0,1,0.6801087760506146,1,0,0.12960100323333545,0,0,0.03398496253963506,0,0,0.08830420291248563,0
1391,1,0.6997448514821949,1,1,0.5059385067590393,1,1,0.46693658124352383,1,0,0.2225321243676146,1,0,0.040327996248356784,0,0,0.09359486625117852,0
1392,1,0.45931435952644034,1,0,0.07822159161238927,0,0,0.019715265838516374,0,0,0.27608911872285946,1,0,0.4713426135713264,1,0,0.048562060745914674,0
1393,1,0.63180837780452,1,0,0.03840025057218532,0,1,0.9710471042850672,1,0,0.14636133793109715,0,0,0.01151393012292056,0,0,0.08818934651847214,0
1394,0,0.4580678504355818,1,0,0.378337866149578,1,0,0.4775206773120466,1,0,0.1933880480173528,0,0,0.016333731395745486,0,0,0.1408065337599164,0
1395,1,0.48112421072935785,1,1,0.30200439374756216,0,0,0.1194790219185336,0,0,0.16511321842959317,0,0,0.04377691846111017,0,1,0.1604779064175007,0
1396,0,0.38967571789400735,0,0,0.14929081918887702,0,0,0.09359260426092277,0,0,0.39661398740912146,1,0,0.07486380813818755,0,0,0.12063382182131682,0
1397,1,0.5441458945680818,1,0,0.304727576305392,0,1,0.8291480934127433,1,0,0.17811621398069447,0,0,0.04181468886362335,0,0,0.121959984184014,0
1398,1,0.48125785832172135,1,1,0.1602361098570134,0,0,0.03926620338151629,0,1,0.14033936689461124,0,0,0.13130582214238906,0,0,0.13621419374656576,0
1399,1,0.8247563318894761,1,1,0.9663472939083135,1,0,0.17624172336738264,0,0,0.0955721619355524,0,0,0.043399702224284985,0,1,0.09550766273173272,0
1400,0,0.7046221912169844,1,0,0.07495068180940657,0,0,0.13697820308216693,0,0,0.3704825479093567,1,0,0.03691751371192912,0,0,0.09553008288790533,0
1401,1,0.7759224796323113,1,0,0.2298659846440568,0,1,0.6975992098496996,1,0,0.18506124809307503,0,0,0.06219078264921535,0,0,0.10336746058080541,0
1402,1,0.31864772628748544,0,1,0.2313188385247965,0,0,0.006223549069315073,0,0,0.04810144982780856,0,0,0.003997215875023551,0,0,0.027877809377607088,0
1403,1,0.5728776266690175,1,0,0.10992730813619216,0,0,0.1220574286890284,0,1,0.18274773381584652,0,0,0.012543696487234779,0,0,0.07774877587670427,0
1404,0,0.34204644635470177,0,0,0.07467746310608651,0,0,0.06606819703247012,0,0,0.36250758412139655,1,0,0.05488793704446105,0,0,0.11636047720962657,0
1405,1,0.909722618387817,1,1,0.9800171967174883,1,1,0.8536845114808079,1,0,0.1151119878885254,0,0,0.030743977910505357,0,0,0.14437978208757252,0
1406,0,0.513870116354812,1,0,0.22394077490996,0,0,0.12699753369154015,0,0,0.20864876106774663,0,0,0.0338367375566494,0,0,0.09982376207701911,0
1407,1,0.5994284322236632,1,0,0.09569304738306027,0,1,0.2662590898355545,0,0,0.32302714993997855,1,1,0.20579353348043292,0,0,0.15053701295687613,0
1408,1,0.7563794655500525,1,1,0.7896780420461426,1,0,0.1613159652107304,0,0,0.17467087909150636,0,0,0.01927101123786276,0,0,0.04661384150843975,0
1409,1,0.8782755126409295,1,0,0.1142883368867242,0,0,0.017750689224712384,0,1,0.16342115227140505,0,1,0.012425076432070003,0,0,0.40702762648023666,1
1410,1,0.7682765893385729,1,0,0.15137017987814164,0,1,0.6203601045917012,1,0,0.1104863355085189,0,0,0.027325142543938915,0,0,0.1921391368777643,0
1411,1,0.6679034556396654,1,1,0.30019028324112074,0,1,0.13101166438251796,0,1,0.157021494816351,0,0,0.031701812614530665,0,0,0.10526213172625326,0
1412,0,0.6245729583593448,1,0,0.16527523219868837,0,0,0.1424552870906923,0,0,0.1651963245103714,0,0,0.07272872824336775,0,0,0.39679940525579,1
1413,0,0.4615604432615699,1,0,0.19116285378057163,0,0,0.07043421302990636,0,0,0.17981616559511607,0,0,0.4940076400718019,1,0,0.08057628014492119,0
1414,1,0.75087278141782,1,1,0.3652970829835738,1,0,0.21594886501522526,0,0,0.18562126706479845,0,0,0.07348658803942007,0,0,0.09787673755630927,0
1415,1,0.6477502040509391,1,0,0.35310219471248505,1,0,0.05670561901571244,0,0,0.17219242467504878,0,0,0.02966461484434849,0,1,0.31484652922776024,1
1416,1,0.7161528207316649,1,1,0.4296627991737969,1,0,0.08459683907962338,0,0,0.33458229278994417,1,0,0.047629172173910765,0,0,0.05263303681137349,0
1417,0,0.44533679713621477,1,0,0.33837201174436027,0,0,0.11340276210430239,0,0,0.08877990876221921,0,0,0.7328490648566967,1,0,0.10865610268517,0
1418,1,0.5477848285162285,1,0,0.0790696981493083,0,0,0.02611806418172766,0,0,0.17638253255083247,0,0,0.04440154533833094,0,1,0.5400658743053097,1
1419,0,0.47916088539360074,1,0,0.4803285298290925,1,0,0.026175040532136967,0,0,0.1814124910050221,0,0,0.15115473641012417,0,0,0.04679545955331018,0
1420,0,0.466984774944478,1,1,0.05509358975648401,0,0,0.18003359052813442,0,0,0.14447865277642027,0,0,0.06976091764870658,0,0,0.288428199564154,1
1421,0,0.33011457189650945,0,0,0.26039353724020015,0,0,0.23219464052426372,0,0,0.1707492776654713,0,0,0.10105829461581932,0,0,0.07027917308295356,0
1422,1,0.8999884774672968,1,1,0.9336209947206205,1,0,0.06407654467974266,0,0,0.09809247981162478,0,0,0.07003940170448797,0,0,0.07472272633941,0
1423,1,0.6679231784187566,1,0,0.40222077510313253,1,1,0.5253474907036089,1,0,0.1000668176609939,0,0,0.05244516445246372,0,0,0.09185114234637361,0
1424,1,0.8901513141271155,1,0,0.28856428265932865,0,1,0.9946756819496533,1,0,0.20567036582054032,0,0,0.09542025113550678,0,0,0.13703629238563406,0
1425,1,0.6298505244200693,1,1,0.6193254649203378,1,0,0.11326941411818846,0,0,0.15851235276996,0,0,0.014561116715734998,0,0,0.12578788602206123,0
1426,0,0.6519816498696468,1,0,0.12813458798927543,0,0,0.344734367088322,1,0,0.23973109230724232,1,0,0.19064306620505742,0,0,0.06037696449713292,0
1427,1,0.4149442494955271,0,0,0.05223917148169958,0,0,0.02313544147875612,0,0,0.110476330581972,0,0,0.009829927644994641,0,1,0.9539145161636666,1
1428,1,0.8673651530962889,1,0,0.33896052605240534,0,1,0.8957419347463569,1,0,0.13042021678721286,0,0,0.013171595131774303,0,0,0.11581519714284594,0
1429,0,0.5238632941244369,1,0,0.19914331410829222,0,0,0.3596954646528862,1,0,0.16243334114379465,0,0,0.030877256397602738,0,0,0.027580049455375358,0
1430,0,0.47354275276535057,1,0,0.09469135766818708,0,0,0.25256281692284416,0,0,0.1963026418081069,0,0,0.054474388218949434,0,0,0.19475193953841674,0
1431,1,0.6614770247992815,1,0,0.06430304215016162,0,0,0.07586448979926841,0,0,0.20651751403680518,0,1,0.6668017995706533,1,0,0.06524961368352286,0
1432,0,0.4064826928926106,0,0,0.2881140201442613,0,0,0.057650493689815584,0,0,0.20479062886851074,0,0,0.043982171190519746,0,0,0.21297109693707603,0
1433,0,0.6395003313669455,1,0,0.22955169014744936,0,1,0.8198517106194955,1,0,0.08780851858842427,0,0,0.04738963287218246,0,0,0.3101768237259237,1
1434,0,0.41761950239445644,0,0,0.22228049844253495,0,0,0.23859238797909768,0,0,0.2338470210958811,1,0,0.13283235762172216,0,0,0.20938401697521747,0
1435,1,0.8810030926848261,1,1,0.7207282921602299,1,1,0.7858561768580395,1,1,0.1489453593917367,0,0,0.06423917961036855,0,1,0.12776862437997355,0
1436,1,0.7603321933494502,1,1,0.5810094150225399,1,0,0.012522121707226075,0,0,0.19786726777466843,0,0,0.046321655835870314,0,1,0.1395207038718172,0
1437,1,0.5943014233765669,1,1,0.6313006981289955,1,0,0.2883236450164313,0,0,0.16058647364399425,0,0,0.1002488391755464,0,0,0.1400233239868305,0
1438,0,0.3359090579289314,0,0,0.03807924880240437,0,0,0.03560264608693444,0,0,0.11433026902182575,0,0,0.012536015551935608,0,0,0.6183909974596832,1
1439,1,0.45497101621757574,1,0,0.1276424803892315,0,1,0.20052866919788406,0,0,0.3354208894574757,1,0,0.06759381283464728,0,0,0.0691297549679629,0
1440,0,0.5517358619577051,1,0,0.19131040725390347,0,0,0.18438063104713062,0,0,0.11468459062419623,0,0,0.0281380790550808,0,1,0.3478553713699076,1
1441,1,0.5939529092027135,1,0,0.1629815321859929,0,0,0.041903559699342514,0,0,0.12578781992209528,0,0,0.10884608626441998,0,0,0.0910537176092641,0
1442,0,0.4614296292048102,1,0,0.02418854829025992,0,0,0.015760349145459627,0,1,0.9045934701786549,1,0,0.09655000641060461,0,0,0.0419086049614139,0
1443,0,0.382562692760541,0,0,0.1025399708537253,0,0,0.07729927808299063,0,0,0.11012798663727653,0,0,0.22424015284249274,0,0,0.08180541541700602,0
1444,0,0.43594280345853703,1,0,0.06850433291711226,0,0,0.10021266753345437,0,0,0.10916832855510257,0,0,0.07257658419131514,0,0,0.2124076036901138,0
1445,0,0.6749674403936307,1,0,0.26440939472094255,0,0,0.026040093415133903,0,0,0.37670299390780676,1,0,0.06504880753835854,0,0,0.12311605824912601,0
1446,0,0.4961211136340526,1,0,0.11358374274491916,0,0,0.03234579929552656,0,0,0.12162634428569408,0,0,0.029950496122122593,0,0,0.04655676391343588,0
1447,1,0.9022743363342793,1,1,0.9833727378043037,1,0,0.04246275059539314,0,0,0.12634385990326008,0,0,0.022698305278570263,0,0,0.1260502827433159,0
1448,1,0.8081955081082213,1,0,0.22199036891357515,0,0,0.1106569558444155,0,0,0.10874436893833457,0,0,0.9575534129428384,1,0,0.23443258484958931,1
1449,1,0.5171517995419753,1,1,0.4317003266858735,1,0,0.09055766953077848,0,1,0.2673220926634163,1,0,0.08963262471920418,0,0,0.06865615420403388,0
1450,1,0.6804835373236392,1,0,0.18488100475665156,0,0,0.12960771600555013,0,0,0.12402769398335567,0,1,0.6213222708744894,1,0,0.2975944884619722,1
1451,0,0.6001466791229455,1,1,0.2685591605027337,0,1,0.2748148349454813,0,0,0.14129642841838175,0,0,0.028714771659231298,0,0,0.1402190539666702,0
1452,0,0.6766538229521171,1,0,0.0687568370653746,0,0,0.054840275181106186,0,0,0.39287676787860765,1,0,0.10192234772573983,0,0,0.10319843698112842,0
1453,1,0.5392236247606262,1,1,0.39941376238910237,1,0,0.020974241287844437,0,1,0.2566568997320296,1,0,0.01670166940964119,0,0,0.05228242389966997,0
1454,0,0.5469527100099557,1,0,0.15364270078801878,0,0,0.02035382512822362,0,0,0.3470066100572871,1,0,0.018049486804035526,0,0,0.18540728972294138,0
1455,0,0.5333218290709542,1,0,0.33711004973661324,0,0,0.13212565411847507,0,0,0.22426955569718024,1,1,0.6779777068847365,1,0,0.2138368704092132,0
1456,0,0.34775207867805785,0,0,0.09365714046424684,0,0,0.5568879005901657,1,0,0.21533415299144534,0,0,0.04198653785700144,0,0,0.13316364272969472,0
1457,1,0.8235595602030786,1,0,0.45036290737786966,1,1,0.9033799809510136,1,0,0.12829778089337637,0,1,0.16175311491682187,0,0,0.08868772764932402,0
1458,1,0.49776411816570104,1,1,0.2455264169027238,0,0,0.04330448154893037,0,1,0.35848605673464634,1,0,0.11166749628146433,0,0,0.04216916076416599,0
1459,0,0.37835560621315795,0,0,0.10845795447717244,0,0,0.06637574833855989,0,0,0.05353318075492744,0,0,0.5881523495349587,1,0,0.12070867239350812,0
1460,0,0.36497271133634585,0,0,0.05278760006356587,0,0,0.06117038829871254,0,0,0.5040625293400027,1,0,0.027660963303953002,0,0,0.11581400767145171,0
1461,1,0.8496710325963291,1,0,0.19568156281086102,0,0,0.32193649112825035,1,0,0.21496793703823402,0,0,0.08526003845608827,0,1,0.6149567211628125,1
1462,0,0.5273058646724565,1,0,0.4844792092623496,1,0,0.17560389661060835,0,0,0.10459764272684635,0,0,0.011255039538982166,0,0,0.16369883001507918,0
1463,0,0.49043500248387667,1,1,0.4270953510599324,1,0,0.22697644397253317,0,1,0.1685912601568802,0,0,0.064213740584171,0,0,0.08612726146237408,0
1464,1,0.7931398240668557,1,0,0.12352234576488053,0,0,0.1606530880534731,0,1,0.46020945319327616,1,0,0.08518384850086413,0,0,0.1894692349307722,0
1465,0,0.49824539167529974,1,0,0.1686262232026259,0,0,0.2529727161723237,0,0,0.09306336864111141,0,0,0.019389454165572157,0,0,0.13707097061789641,0
1466,1,0.87802638980865,1,1,0.5481969194961794,1,0,0.04724946884988265,0,1,0.15372417081346718,0,0,0.06434877767376655,0,1,0.3843440018878746,1
1467,0,0.45392910724800745,1,0,0.2992628305996596,0,0,0.18233884948268733,0,0,0.26419155709578207,1,0,0.13005403075627575,0,1,0.08852030214025679,0
1468,0,0.29196492601523366,0,0,0.053418692647974574,0,0,0.24415747340368363,0,0,0.09337819370374238,0,0,0.05050740634215819,0,0,0.1755090796302542,0
1469,0,0.1491703321189349,0,0,0.2010811303901965,0,0,0.005327877193957245,0,0,0.11358539469863072,0,0,0.02507175331880672,0,0,0.062123305815108144,0
1470,1,0.7896454005650099,1,1,0.8086606231544851,1,0,0.02160674630474738,0,0,0.12201407437253327,0,1,0.7046733129166588,1,0,0.03870490892413859,0
1471,1,0.1799681040992236,0,1,0.3653704222716782,1,0,0.029398767419626836,0,0,0.11773090635071393,0,1,0.04224555949764985,0,0,0.05250388911498654,0
1472,0,0.40183839539322824,0,0,0.28922585628985004,0,0,0.10061471689700768,0,0,0.12134193598672405,0,0,0.07233176123497627,0,0,0.16159785157846893,0
1473,0,0.4844121586413593,1,0,0.14821146840845764,0,0,0.1413629919652671,0,0,0.10310068619080119,0,0,0.02744421705096327,0,0,0.22490962165486983,1
1474,1,0.42096996767808886,0,0,0.06706513450076224,0,0,0.03162799351352268,0,0,0.08223691169815191,0,1,0.6833284616126809,1,0,0.04056091238962075,0
1475,1,0.7166875985108941,1,1,0.7667844240420063,1,0,0.01668331943583447,0,0,0.09000343149837498,0,1,0.7621692181515839,1,0,0.12188611914343665,0
1476,0,0.5487837781071491,1,0,0.3687339897837423,1,0,0.19665961860683648,0,0,0.16524606542255746,0,0,0.031130903945848633,0,0,0.12943579892964824,0
1477,1,0.6486683084564973,1,0,0.12936890618568786,0,0,0.06971538624460573,0,0,0.14610646317248946,0,1,0.833516741942545,1,0,0.10844869848319998,0
1478,0,0.358132686844214,0,0,0.3494532409383945,1,0,0.1319081568156513,0,0,0.13838566746088865,0,0,0.022093594608362747,0,0,0.14180299310431668,0
1479,1,0.7424069972067208,1,1,0.5205413854800308,1,1,0.720897727702826,1,1,0.17815497003249736,0,1,0.07418672922907348,0,0,0.08215428034860321,0
1480,1,0.4995121626143045,1,1,0.5188444471367312,1,0,0.0349727327633289,0,1,0.09745108493711951,0,0,0.06279721684751642,0,0,0.07662172780670748,0
1481,0,0.3094017364837222,0,0,0.1516254556251538,0,0,0.026317165956220145,0,0,0.1930913487216254,0,0,0.6828457044141839,1,0,0.03570552363491946,0
1482,0,0.5853161734238183,1,0,0.2794790367494257,0,0,0.4440323176773706,1,0,0.20291893271319159,0,0,0.07076727144770159,0,0,0.07747519697994398,0
1483,1,0.8404663613614666,1,1,0.8589098854679058,1,0,0.2348537595541854,0,1,0.22440226336781388,1,0,0.029501796569591995,0,0,0.45720481228226095,1
1484,1,0.6436656576217001,1,0,0.07719355892609453,0,0,0.027056950864432428,0,1,0.34205737037653977,1,0,0.029576469641871425,0,0,0.13528424137876538,0
1485,1,0.865749909707798,1,0,0.7024344241518655,1,1,0.6805654111291437,1,0,0.16374404362793812,0,0,0.023299624340970798,0,0,0.051317758763374875,0
1486,1,0.4373675062784243,1,0,0.12441140869759443,0,0,0.010847008751270594,0,0,0.12238090568319678,0,0,0.01341741841903385,0,1,0.8479100163899803,1
1487,1,0.8695293699792289,1,0,0.10864996960009844,0,0,0.20596000790049032,0,1,0.15888377666616524,0,0,0.9570810157690784,1,1,0.031364739177802,0
1488,1,0.7674082934730139,1,1,0.5358201958127701,1,0,0.011993836488323957,0,1,0.42497938109660405,1,0,0.011852128986961004,0,0,0.06327391533327383,0
1489,1,0.3502542710822001,0,1,0.4562203664664127,1,0,0.07142422513896153,0,0,0.3287792542959249,1,0,0.12982805463825328,0,0,0.057016301753426056,0
1490,0,0.32739628539981763,0,0,0.3546943438987413,1,0,0.05906779849882854,0,0,0.1143178930238165,0,0,0.0539233237564779,0,0,0.055843632350088525,0
1491,1,0.6632643940932524,1,1,0.6892667904134638,1,1,0.6631320169600551,1,0,0.1082187384802626,0,0,0.06117814936483157,0,0,0.05739085880619412,0
1492,0,0.32087968663545435,0,0,0.5651594823371001,1,0,0.013086714466336016,0,0,0.0977813431161524,0,0,0.014177704815585378,0,0,0.09142892314316116,0
1493,1,0.736665781798317,1,0,0.532425041295323,1,1,0.3217080464450109,1,0,0.26789605256919463,1,0,0.06191151762510589,0,0,0.06044507818066602,0
1494,1,0.7491190973933947,1,1,0.2630330406292348,0,1,0.4042165869410989,1,1,0.595330921836765,1,0,0.04395978139688503,0,0,0.1337910617245445,0
1495,0,0.2927939886544409,0,0,0.3355875507226805,0,0,0.011520473603756255,0,0,0.2211335885051204,1,0,0.02569335184040322,0,0,0.11901838503358786,0
1496,0,0.34563838243657097,0,0,0.3387328063334689,0,0,0.12927102934164117,0,0,0.08183072430338588,0,0,0.04019269319986882,0,0,0.0865038367698746,0
1497,1,0.2865285093005971,0,1,0.12137013400147056,0,0,0.06777039857852914,0,0,0.2780091545151737,1,0,0.040971991637127225,0,0,0.10505953016857955,0
1498,1,0.7731742311017783,1,0,0.3971606732860511,1,1,0.7086089838571228,1,0,0.1883239391322886,0,0,0.1467543099732724,0,0,0.15451601775210214,0
1499,1,0.6265292555368762,1,0,0.14519590147905959,0,1,0.7800350988904398,1,1,0.10398496977514537,0,0,0.028701456122766044,0,0,0.10165216934119026,0
1500,0,0.5238906638221293,1,0,0.49347843590544055,1,0,0.31720001391450586,0,0,0.12348240908376495,0,0,0.3210542606169389,1,0,0.310138370922351,1
1501,1,0.6983314725337868,1,1,0.9408938109237072,1,0,0.018525028749253217,0,0,0.08340786648211608,0,0,0.02415281564346462,0,0,0.14799755753653224,0
1502,1,0.61533602795271,1,1,0.36962494845211746,1,1,0.1283944522784302,0,1,0.13733066326642654,0,1,0.048820149213882495,0,1,0.09786444325675402,0
1503,1,0.7352206587006553,1,0,0.141046199250747,0,0,0.2301772716186189,0,0,0.13741211363219125,0,0,0.026165392837587148,0,1,0.1758953166767481,0
1504,0,0.3543129628252372,0,0,0.13280431926586087,0,0,0.3053434964757358,0,0,0.14801180994182758,0,0,0.10585463739825703,0,1,0.09102958472125389,0
1505,0,0.6314331248434163,1,0,0.16024861510162322,0,0,0.12157968316397734,0,0,0.198550954363411,0,0,0.848841557186327,1,0,0.30817642537157564,1
1506,1,0.8475556181601406,1,1,0.5943775674795774,1,0,0.0985555702916152,0,0,0.3476183633661263,1,1,0.3300311932716254,1,0,0.11221966238730206,0
1507,1,0.4885848757619334,1,1,0.6584776154019475,1,1,0.11746340594619299,0,0,0.1590248790351161,0,0,0.02145267304377972,0,0,0.07257823224416642,0
1508,0,0.5774387635578165,1,0,0.07445938137222873,0,0,0.20407824537037403,0,1,0.17677028249574867,0,0,0.05835886934609142,0,0,0.18148992579981624,0
1509,0,0.5883984494817708,1,0,0.17136364712806407,0,0,0.2548749458480329,0,0,0.18328571063324017,0,0,0.007890330433385022,0,0,0.12538171389339134,0
1510,1,0.5753559431640604,1,1,0.38956537452347373,1,0,0.09804975874254941,0,1,0.2725069495594668,1,0,0.061804172398542356,0,0,0.19104433689444575,0
1511,1,0.8475990790574692,1,1,0.6024598558755274,1,1,0.5984920417191492,1,0,0.12934054283584837,0,0,0.09425833379109881,0,0,0.1548503385830182,0
1512,1,0.885424133148052,1,0,0.15599974008355477,0,1,0.9872453040436895,1,0,0.1793675990285808,0,0,0.02783020656116429,0,0,0.07555258921623964,0
1513,0,0.26827253124149836,0,0,0.1188890352765964,0,0,0.1393639321617244,0,1,0.191366838916828,0,0,0.011027238352906941,0,0,0.08853787044391516,0
1514,0,0.5493327480006176,1,0,0.10261789945336931,0,0,0.09990071352045084,0,0,0.14249794263719343,0,0,0.023318106370557312,0,0,0.07217983170140153,0
1515,1,0.6205514912547884,1,0,0.13882594246302615,0,0,0.019497329364095192,0,0,0.4039369803805257,1,0,0.04893681171337775,0,0,0.05218331199897729,0
1516,1,0.5685171503840452,1,0,0.13681104089704535,0,0,0.15492441894933207,0,0,0.12466629196336025,0,0,0.00935257795175541,0,0,0.1692803706002636,0
1517,1,0.6473865947698415,1,0,0.1911293844321956,0,0,0.1282311164254509,0,0,0.5311323037821977,1,0,0.3628202141702908,1,1,0.21557065947981702,0
1518,1,0.8330061943564182,1,1,0.39006990649691714,1,1,0.9359268643056596,1,0,0.11710962651279254,0,0,0.13868213682149877,0,1,0.12238322554016179,0
1519,0,0.7845841800691575,1,0,0.4279911561691517,1,0,0.12055953461038034,0,0,0.5277355488835184,1,0,0.050834793470887436,0,0,0.18489064353905002,0
1520,0,0.4353008916034063,1,1,0.10066035236738285,0,0,0.017631442612766283,0,0,0.24929561598309324,1,0,0.023727763345315244,0,0,0.05606061296519088,0
1521,0,0.21168409189511952,0,0,0.428081855437616,1,0,0.016493340028652662,0,0,0.1457586993328787,0,0,0.011235420184139122,0,1,0.11521213405732034,0
1522,1,0.9564266805939061,1,1,0.9601387761991357,1,0,0.7087688630742405,1,0,0.12004866048259843,0,0,0.02354871571209946,0,1,0.1301045883774501,0
1523,1,0.44652733927037946,1,0,0.5188558493958316,1,1,0.25125091379554926,0,0,0.1438588052746746,0,0,0.018586197748328617,0,0,0.18847307630426968,0
1524,1,0.2533676278135322,0,1,0.057984501515538155,0,0,0.012536829946344252,0,0,0.0732181907811693,0,0,0.013076267121549051,0,1,0.8120936573147673,1
1525,1,0.8280719994215091,1,0,0.43043962515741346,1,1,0.9067768528146646,1,0,0.22180965586582124,1,0,0.05257489991271593,0,0,0.11992808068946531,0
1526,1,0.2637279183647891,0,0,0.03871657235636106,0,0,0.011432328420431478,0,1,0.6381458875211474,1,0,0.33426767684038383,1,0,0.11063510542625794,0
1527,0,0.5938770819348697,1,0,0.10881579793101188,0,0,0.17830208872892359,0,0,0.1647986817017876,0,0,0.06433101421475351,0,1,0.6125798593519857,1
1528,1,0.7473723392430536,1,1,0.8151266181779174,1,0,0.278922051068975,0,0,0.2569652763902695,1,0,0.03271286247048045,0,0,0.22461142809139023,1
1529,1,0.8913594597982913,1,1,0.9396523492751833,1,0,0.24232070725174382,0,0,0.22174257004892514,1,0,0.18413208496068503,0,0,0.0659852970582424,0
1530,1,0.5313124333793128,1,1,0.33371318017867885,0,0,0.3091193262144628,0,1,0.1267791065880945,0,0,0.007855138846962319,0,1,0.5492405077813136,1
1531,1,0.6993578043331805,1,1,0.3888764738333595,1,0,0.35523907248961745,1,0,0.14893867069660516,0,0,0.06468570149532006,0,0,0.13844656626980667,0
1532,0,0.609730544482722,1,0,0.1894787114523034,0,0,0.6372242100205525,1,0,0.17732214097924967,0,0,0.07680531567171979,0,0,0.30158999579155055,1
1533,1,0.7868562541924962,1,0,0.10499356339866943,0,0,0.04606600823486012,0,0,0.16025696281968455,0,0,0.07558191577167811,0,0,0.6064897441444623,1
1534,1,0.48707899016664596,1,0,0.25423481179749785,0,0,0.42246898976552333,1,0,0.27261267466954503,1,0,0.03797431643906838,0,1,0.1985262308036607,0
1535,0,0.3936611021632144,0,0,0.058598938324640394,0,0,0.3387164786419305,1,0,0.0949321592455901,0,0,0.021942531846788637,0,0,0.1345059265980286,0
1536,0,0.21576789878780064,0,0,0.5380224162005991,1,0,0.026889240955442827,0,0,0.14418322095245042,0,0,0.01192601768146731,0,0,0.044253490711426945,0
1537,1,0.6077750441713011,1,1,0.40172728293036347,1,0,0.08341845202929699,0,1,0.35350123096772484,1,0,0.018004780303334356,0,0,0.32686791243395175,1
1538,1,0.7546828335298876,1,1,0.8643710893920536,1,0,0.10540905612412306,0,0,0.32249326180137783,1,0,0.019086487733461204,0,0,0.1111376521858825,0
1539,1,0.6192976854685811,1,1,0.3138965901749272,0,0,0.08547496376557083,0,0,0.1206065811379244,0,0,0.05744244618246395,0,0,0.14126707514156223,0
1540,1,0.6967052097715416,1,0,0.08945954955435487,0,1,0.298155907472438,0,0,0.10246313024006326,0,0,0.028757973090956266,0,0,0.26634660974811686,1
1541,0,0.5356707441198639,1,0,0.2501599887469656,0,0,0.101182424729507,0,0,0.11634072456683318,0,0,0.008749849865750987,0,0,0.4350796957967329,1
1542,0,0.362470444668115,0,0,0.8132220674451006,1,0,0.01796435811229996,0,0,0.09883716082219496,0,0,0.011477955840982936,0,0,0.05668145254947957,0
1543,0,0.34656833217015515,0,0,0.09949301227621164,0,0,0.08283245139644815,0,0,0.2854156979976558,1,0,0.033611096143181564,0,0,0.07585412216432712,0
1544,0,0.6712714909476265,1,0,0.808281934975553,1,0,0.36945807446345075,1,0,0.21268656919196038,0,0,0.03792772078925634,0,0,0.06514230899116978,0
1545,0,0.4984552712209777,1,1,0.36352872306021866,1,0,0.1424216439374085,0,1,0.2522332922961651,1,0,0.07132465136458728,0,0,0.03432902697441168,0
1546,0,0.6094008510451213,1,0,0.1264706078219995,0,0,0.9046983307825185,1,0,0.23576184346313608,1,0,0.05992295369567099,0,0,0.2525817905037475,1
1547,0,0.5576252190934728,1,0,0.48215648342738066,1,0,0.06776150939337677,0,0,0.2911733456839704,1,0,0.029070025722196413,0,0,0.1822391352033114,0
1548,0,0.3570499188951342,0,0,0.1880759602937109,0,0,0.04899338062032505,0,0,0.08019221359572491,0,0,0.022293516039383118,0,0,0.11766473872422277,0
1549,1,0.8387576131711961,1,1,0.5044744395718616,1,0,0.02557345550431618,0,0,0.1984397949227875,0,0,0.45461277602926886,1,0,0.14536830767021336,0
1550,1,0.6545020938717758,1,1,0.41974956616397957,1,1,0.5446806216283214,1,1,0.26335776340378403,1,0,0.01834651962710872,0,0,0.15057399415405337,0
1551,0,0.3546679739734298,0,0,0.38467186489866984,1,0,0.05502722180166645,0,0,0.2721417482957876,1,0,0.19808897256173194,0,0,0.112140606421905,0
1552,1,0.6729673332590095,1,0,0.06823465167027816,0,0,0.038276666570628094,0,1,0.33370974253591107,1,0,0.020798431822378928,0,0,0.0637718794589444,0
1553,0,0.5345712994560777,1,0,0.25100798318422624,0,0,0.3926864179419378,1,1,0.08903085764670332,0,0,0.017357463866064158,0,0,0.2378983235502853,1
1554,0,0.22402280529633348,0,0,0.24327227397152992,0,0,0.02344352332183225,0,0,0.1260325570947383,0,0,0.041336314354750055,0,0,0.0657042296794675,0
1555,0,0.6815248956869563,1,0,0.2463045378250878,0,0,0.10624928800076795,0,0,0.11707031742791411,0,0,0.007258828677938913,0,1,0.31666111708532035,1
1556,0,0.4880829252912724,1,0,0.3750246370479183,1,0,0.6661954398713037,1,0,0.1271740484380031,0,0,0.043739378022274754,0,0,0.058277929304102326,0
1557,0,0.15988061966214437,0,0,0.21184042889987084,0,0,0.07908952845201674,0,0,0.044972310066031695,0,0,0.020793120977179537,0,0,0.0584114328180696,0
1558,0,0.6603492799174596,1,1,0.7442204678007022,1,0,0.03548179879471195,0,0,0.2532322908739087,1,0,0.12604072291932328,0,0,0.26244204057831694,1
1559,1,0.33985924300678994,0,1,0.45497497097648215,1,1,0.38737627531906954,1,0,0.19290872185412553,0,0,0.030635151302727853,0,0,0.16602453154661315,0
1560,1,0.444883144227786,1,0,0.15403976752195345,0,0,0.06891206697121381,0,0,0.296125799103881,1,0,0.018818301495448025,0,0,0.18424194943895467,0
1561,1,0.7268278336111395,1,1,0.801168449429975,1,1,0.23624689479537855,0,0,0.19968961557898704,0,0,0.02774868343769835,0,0,0.0526164880339437,0
1562,0,0.47765718897581433,1,0,0.22718628231036045,0,0,0.04274435848046209,0,0,0.25742884423916607,1,0,0.023877695511347306,0,0,0.08435376062634688,0
1563,1,0.7109272908355107,1,0,0.1765777165244515,0,1,0.6219406482982749,1,0,0.18699975256471676,0,0,0.008514643426241331,0,0,0.13578340463893826,0
1564,1,0.8915539089446213,1,0,0.2433682772077471,0,0,0.19883229265392952,0,0,0.24338592012177165,1,1,0.9830699562577384,1,0,0.12562774993986206,0
1565,1,0.7367948827382517,1,1,0.9172437706642252,1,0,0.008711179289035201,0,0,0.1009463459384894,0,0,0.009743921561676347,0,0,0.166297160666686,0
1566,1,0.4191406046442734,0,1,0.16280578801996634,0,1,0.4754940359862238,1,0,0.12325999723780139,0,0,0.04133871424567763,0,0,0.10540222881911047,0
1567,1,0.5375329134062476,1,1,0.4535376767761607,1,0,0.11179132235569761,0,0,0.1389162201926811,0,0,0.013295616545943323,0,1,0.511323951368304,1
1568,1,0.4165167426822274,0,1,0.2051770221745753,0,1,0.6513828725146931,1,0,0.09877253590797258,0,0,0.048486079228686856,0,0,0.0799853218268315,0
1569,1,0.6347417926724547,1,1,0.2657589797035717,0,0,0.14635582604355443,0,0,0.19558522906277295,0,0,0.19402914811998914,0,0,0.4074497718812469,1
1570,1,0.23444854959694142,0,0,0.09303090826647108,0,0,0.0907909488258181,0,0,0.15042378972649137,0,0,0.02067885790064423,0,1,0.8187644637959663,1
1571,0,0.4276853233686806,0,1,0.15885542294492278,0,0,0.03763758609294767,0,0,0.10275311071651838,0,1,0.23969231440092598,0,0,0.05948557283667893,0
1572,1,0.7076174421223683,1,1,0.9383229947174292,1,0,0.016593224790067668,0,0,0.38528059179440866,1,0,0.05378858071395756,0,0,0.03143730131523215,0
1573,0,0.5607633049335846,1,0,0.16506316698167287,0,0,0.1564334291689493,0,0,0.3017757494490143,1,0,0.08329234429084446,0,0,0.19746990735432365,0
1574,0,0.35391366619084536,0,0,0.48871467708260025,1,0,0.0754131840915311,0,0,0.15737043097984024,0,0,0.07212449516070542,0,0,0.07190573964803952,0
1575,1,0.39184154042481784,0,1,0.20592257848017348,0,1,0.6515177897630492,1,1,0.21107327825442043,0,0,0.03582882219549111,0,0,0.06031212414937261,0
1576,0,0.7865200831113984,1,0,0.6210183460218718,1,0,0.05516727015620391,0,0,0.16372679640620033,0,0,0.06428878123137333,0,0,0.24352058210107183,1
1577,1,0.9287516053786821,1,1,0.9879248900990779,1,0,0.10549554633939946,0,0,0.18634939237229822,0,0,0.023388174972035766,0,0,0.1039569041244604,0
1578,0,0.7543198790647514,1,0,0.5563932431923234,1,0,0.9666644428663606,1,0,0.25490517131496665,1,0,0.030561671082829506,0,0,0.0955407671860411,0
1579,0,0.3654364911547518,0,0,0.22742523585662208,0,0,0.04114816953323138,0,0,0.1903283651810185,0,0,0.023421109428741566,0,0,0.06793528698802935,0
1580,1,0.7137967384628788,1,0,0.016693793283890607,0,0,0.0008032999119389705,0,1,0.3523146799121812,1,0,0.006829357121963839,0,0,0.05349471868150202,0
1581,0,0.44854138539230787,1,0,0.11980133513574752,0,0,0.09838089221251196,0,1,0.3364509452777272,1,1,0.7506591370360111,1,0,0.18720744522438904,0
1582,1,0.5260888990470967,1,1,0.2034964199998246,0,0,0.0864997165670216,0,0,0.2275198713709643,1,1,0.3751480437076598,1,0,0.09717440133121004,0
1583,1,0.43730471439603824,1,1,0.6780973257860278,1,0,0.26800641482737536,0,0,0.1973729894797391,0,0,0.07159726174070842,0,0,0.12489657887952114,0
1584,1,0.9671625628390889,1,1,0.9474405258481499,1,1,0.945596220653402,1,0,0.09182677171931107,0,0,0.010351998858347776,0,0,0.09073916163978489,0
1585,1,0.8417709648106082,1,1,0.7166769317492497,1,0,0.013815065424682133,0,1,0.3239770159578388,1,0,0.015259336480320086,0,1,0.2642110338191955,1
1586,1,0.7690883184280911,1,1,0.5406353919720338,1,1,0.8338185539489809,1,0,0.16717139861698738,0,0,0.03640086596049438,0,0,0.08935062938749254,0
1587,0,0.7867214950568223,1,0,0.31146050272113224,0,0,0.5435871563024247,1,0,0.1711233747922095,0,0,0.08069597198999989,0,0,0.2874003081991651,1
1588,1,0.7897526388269953,1,0,0.17980201795152287,0,1,0.8902781034917059,1,0,0.14452335988283163,0,0,0.018218252346455233,0,0,0.18433086842241994,0
1589,1,0.6024115223369079,1,0,0.5381738622891544,1,0,0.3111254951690239,0,0,0.16199429229872744,0,0,0.04286969939913471,0,1,0.15323081589607634,0
1590,1,0.9058282561113754,1,1,0.7761187535786379,1,0,0.21646575799016388,0,1,0.17307979379904168,0,0,0.19247672828172327,0,1,0.4293705772256969,1
1591,1,0.9240500570623381,1,1,0.9848223655539575,1,0,0.013821604310274948,0,0,0.11627303886187756,0,0,0.018595848681807015,0,0,0.023545574485339938,0
1592,1,0.9044704666158001,1,0,0.15658149985811876,0,1,0.9772436461883803,1,1,0.3727081994338275,1,0,0.08294123396777925,0,0,0.06957514136487934,0
1593,0,0.6226897137606319,1,0,0.2947242757200364,0,0,0.1289227604715535,0,0,0.14756870921299045,0,0,0.8502188003206711,1,0,0.12069786643582829,0
1594,0,0.7152772203430638,1,0,0.13384940006038026,0,0,0.05441252068285868,0,0,0.1842177785476167,0,0,0.030927002797332914,0,1,0.7737444212399215,1
1595,0,0.2891767476415676,0,1,0.3619568388522565,1,0,0.04773043622957366,0,0,0.21901672688202978,0,0,0.04093068302736157,0,0,0.03875652040261792,0
1596,0,0.7433328506199203,1,0,0.0607499073913585,0,0,0.08893064755614878,0,0,0.20166625538735827,0,0,0.043594889299961415,0,1,0.22865228602554657,1
1597,1,0.9215789527370374,1,0,0.10157665527191717,0,1,0.9928619840907461,1,0,0.13652647817962035,0,0,0.01745306246453321,0,0,0.061509623949210813,0
1598,0,0.1575511010061381,0,1,0.3240539639152768,0,0,0.12467916425737836,0,1,0.22929662920649818,1,0,0.04090705366847857,0,0,0.024195957809871434,0
1599,0,0.3536590532158483,0,0,0.1512848498979007,0,0,0.352447409505273,1,0,0.14157505659549544,0,0,0.021291435955075374,0,0,0.07276102808338913,0
1600,0,0.5345731755361592,1,0,0.2113077389939042,0,1,0.9098811389854221,1,0,0.21257915782068615,0,0,0.027626325291633728,0,0,0.12444722159710407,0
1601,1,0.8686285655184043,1,1,0.9760271151388039,1,1,0.7004760766400396,1,1,0.16179430702810738,0,0,0.00804956377791309,0,0,0.2510076457555978,1
1602,0,0.8279949904963299,1,0,0.8882156409013655,1,0,0.08652708523347459,0,0,0.16990374644449147,0,0,0.10882878196301347,0,0,0.17500640327464057,0
1603,1,0.6861794771349622,1,1,0.3768864713852656,1,1,0.7267483553825902,1,0,0.15268719067390313,0,0,0.053732723597585776,0,0,0.13373581496448408,0
1604,1,0.4833878541974102,1,1,0.26504282356694947,0,0,0.11460095013188308,0,0,0.1262429331866851,0,0,0.014117774770108107,0,0,0.38262138452769373,1
1605,1,0.6828643773235338,1,0,0.5327538933857675,1,1,0.7717539544779098,1,0,0.21677895678919448,0,0,0.06730487066370336,0,0,0.09862514190832707,0
1606,1,0.2180620499620467,0,0,0.05626097597067892,0,0,0.04592315901000493,0,1,0.19873580921159684,0,1,0.5176094970559161,1,0,0.20789007170194906,0
1607,0,0.48029051014033125,1,0,0.44750066383852477,1,0,0.30539183200529657,0,0,0.17290413597600837,0,0,0.019799708735153895,0,0,0.19788831989601938,0
1608,1,0.7783829209818,1,0,0.07459703886225122,0,1,0.8670640702573617,1,0,0.24691428110767855,1,0,0.1023781146072112,0,0,0.07940735548512626,0
1609,0,0.5984229623624118,1,0,0.18615050884391474,0,0,0.2626676562332114,0,0,0.33231643821608015,1,0,0.024531720366369515,0,0,0.15663903087273126,0
1610,1,0.8073715837232641,1,0,0.19717499265016422,0,0,0.5955543192123994,1,1,0.12758101629497917,0,0,0.6264184183406075,1,1,0.30275792257970036,1
1611,1,0.5294160022239048,1,0,0.18919075773309157,0,1,0.9413834770303243,1,0,0.12033922209560306,0,0,0.08987991872153679,0,0,0.14932299003336544,0
1612,0,0.7732748475011327,1,1,0.4118790646566927,1,1,0.788521292362819,1,0,0.20205346258004142,0,0,0.02824666592438638,0,0,0.15194182357597116,0
1613,1,0.486121520791448,1,0,0.09123930408156082,0,0,0.06714795240153414,0,1,0.1776152071568202,0,0,0.0791880988540341,0,1,0.14805296102713852,0
1614,1,0.8084424854163671,1,0,0.2920955137888148,0,1,0.849786986636292,1,0,0.20263297397984337,0,0,0.12344436252794909,0,1,0.1806612261795171,0
1615,0,0.35797573703796554,0,0,0.08903043934008224,0,0,0.15941636608605733,0,0,0.1427748928324064,0,0,0.08417673909096879,0,0,0.062397805526781897,0
1616,1,0.5332938477412145,1,0,0.14245075621037315,0,1,0.881138102931204,1,0,0.21799217763689027,0,0,0.015000745500572425,0,0,0.11164403354498405,0
1617,1,0.6608567474238769,1,0,0.15699155398635425,0,0,0.13603996387492115,0,0,0.24854322848493401,1,0,0.07792583884882155,0,0,0.2278484744813246,1
1618,0,0.6376961826743887,1,0,0.36843473777791597,1,0,0.5573015185367369,1,0,0.11833171778994918,0,0,0.05202605572211431,0,0,0.09792456395605793,0
1619,1,0.34463894849264287,0,0,0.15490067339094937,0,1,0.9186632347015102,1,0,0.17747804553637755,0,0,0.037202986484383534,0,0,0.10618308891975135,0
1620,0,0.6307009826061915,1,0,0.15053208735373966,0,0,0.16678792254377453,0,0,0.19877610265079546,0,1,0.4753469582366978,1,0,0.1742782468213611,0
1621,0,0.22106176064901947,0,1,0.1862603541204023,0,0,0.015501771401569662,0,1,0.19877031935831835,0,0,0.04510147840218065,0,0,0.051244849804553606,0
1622,1,0.8181448805772878,1,0,0.16159709684595266,0,0,0.03828919673710087,0,0,0.15366713856997238,0,1,0.9495785609066859,1,1,0.1755780403582433,0
1623,0,0.6925391097048994,1,1,0.6710017258087603,1,1,0.5737133338114114,1,0,0.12726503419208543,0,0,0.07488303798934727,0,0,0.1658838341800679,0
1624,1,0.3824554349451185,0,0,0.14508527926400014,0,0,0.0651129607133384,0,1,0.48305702693930225,1,0,0.06993831966617929,0,0,0.10603633558803598,0
1625,0,0.6278542453388397,1,0,0.14223690228557623,0,0,0.20772099265953345,0,0,0.09981397254639575,0,0,0.04683023917111898,0,0,0.35142698510113446,1
1626,0,0.713861355715621,1,0,0.5957189792917909,1,0,0.6047946772874376,1,0,0.1190697841098225,0,0,0.051305128038749225,0,0,0.05277904503812148,0
1627,0,0.5236678653138054,1,0,0.5262369581181916,1,0,0.13614584258308593,0,0,0.25588213998745024,1,0,0.01704188459055034,0,0,0.1881348237824135,0
1628,0,0.7705969563232683,1,0,0.4874729194925192,1,0,0.650044658928587,1,0,0.22474332171097058,1,0,0.00897836702843873,0,0,0.3803926654185859,1
1629,1,0.22063589051685537,0,0,0.12198182033248273,0,0,0.016894897857354933,0,0,0.11191647359598156,0,0,0.8893467120070047,1,0,0.026381566951977745,0
1630,1,0.5231660582954466,1,0,0.1691366203290904,0,1,0.559350718739226,1,0,0.14701696521674698,0,0,0.09785312815283155,0,1,0.5215750381545311,1
1631,0,0.39757847543283703,0,0,0.309347090349175,0,1,0.883679090049237,1,0,0.25007972555663566,1,0,0.042120780731842,0,0,0.045820588607186165,0
1632,0,0.6367454649838092,1,0,0.5991739800116723,1,0,0.3111624736167458,0,0,0.08569732703342448,0,0,0.018726987644079686,0,0,0.12762850756846825,0
1633,0,0.3671398874060106,0,0,0.325681147436192,0,0,0.061650835131361985,0,0,0.1431159870527542,0,1,0.14629160961707127,0,0,0.06196637475829197,0
1634,1,0.5027948089717729,1,0,0.21306352460022437,0,0,0.034158767833237416,0,1,0.4456864124920276,1,0,0.02050963470280492,0,0,0.2846531293847344,1
1635,0,0.3967117586974334,0,0,0.16276202626252637,0,0,0.0880811352606778,0,0,0.26065177739898987,1,0,0.40255748330134883,1,0,0.10827565818601631,0
1636,1,0.6995759628478521,1,1,0.06562175788233211,0,1,0.9430373447227519,1,1,0.06566309196035651,0,0,0.019622841543964348,0,0,0.19251060498030512,0
1637,1,0.6408580198817705,1,0,0.08400461689500599,0,0,0.6036133024183877,1,1,0.12533419101648077,0,0,0.03741581609883648,0,0,0.4084984856289684,1
1638,1,0.5577811662966583,1,0,0.1774946383206066,0,1,0.3221423980059394,1,0,0.12722933058826155,0,0,0.041041655268075274,0,0,0.16281079668063592,0
1639,0,0.21272533747331215,0,0,0.49859936024546236,1,0,0.035647589576742626,0,0,0.1313902701270366,0,0,0.027331340833053996,0,0,0.032922298179486616,0
1640,1,0.8477660246670146,1,0,0.060061759596161966,0,0,0.07189424306466634,0,0,0.17776610894633618,0,1,0.9918500582119262,1,0,0.052739802491817867,0
1641,0,0.7649937747685174,1,0,0.0934436265152851,0,0,0.02144639432785891,0,0,0.5032748650652535,1,0,0.019303866444371483,0,0,0.12323808880237976,0
1642,0,0.32496956209742806,0,0,0.039551031563903515,0,0,0.10043100323992375,0,0,0.12585612089629847,0,0,0.02063878669550706,0,0,0.03821290372436005,0
1643,1,0.6862212580302923,1,0,0.23694037209547814,0,0,0.2867110869485125,0,0,0.28418552294087757,1,0,0.02890672911821755,0,1,0.5329649489124028,1
1644,1,0.8870792140137259,1,0,0.35802373695730755,1,1,0.9987502157681568,1,0,0.1371270709205081,0,0,0.021340933080396692,0,0,0.09091157743834477,0
1645,1,0.6950717511534853,1,0,0.19705439485958434,0,1,0.9234115175132743,1,0,0.13518545121018719,0,0,0.1978638302189247,0,0,0.03683586703271185,0
1646,1,0.7644145159564885,1,0,0.05706690629091821,0,0,0.025299997862281917,0,0,0.5485739305708754,1,1,0.1827872849479215,0,0,0.15294067847681864,0
1647,1,0.7197131776333491,1,0,0.22257841815559543,0,0,0.006002733447675664,0,0,0.1750066749717715,0,0,0.030388962551683867,0,0,0.4138749252487232,1
1648,0,0.1039207275538268,0,0,0.19126763951480652,0,0,0.042558006083283445,0,0,0.12661001620403053,0,0,0.28290261889789947,1,0,0.06220552221773711,0
1649,1,0.434961076202144,1,1,0.5873990776259638,1,0,0.16688844856354149,0,1,0.28503677866333527,1,0,0.05441422311118219,0,0,0.15918684389790863,0
1650,0,0.49836452749959426,1,0,0.3286439295999803,0,0,0.08770693783111105,0,0,0.06011386981124222,0,0,0.04395049853258424,0,0,0.1382233940874964,0
1651,0,0.7166739155183938,1,0,0.16233494693960482,0,1,0.9066405716868756,1,0,0.13993119114342578,0,0,0.06156935043029496,0,0,0.127450264460499,0
1652,1,0.3712364341559395,0,1,0.14592414966885817,0,0,0.01659120848805043,0,0,0.13170332176816169,0,1,0.6601867304805048,1,0,0.12102755704905299,0
1653,0,0.515915164704606,1,0,0.3778414256527591,1,0,0.18621809800983882,0,0,0.10431021771748628,0,0,0.05704671770892506,0,0,0.14093518915197237,0
1654,1,0.939996268295736,1,1,0.9311817494922846,1,0,0.21519794851041438,0,0,0.17958527113142322,0,0,0.05757203072787765,0,0,0.12531117073168288,0
1655,1,0.2753194075617053,0,1,0.40837684674427055,1,0,0.037548716175658914,0,0,0.11727447303528227,0,0,0.009031403797518057,0,0,0.09674762317788226,0
1656,1,0.8133945450374055,1,1,0.9358925820237188,1,1,0.28495363448157185,0,0,0.10216734025499308,0,0,0.026802281515688503,0,0,0.0480231032915061,0
1657,1,0.5450863121885098,1,0,0.27856424086435133,0,0,0.05975555962245535,0,0,0.1492527190399938,0,0,0.011272790914486353,0,1,0.37733888663289045,1
1658,0,0.6737590749027036,1,0,0.07885457133320826,0,0,0.7691706095565923,1,0,0.1364879479245362,0,0,0.03065540983803272,0,0,0.4499307751207353,1
1659,0,0.2841159429691998,0,0,0.7128492085484702,1,0,0.021864802706001028,0,0,0.11403089744309092,0,0,0.04849057400107707,0,0,0.10041532280259445,0
1660,1,0.4264329178099085,0,1,0.41354693947931187,1,1,0.6043777160657887,1,0,0.1394991426084702,0,0,0.013423215667889593,0,0,0.13386679243362623,0
1661,1,0.760699834666553,1,0,0.03750194323084876,0,0,0.01940629284520107,0,0,0.19691023130410276,0,0,0.07093664242652038,0,1,0.7798786315796967,1
1662,1,0.7726983412775938,1,0,0.132293936318336,0,1,0.9193477201130699,1,0,0.16795883058192418,0,0,0.042060965085693215,0,0,0.13653093217726556,0
1663,0,0.24507592526102942,0,0,0.1625325768488759,0,0,0.043070134393560645,0,0,0.19624925851966327,0,0,0.11690198018635045,0,0,0.069812788422218,0
1664,0,0.5307515217455695,1,0,0.0676280143130873,0,0,0.06703262264358668,0,0,0.22855010323865446,1,0,0.026053820871435932,0,0,0.37199882395465655,1
1665,1,0.7589876775894355,1,1,0.7985259158403876,1,1,0.16208274361939254,0,0,0.22908677679392145,1,0,0.014079473203209042,0,0,0.13916110048290622,0
1666,0,0.47887580005411046,1,0,0.1338197463861776,0,0,0.04966907424255489,0,0,0.11282853020613585,0,1,0.7566166121549882,1,0,0.05984717237481447,0
1667,0,0.4283895840966723,0,0,0.05665275961939778,0,0,0.10077237095539959,0,1,0.17222480377030705,0,0,0.05669207789785583,0,1,0.17709985065702524,0
1668,0,0.4693450724610664,1,0,0.21841741305953413,0,0,0.5146953610020432,1,0,0.23065119193486602,1,0,0.058989180460657736,0,0,0.13243146484977333,0
1669,0,0.45314074027536605,1,0,0.23140624518335262,0,0,0.15070442987490149,0,0,0.1277180324307661,0,0,0.04435172629620592,0,0,0.13505881438261683,0
1670,0,0.36086563151560097,0,0,0.20885824578626686,0,0,0.08589414921025851,0,0,0.08407929859620154,0,0,0.010468111720097937,0,0,0.162153017573333,0
1671,1,0.5622307015534308,1,1,0.39412260330668397,1,0,0.7886644566794851,1,0,0.16785882732753507,0,0,0.011891323910218196,0,1,0.17412049380587882,0
1672,1,0.5216821044575267,1,0,0.10574310355493076,0,0,0.5104888727749843,1,1,0.10556138030596501,0,1,0.6174427148974357,1,0,0.10781285253914548,0
1673,1,0.903821751345542,1,1,0.9541925602143007,1,0,0.06343233534893121,0,0,0.12747705953820415,0,0,0.13104933687451922,0,0,0.41045765965774,1
1674,1,0.39784587476961913,0,0,0.06259527623409263,0,0,0.04905330565788182,0,0,0.1453298171509796,0,0,0.03861466024169763,0,0,0.10572480268864483,0
1675,1,0.5775419963457286,1,1,0.7241495701538417,1,0,0.08511115489732712,0,0,0.25424312693367723,1,0,0.040929337138512246,0,0,0.09393185816841719,0
1676,1,0.4644923726292882,1,1,0.41681868595531646,1,0,0.03198233703890549,0,1,0.37142070861063653,1,0,0.03883185282204497,0,0,0.09084017644121928,0
1677,1,0.6337826046103562,1,1,0.6760294143567259,1,1,0.5285646668082834,1,0,0.23077904403219715,1,0,0.017134744558045062,0,0,0.27573153075829526,1
1678,0,0.4656521542387883,1,0,0.041565719659862575,0,0,0.018384140345406672,0,0,0.08928811644082907,0,0,0.007203552874921581,0,0,0.049396639300539315,0
1679,0,0.6373536012162433,1,0,0.1478195957433421,0,0,0.9497521711137736,1,0,0.23283872365781366,1,0,0.015241701856443537,0,0,0.1280725999996559,0
1680,1,0.9324589950580551,1,0,0.10344904193949306,0,0,0.0487736166213345,0,0,0.3231141185636085,1,1,0.9981078886610112,1,0,0.04125503609377989,0
1681,1,0.656154372332122,1,0,0.17773388318659242,0,0,0.2205415957928071,0,0,0.1838055844473616,0,0,0.1551465294928651,0,0,0.29088194634876313,1
1682,1,0.5835195128476848,1,1,0.5351037501742945,1,0,0.4689431779335685,1,0,0.15763928632462926,0,0,0.0985070829121039,0,0,0.2215577334058525,1
1683,1,0.8727334893050108,1,0,0.3171913332607563,0,1,0.8010778123341892,1,0,0.12652314849249752,0,0,0.10705059968745771,0,0,0.1053583263102799,0
1684,0,0.6116154709591166,1,0,0.0884231040510818,0,0,0.15070811940219886,0,0,0.12226339038613905,0,0,0.7142954688281105,1,0,0.07877509391173022,0
1685,0,0.5377372010379974,1,0,0.2013166425739298,0,0,0.06666181399573534,0,0,0.08150902778404495,0,0,0.033200215435181556,0,0,0.2848749379904449,1
1686,0,0.27046455039017653,0,1,0.4014837847825645,1,1,0.016854604776017794,0,0,0.15326600508411006,0,0,0.041023721157145566,0,1,0.2619137683933928,1
1687,0,0.6518685090356685,1,0,0.19224430421565256,0,0,0.13489972392893632,0,0,0.22753630002975955,1,0,0.09326073589766355,0,0,0.09067471112381544,0
1688,1,0.974244874634687,1,0,0.17079962100357662,0,1,0.9999512487953375,1,0,0.32639158225024306,1,0,0.01626617483599509,0,0,0.05323232661367814,0
1689,1,0.8538591016218575,1,0,0.4184782706650201,1,0,0.020691960545937783,0,0,0.5617636638560887,1,0,0.25155358400527505,0,1,0.2850686046025069,1
1690,1,0.5050287760652806,1,1,0.2583284073902291,0,0,0.07323854219531895,0,0,0.1913890464661617,0,0,0.014186160014850367,0,0,0.10584241269365278,0
1691,1,0.7566790184016404,1,1,0.48389934467390416,1,0,0.4871720117621218,1,0,0.21168683071966207,0,0,0.055137775867461804,0,0,0.155915259867347,0
1692,1,0.7672494046638177,1,1,0.32629217808154126,0,1,0.7716554885905786,1,0,0.1763218771596549,0,0,0.02042590579739961,0,0,0.12327111756405155,0
1693,1,0.38881200911878305,0,0,0.6481053340055131,1,0,0.06340596744506828,0,1,0.26296924079543726,1,0,0.023391495065447843,0,0,0.06878346643915657,0
1694,1,0.6189465251201568,1,0,0.11745140526854714,0,0,0.06793201884857021,0,1,0.31623504574345623,1,0,0.009515314672226683,0,0,0.02981121948683339,0
1695,0,0.6601595559271084,1,0,0.11294110851452421,0,0,0.06775160148258025,0,0,0.6837852714051973,1,0,0.14945751724473424,0,0,0.24756624194846896,1
1696,0,0.520583121892458,1,0,0.10466394535654334,0,0,0.007962580148821063,0,0,0.11786506719492629,0,0,0.031209579950740012,0,0,0.07158478495904771,0
1697,0,0.5251547793624678,1,0,0.1347595188731865,0,0,0.1318575220182547,0,0,0.15428860135850894,0,0,0.23569223096930345,0,0,0.21718317635609016,0
1698,1,0.35246943080969984,0,0,0.03719072205672658,0,0,0.013291361080919203,0,1,0.15145684644927368,0,0,0.308158855248505,1,0,0.05880417028872093,0
1699,1,0.43093093067457233,1,1,0.45984436913863364,1,1,0.12247844003292258,0,0,0.12780833164148117,0,0,0.015012305499736658,0,1,0.08855109800608392,0
1700,0,0.6625633639163168,1,0,0.35012624083514715,1,0,0.19165453828661363,0,0,0.07636440424399636,0,0,0.053183458344111034,0,0,0.20159271864891073,0
1701,1,0.34155135594891656,0,0,0.20283848007518043,0,0,0.008132675014495957,0,0,0.1491516751988497,0,0,0.04180200588582452,0,0,0.06124525453484345,0
1702,1,0.46770164270153963,1,0,0.1272834142543434,0,1,0.4453985486323721,1,1,0.19877261693191817,0,0,0.09020317047856063,0,0,0.06432492980652602,0
1703,1,0.40253424283242173,0,0,0.14287775561857186,0,1,0.02094221940813228,0,0,0.14712956437365252,0,0,0.07033610643698962,0,1,0.2219811349162597,1
1704,1,0.6211306484189342,1,1,0.6256475457768277,1,0,0.10283257881729141,0,0,0.15759944848968166,0,0,0.025323100820550584,0,0,0.16795466970437012,0
1705,1,0.45834756664279025,1,1,0.31911469901662887,0,0,0.02539006372615694,0,0,0.09941154056689555,0,0,0.03215881309485553,0,0,0.06209296242749814,0
1706,1,0.5908930078631657,1,0,0.15271087658752616,0,1,0.4133447359183345,1,0,0.19364940433613256,0,0,0.07833897800872426,0,0,0.2060350437934865,0
1707,1,0.6966617002330001,1,1,0.3167417739807162,0,1,0.7418540160977153,1,0,0.19243235087666907,0,0,0.02995348482153089,0,1,0.09487506930542412,0
1708,1,0.6260867731533176,1,0,0.08076059871484839,0,0,0.08868365371208675,0,0,0.2671505387798521,1,1,0.9462082107653415,1,0,0.10165277033745279,0
1709,1,0.6284833107140103,1,0,0.09364397462993601,0,0,0.03244012710566486,0,1,0.34739413677689623,1,0,0.018766458862718646,0,0,0.09865309716384367,0
1710,1,0.37190468280550154,0,0,0.4810978818864937,1,0,0.024779760438344896,0,0,0.11961961069607613,0,0,0.05930234869697914,0,1,0.06545869170720507,0
1711,1,0.7055865530837471,1,0,0.4272117401497624,1,1,0.3669792080027657,1,0,0.11084928159321757,0,0,0.09779127745202702,0,0,0.17281971302366075,0
1712,0,0.5890033144977106,1,0,0.2916096004406834,0,0,0.09752944222176575,0,1,0.6814368673499627,1,0,0.06081091130255064,0,1,0.16873695627757787,0
1713,0,0.4292547873695381,0,1,0.9642095627332473,1,0,0.07400858795957274,0,0,0.144232024774976,0,0,0.014170708641207471,0,0,0.057816422644297115,0
1714,1,0.6397899309950114,1,1,0.2872943567923802,0,1,0.4435413196260702,1,0,0.2182706546166414,0,0,0.037412591825762606,0,1,0.2224506562250045,1
1715,0,0.5059479489037123,1,1,0.7957881594542395,1,0,0.0676004498808457,0,0,0.18407337442207575,0,0,0.027139953762864284,0,0,0.08081376610315875,0
1716,0,0.5925653921424989,1,0,0.06679175345654682,0,0,0.15483686908454797,0,0,0.08137399986131715,0,1,0.32467882510796037,1,0,0.09280869286751287,0
1717,0,0.228422908471324,0,0,0.23167393975692432,0,0,0.10390857660469553,0,0,0.1838843361895787,0,0,0.03035548629525761,0,0,0.06531733684062975,0
1718,1,0.6682633741322647,1,0,0.43423317463778766,1,0,0.3526484355183362,1,0,0.0844734535462351,0,0,0.029523030727326205,0,0,0.2161276040459764,0
1719,0,0.5231122691652094,1,0,0.4724140155815227,1,0,0.016218892710874667,0,0,0.5584995070386868,1,0,0.019233751682622164,0,0,0.04630893231503901,0
1720,0,0.24334302599118077,0,0,0.40457128602600095,1,0,0.14146324283056522,0,0,0.11429970010181685,0,0,0.02148389322090824,0,0,0.0645120525580422,0
1721,1,0.619619559849507,1,1,0.2969660408015335,0,0,0.12512017317817123,0,0,0.16924892295039928,0,0,0.029054648420245716,0,0,0.1473183693029804,0
1722,1,0.5701897081629469,1,1,0.21991717630838292,0,1,0.5369767442192375,1,0,0.1402322992858028,0,0,0.028425390192156525,0,0,0.1294762097796842,0
1723,1,0.7452001415362041,1,0,0.2588115011515964,0,0,0.0950641860125699,0,1,0.572441998575012,1,0,0.02485939171066888,0,0,0.11272025333642051,0
1724,1,0.5296452756188527,1,0,0.10064260432840287,0,0,0.04465321385396404,0,1,0.23913367724137777,1,0,0.09846464698873732,0,0,0.0918923226691196,0
1725,0,0.6208497129531956,1,0,0.06434112319288475,0,0,0.0936581665618625,0,0,0.6464299828733053,1,0,0.11627477775261363,0,0,0.047116843866980375,0
1726,1,0.6322390677201143,1,1,0.48056889579795103,1,1,0.7087031662750314,1,0,0.0937984818168497,0,0,0.02442403374843521,0,0,0.15066792876277665,0
1727,0,0.4191059342066894,0,0,0.2868307022424247,0,0,0.040456035056390505,0,0,0.06736400224913233,0,0,0.7892008738718399,1,0,0.19337440121164884,0
1728,1,0.3792676841336082,0,0,0.1568629519882879,0,1,0.22976723308573568,0,0,0.11905037556463105,0,0,0.037825630599548396,0,0,0.12475347870192989,0
1729,1,0.9362763420442123,1,1,0.983974649498559,1,0,0.05521502118441803,0,0,0.17518563952594776,0,0,0.1611194673985058,0,0,0.22334805114724088,1
1730,1,0.6521227970568929,1,1,0.888796713055838,1,0,0.026933613804381182,0,0,0.1800014870798804,0,0,0.01627766355666841,0,0,0.04635552803139442,0
1731,1,0.7938360249453588,1,1,0.487459063683192,1,0,0.17129614014324182,0,0,0.17548643159890806,0,0,0.17908258889839224,0,1,0.16950380563859255,0
1732,1,0.6666392449453086,1,1,0.5936065036108156,1,0,0.048965437100945836,0,0,0.2679888745808123,1,0,0.2896687980631327,1,0,0.053718083453977515,0
1733,0,0.4234191536995826,0,0,0.13440534820775632,0,0,0.07892808734752345,0,0,0.18624039798145972,0,0,0.06913883535789811,0,0,0.10680750369554409,0
1734,1,0.5752511179479329,1,0,0.351520754723075,1,1,0.8855945504060054,1,0,0.209197139370198,0,0,0.031147106647307854,0,0,0.11154351971199955,0
1735,1,0.7990676964252348,1,0,0.5498586710116101,1,1,0.25132643379409453,0,0,0.2792865745522611,1,0,0.031117402912176406,0,0,0.25519485185991864,1
1736,1,0.7696487624551486,1,0,0.13071957363705677,0,0,0.06721670441967718,0,0,0.2798654994407542,1,1,0.7111779099935678,1,0,0.14371967952389816,0
1737,1,0.32606889080009543,0,0,0.21043758955950817,0,0,0.23773918564850657,0,1,0.2420582411984571,1,0,0.08568688671853585,0,0,0.03099660938749089,0
1738,0,0.4434068473304798,1,0,0.15418832165232435,0,0,0.18170708143226358,0,0,0.32340464080375114,1,0,0.03845006837434587,0,0,0.1286228706648721,0
1739,1,0.4924977892552926,1,1,0.22785059396801421,0,0,0.12254499205064422,0,1,0.2785214303178722,1,0,0.026874293811817093,0,0,0.08168756630970128,0
1740,1,0.7412297412250263,1,0,0.29092185772505824,0,0,0.10362147154426349,0,0,0.20932245350094095,0,0,0.03767454964677575,0,1,0.23962356570426027,1
1741,1,0.5580337404228496,1,1,0.8477975099493621,1,0,0.003826609433470421,0,0,0.1455832389336286,0,0,0.006172859430827966,0,0,0.5291229982554766,1
1742,1,0.5694729462079079,1,0,0.18711922052179278,0,1,0.9231382676472397,1,0,0.09615627581235608,0,0,0.029949253513186027,0,0,0.10060162095066388,0
1743,0,0.47345857647360656,1,0,0.4076933266798198,1,0,0.11308413375020676,0,0,0.15017926797211326,0,0,0.02320424764893103,0,0,0.0389466468215888,0
1744,0,0.3815509230408061,0,1,0.4496253452648824,1,0,0.05784940906904478,0,1,0.13919815097627855,0,0,0.026720756881853092,0,0,0.037539237563106606,0
1745,1,0.45263060235980596,1,1,0.5933436590156009,1,0,0.10120095275146752,0,1,0.4136911711953104,1,0,0.022690323833763088,0,0,0.14311541957844778,0
1746,1,0.5373178214734707,1,0,0.09305737922033351,0,0,0.07559430424359177,0,0,0.15126504250952968,0,0,0.056922022518609616,0,1,0.5390729147173646,1
1747,1,0.5462268373581983,1,1,0.07248199151983531,0,1,0.46605805986527565,1,1,0.08797379528055686,0,0,0.017933271237454557,0,0,0.0722968247344485,0
1748,1,0.5519755886625249,1,0,0.06476667601139201,0,0,0.03374025263015969,0,1,0.2765230740205793,1,1,0.9163844813060781,1,0,0.0620861441855352,0
1749,1,0.784747864974197,1,0,0.2412457930561124,0,0,0.04872142569209719,0,0,0.2742576572831387,1,0,0.026193282804439787,0,0,0.3313391651391189,1
1750,1,0.2689615177190602,0,0,0.04053007295382781,0,0,0.02151277230940032,0,1,0.287581773315126,1,0,0.01399967628974611,0,0,0.05505268823875851,0
1751,1,0.6568235752496961,1,0,0.17801336651444225,0,0,0.18435868841698932,0,0,0.15112557402365448,0,0,0.06363452746721518,0,0,0.22339686970438044,1
1752,1,0.7229923924298789,1,1,0.40814647287971245,1,1,0.9359932499627419,1,1,0.11954524089784864,0,0,0.05488304394226536,0,1,0.2467164592996924,1
1753,0,0.6482122841469247,1,0,0.13972282233837222,0,1,0.7274796011595811,1,0,0.1573213275421558,0,0,0.048388943150984985,0,0,0.23890543770737863,1
1754,0,0.46477172983353626,1,0,0.6291866022183933,1,0,0.05775081743123172,0,0,0.26663606463364126,1,0,0.36918250055160806,1,0,0.08888801819253127,0
1755,1,0.9211630202633495,1,1,0.9873834508469109,1,0,0.8866635531784377,1,0,0.1155413654405071,0,0,0.023050846047888856,0,0,0.06392401298379252,0
1756,1,0.6921304598827982,1,0,0.15318412183806165,0,0,0.09122003908971128,0,1,0.17117088274893366,0,0,0.07888030355363698,0,1,0.3304703372460964,1
1757,0,0.5608643291960221,1,0,0.4446903973274652,1,0,0.15479159483445662,0,0,0.18598242650845132,0,0,0.09585389702158269,0,0,0.08937495512675471,0
1758,1,0.9726639768355884,1,0,0.08974505403393836,0,1,0.9530155539678856,1,0,0.13325074030174291,0,1,0.9853238168978692,1,0,0.04019429584711976,0
1759,1,0.6976301376400439,1,1,0.6288648461600532,1,0,0.057204473628771235,0,0,0.08326456419182739,0,0,0.012875133287350784,0,0,0.40874835587501823,1
1760,0,0.6543569715248908,1,0,0.16667454810728052,0,0,0.11577518385777423,0,0,0.19103576319079915,0,0,0.06495661466831663,0,0,0.3809782290652963,1
1761,1,0.9340234280968062,1,1,0.9669534272440509,1,0,0.05163829822265229,0,1,0.4289339611826477,1,0,0.04978571274845786,0,0,0.20971337561685252,0
1762,1,0.6180549523844608,1,1,0.7332513144255653,1,0,0.05701258833984788,0,0,0.2579027752643268,1,0,0.09967435328241159,0,0,0.21378027074102987,0
1763,1,0.6460469979571276,1,0,0.15712001334119954,0,1,0.3326256423927983,1,0,0.19852822684707253,0,0,0.056016276562149164,0,0,0.16634132272029167,0
1764,1,0.4233257350807314,0,0,0.14607136144423938,0,0,0.07070673769612121,0,0,0.19290276457477465,0,1,0.09700352756420255,0,0,0.1085191028927013,0
1765,1,0.6709163928565585,1,0,0.29474744056818286,0,0,0.09367727697531798,0,1,0.360559486954488,1,1,0.6748787864091339,1,0,0.06507935187258689,0
1766,1,0.3790412264953577,0,1,0.4590993012597335,1,0,0.017373050872603518,0,1,0.6375027329155086,1,0,0.056451647393730174,0,0,0.03637860811188846,0
1767,0,0.8151725312678993,1,0,0.34607103407619927,1,1,0.7471580424634076,1,0,0.16314383806390023,0,0,0.08717364958027501,0,0,0.2039002338961757,0
1768,1,0.7345217461703893,1,1,0.9138045358548216,1,0,0.05587569857765975,0,0,0.1487853770640362,0,0,0.030634610989969082,0,1,0.08219905469145987,0
1769,0,0.5625025081355207,1,0,0.23756124605838833,0,0,0.3913044100215212,1,0,0.17274074617713217,0,0,0.0086527003475731,0,0,0.14623415027543044,0
1770,1,0.7577509163493757,1,0,0.048690394537663474,0,0,0.07425777905871112,0,1,0.14865506611187043,0,1,0.008924765503020335,0,0,0.46061202592093103,1
1771,1,0.6267943280926256,1,0,0.08440679064576466,0,1,0.711860779481947,1,1,0.4213046102116767,1,0,0.07690089718360855,0,0,0.05170235436333398,0
1772,1,0.5386755255498307,1,0,0.16944150463462215,0,1,0.376332633953691,1,1,0.2798356430295876,1,0,0.039348762393191815,0,0,0.11845453960437834,0
1773,0,0.3023438701958637,0,0,0.417825108479198,1,0,0.0374214386686179,0,0,0.24285587988001656,1,0,0.10768365891094756,0,0,0.060422476543255554,0
1774,1,0.8566879254602758,1,0,0.18405242100271854,0,1,0.9975837255762303,1,0,0.10954119490795783,0,0,0.027450300760365486,0,1,0.07966234755232494,0
1775,1,0.35291011127744437,0,0,0.5523535606316025,1,1,0.6938685809876781,1,0,0.07680001189968083,0,0,0.02476653703196646,0,0,0.02907624736051719,0
1776,1,0.9934124872522959,1,1,0.9918413858703188,1,0,0.007792986695750909,0,1,0.4885402828208463,1,0,0.011953918799599214,0,0,0.11257596492132661,0
1777,0,0.47862927193130633,1,0,0.09950541225639575,0,0,0.21849837830549276,0,1,0.11179817311842727,0,0,0.02504023849925527,0,0,0.30520141068751144,1
1778,1,0.8248024435545102,1,1,0.8892829252823802,1,0,0.01286682174103526,0,0,0.32656586639458207,1,0,0.07869134469670581,0,0,0.0920047492122063,0
1779,1,0.6124852791405373,1,1,0.7541301183302749,1,1,0.17040188788525376,0,0,0.11198041880440614,0,0,0.05046403879210517,0,0,0.18415161311465086,0
1780,0,0.43781592575665634,1,1,0.13823490889516477,0,0,0.06340367640514684,0,1,0.15538509509122764,0,0,0.1456633168254502,0,0,0.10159422221654668,0
1781,1,0.6427273389842371,1,0,0.2711772833313922,0,0,0.16315012451562486,0,0,0.2282376210671623,1,0,0.012680926087781123,0,1,0.18464887314285172,0
1782,0,0.7310082603810829,1,0,0.6796721760738963,1,0,0.2843924242763692,0,0,0.13743673981790447,0,0,0.033680617734567785,0,0,0.17555492916884063,0
1783,1,0.3804191028130957,0,1,0.25291625326887185,0,0,0.01446495692129938,0,1,0.28905845837075,1,0,0.0061882177771898144,0,0,0.14409765139553715,0
1784,1,0.8548686172864625,1,0,0.13242528227105163,0,0,0.11613506049266549,0,0,0.09372476916268051,0,0,0.0424526073565496,0,1,0.23815685170190606,1
1785,1,0.7641898952927436,1,1,0.5916156383354765,1,0,0.14029222303183253,0,0,0.09583619121076088,0,0,0.02903580804212204,0,0,0.09105805786070004,0
1786,0,0.4781860074033873,1,0,0.7849794996175565,1,0,0.04067754936359913,0,0,0.12093394727031596,0,0,0.03536124360715262,0,0,0.2075354176024348,0
1787,1,0.760636165821874,1,0,0.23898321261314648,0,1,0.997551734015892,1,0,0.17977871994438502,0,0,0.029116718926602947,0,0,0.05636132962776131,0
1788,0,0.6205889763371567,1,0,0.29517876370848406,0,0,0.045306966507543706,0,0,0.11882294404509969,0,0,0.02997751778243062,0,0,0.10808111827303439,0
1789,1,0.5391003354921172,1,0,0.11958821235543045,0,0,0.18860593816529966,0,1,0.3014590346658037,1,0,0.05297442186745651,0,0,0.07490298404236119,0
1790,0,0.7120123067864732,1,0,0.25875315942056043,0,0,0.0951354328397711,0,0,0.3503268011818033,1,0,0.02119302773224606,0,1,0.9543051635609551,1
1791,0,0.42511302397951484,0,0,0.24939746173836275,0,0,0.16722338896491964,0,0,0.15259751181970652,0,0,0.042979519816402245,0,0,0.07361937812661967,0
1792,1,0.8480395642671382,1,1,0.9603597317077163,1,0,0.40063106153358047,1,0,0.2045890902708245,0,0,0.09401746701755008,0,0,0.08222187695882921,0
1793,0,0.6067679353583344,1,0,0.07346337587091183,0,0,0.02473100283834123,0,0,0.3234384881365135,1,0,0.024486690336272283,0,0,0.07570623384974422,0
1794,0,0.6636072299306891,1,1,0.7411372714592771,1,1,0.5781681526676158,1,0,0.15829583136548261,0,0,0.005818646224032689,0,0,0.16107909523968525,0
1795,1,0.5679556505183349,1,0,0.2696416003118819,0,0,0.02261712251621593,0,0,0.2113349071676968,0,1,0.4114043863463512,1,0,0.09565786274634092,0
1796,1,0.6223802336298166,1,0,0.1495238346580328,0,0,0.08018733336873768,0,0,0.16010026534840047,0,1,0.26100952780847514,1,1,0.3259632098913518,1
1797,1,0.6930433041871643,1,1,0.2619983762237375,0,1,0.6422137765561027,1,1,0.21082222772343848,0,0,0.015271038080618816,0,0,0.30063748046534305,1
1798,1,0.811283452077566,1,0,0.3515599813026711,1,1,0.6504974793957471,1,0,0.10520092664130469,0,0,0.033181439100690185,0,0,0.20445202314744812,0
1799,0,0.4339815013416846,1,1,0.5760257395832681,1,0,0.059068601388037635,0,0,0.181400476681059,0,0,0.09436039939758994,0,0,0.055987622583448325,0
1800,0,0.4727528864864139,1,0,0.28396412187393466,0,0,0.30395834664832777,0,0,0.2685026354429047,1,0,0.06490762995642263,0,0,0.18495633687499788,0
1801,0,0.8150041019520495,1,0,0.07788566609031392,0,0,0.08834019867783076,0,0,0.4482073932300706,1,1,0.909621188915598,1,0,0.10919596223187854,0
1802,1,0.536075087458313,1,1,0.4542627616229424,1,0,0.47523531184930284,1,0,0.14655625928932672,0,0,0.018749130898934246,0,0,0.12100671614713737,0
1803,0,0.5494643780568517,1,0,0.20669664257561293,0,0,0.27953258097427097,0,0,0.15423063009433807,0,0,0.018906589431440798,0,0,0.13954624166977878,0
1804,1,0.45438755114449975,1,0,0.1279334068035438,0,0,0.0945300807403663,0,0,0.3251910567278576,1,0,0.03442892335322133,0,0,0.11380741005887544,0
1805,1,0.6053994132991679,1,0,0.049521237864324996,0,0,0.011624831225528437,0,0,0.5023517734686472,1,0,0.015752944103187012,0,0,0.2859690510556458,1
1806,1,0.7257766711990609,1,0,0.08013211498700899,0,0,0.033967394990253495,0,0,0.21283112233601795,0,0,0.14404938994514802,0,0,0.324440581264607,1
1807,0,0.5748595076327961,1,0,0.48159861353365646,1,0,0.3008215042014958,0,0,0.10193368817132063,0,0,0.03409547208768431,0,0,0.12680220429132064,0
1808,1,0.7641448988267942,1,1,0.25744455833043006,0,0,0.036615319876800334,0,0,0.2901675354799056,1,0,0.26186258851472477,1,0,0.06073603811379926,0
1809,1,0.3606392045760553,0,1,0.3573526227339712,1,0,0.04918165378453301,0,0,0.11112944394385038,0,0,0.013204927221615382,0,1,0.16877910183050135,0
1810,1,0.5851611488209572,1,0,0.31608839920357007,0,1,0.41030477861124653,1,0,0.15805200091031374,0,0,0.037050994989076866,0,0,0.0676595998695335,0
1811,1,0.8333514324357889,1,0,0.27958956101487303,0,1,0.6972327319392796,1,0,0.119056576750572,0,0,0.17764186368429172,0,0,0.1678333483152795,0
1812,0,0.14601691832335892,0,0,0.28573448381943284,0,0,0.020543997799863545,0,0,0.149914523301404,0,0,0.05208663081835488,0,0,0.08072970896200508,0
1813,0,0.24688966811746674,0,0,0.43701394876486765,1,0,0.018203660853656375,0,0,0.1800976118139949,0,0,0.057623186998345594,0,0,0.06007149465984271,0
1814,0,0.7117978312536627,1,0,0.3679884195548985,1,0,0.2000900345446146,0,0,0.10197575739675145,0,0,0.04011846714940478,0,1,0.4338985090138839,1
1815,0,0.42822600695761487,0,0,0.16042520818071557,0,0,0.0635515066302562,0,0,0.10406466367173123,0,0,0.017829544890376973,0,0,0.11445835467488745,0
1816,1,0.710052969355849,1,1,0.9028572833759618,1,0,0.1366802277825951,0,0,0.12237773209111054,0,0,0.043312080265792315,0,0,0.0622308284652667,0
1817,1,0.8984284782511414,1,1,0.7499761533859011,1,1,0.9422161006066695,1,0,0.35380834527717403,1,0,0.06263703631204151,0,0,0.20301540013917704,0
1818,0,0.37610448653268547,0,0,0.1048501601720951,0,0,0.14364726747956783,0,0,0.3118508547962958,1,0,0.015902723484957006,0,0,0.3206462958655572,1
1819,0,0.39143705098175396,0,0,0.29839504095033914,0,0,0.09032052476742802,0,0,0.1593301717239021,0,0,0.03816026675625404,0,0,0.1473895603031946,0
1820,1,0.6224949742100315,1,1,0.5674727229581297,1,0,0.11360239456457909,0,0,0.21051033071471179,0,0,0.06485561347255935,0,0,0.07954590317736944,0
1821,0,0.7358520926032259,1,0,0.28918638059294494,0,0,0.0473562774355078,0,1,0.4574552113150239,1,1,0.5539111332392275,1,0,0.08721070327475766,0
1822,0,0.6466175812622655,1,0,0.2610838057361023,0,0,0.21139462483273444,0,0,0.1877007583891739,0,0,0.038725284462378474,0,0,0.18874084253752388,0
1823,0,0.6959613339240317,1,0,0.0677371818739015,0,0,0.052731086897910895,0,0,0.46153489868124614,1,0,0.08223730389446031,0,1,0.11982086246448649,0
1824,1,0.7123008721739786,1,1,0.5827879487364521,1,1,0.46978329237255395,1,0,0.27302362355285986,1,0,0.026800455338275377,0,0,0.17200007479474957,0
1825,1,0.8417435691000815,1,0,0.4787030502777387,1,1,0.8801213651985685,1,0,0.3231827506951346,1,0,0.15595778773587396,0,0,0.4447504859891032,1
1826,1,0.6012288114880451,1,1,0.54609984140056,1,0,0.03754698272713953,0,1,0.15622633188734192,0,0,0.044363778495587904,0,0,0.07926209771296945,0
1827,1,0.6690413270695995,1,0,0.3056787715005907,0,0,0.20469624866271618,0,0,0.164741270103865,0,0,0.02646265901841222,0,1,0.21734499099786087,0
1828,1,0.7433181422462066,1,0,0.10099303118965186,0,1,0.8175858894805087,1,0,0.20872621435677993,0,0,0.010184776713602269,0,0,0.3924445364946683,1
1829,0,0.4013345099319112,0,0,0.19319426300004094,0,0,0.36397217102236934,1,0,0.13230902912216716,0,0,0.021893836855808813,0,0,0.08204049296997064,0
1830,1,0.5600154336207335,1,1,0.10369918510185278,0,0,0.2934600784690728,0,0,0.1488416949170111,0,0,0.03160333189691203,0,0,0.11169083162029718,0
1831,1,0.749056150778149,1,1,0.7869041055054665,1,0,0.05255399818125545,0,0,0.13988722461985056,0,0,0.02595786621382873,0,0,0.1265991356760794,0
1832,1,0.9764034325641812,1,1,0.9930278420803212,1,0,0.059050691290670365,0,0,0.17810319002421118,0,1,0.2203945236645398,0,1,0.2380785927500073,1
1833,0,0.45867140563998055,1,0,0.03888487550852038,0,0,0.01549494786297169,0,0,0.16238878775548923,0,1,0.6494687211086227,1,0,0.08851055463440916,0
1834,0,0.30813160465368106,0,0,0.08128549639901152,0,0,0.06030920825673284,0,0,0.3598118399279537,1,0,0.04532388744244045,0,0,0.09245663081278833,0
1835,1,0.4298086484002566,0,1,0.18278648449869617,0,0,0.053333653829992646,0,1,0.12578711814653323,0,0,0.02599148810056974,0,0,0.27488462000993885,1
1836,0,0.5900540301050331,1,0,0.6993051784211355,1,0,0.045635498862673964,0,0,0.22122870203454462,1,0,0.22269780151104723,0,0,0.07804395689577728,0
1837,0,0.5485364184595412,1,0,0.18319327782160374,0,0,0.0818538023345751,0,1,0.2593612071653129,1,0,0.02492633304936065,0,0,0.15103929660536533,0
1838,1,0.41445234904873557,0,1,0.17480586953382202,0,1,0.49926704954489737,1,0,0.16380215693338832,0,0,0.25267754052795166,0,0,0.15056045116033356,0
1839,1,0.6013048488599155,1,0,0.11785426860708381,0,1,0.7282242024389222,1,0,0.18698405446945685,0,0,0.051448510440524176,0,1,0.3864263344205274,1
1840,0,0.47729214815424387,1,0,0.42968485043750676,1,0,0.07658559749993073,0,1,0.1846587495393859,0,0,0.08621580803465918,0,0,0.15110288526039192,0
1841,1,0.5141032418603534,1,1,0.44701579362196764,1,0,0.16220576486774518,0,0,0.146390894927193,0,0,0.02790297785152009,0,0,0.12057218688137539,0
1842,1,0.4953426406484985,1,1,0.6050895617861863,1,0,0.02916292170134212,0,0,0.25084513906799427,1,0,0.026216677536029503,0,0,0.204718392951701,0
1843,1,0.6396617424876802,1,1,0.3658695673853578,1,1,0.16592857242355905,0,1,0.1840236984196819,0,0,0.04226890591334637,0,0,0.33519255782880436,1
1844,0,0.3532651853961832,0,0,0.10303011007890213,0,0,0.12159093440523139,0,0,0.18638649897111403,0,0,0.015481859947575264,0,0,0.1463448542497632,0
1845,0,0.6536759847803375,1,0,0.18977771283676156,0,0,0.27025230705591413,0,0,0.1119452609196504,0,0,0.16193307696191303,0,0,0.14912356640804503,0
1846,0,0.9029968542217232,1,0,0.8432554798045245,1,0,0.09930023508335857,0,0,0.3069944963100349,1,0,0.018563684145552466,0,0,0.4330197745849879,1
1847,1,0.8525991758900089,1,0,0.13630351332367974,0,1,0.9137323951710324,1,1,0.17129078660717986,0,0,0.08000917413845457,0,0,0.10693720305518106,0
1848,1,0.7954556391966178,1,0,0.11356339225304828,0,1,0.850519084305487,1,0,0.15099954951506459,0,0,0.03531373582636494,0,0,0.1434698413517849,0
1849,1,0.4468773841125761,1,0,0.12148397912059093,0,0,0.8520970477643891,1,0,0.20994813653589575,0,0,0.011945563692151703,0,0,0.07410257423789006,0
1850,1,0.7863405279224401,1,0,0.2910842039031631,0,1,0.9725727927454973,1,0,0.19352282573039126,0,0,0.036028754795842284,0,0,0.12250472649629289,0
1851,0,0.26089603183725774,0,0,0.1240228612879193,0,0,0.019226310447685167,0,1,0.3064728498334082,1,0,0.11946114057300662,0,0,0.04108053403707603,0
1852,0,0.5401667724526513,1,1,0.3672984557316774,1,0,0.3297777028711806,1,0,0.12302739943433633,0,0,0.052577309950441166,0,0,0.14842845381368372,0
1853,0,0.7181173972225992,1,0,0.4132315776078061,1,0,0.2647847151649298,0,0,0.11018732934520781,0,0,0.0660913777264107,0,0,0.11700560141104581,0
1854,0,0.4782201230678633,1,0,0.14845112406429953,0,0,0.031081872450601723,0,0,0.10332673283178571,0,0,0.04447081814099075,0,0,0.10123901653242445,0
1855,0,0.6417662958698988,1,0,0.33446289286723624,0,1,0.41006525567792423,1,0,0.20291244851020132,0,0,0.03893768010026934,0,0,0.2138202037247722,0
1856,1,0.6939471184363079,1,1,0.12240566954585123,0,1,0.12108659649151259,0,1,0.25079086786680155,1,1,0.0810630853234582,0,0,0.17256489099083158,0
1857,1,0.7073193963687441,1,0,0.09909851216411954,0,0,0.08398065767161807,0,0,0.11441999293975098,0,0,0.08476655311646814,0,1,0.3707237611007301,1
1858,0,0.3814769511657649,0,0,0.09135045418635335,0,0,0.1333104606670843,0,0,0.09394239073183541,0,0,0.01405002009895788,0,0,0.3344558857792029,1
1859,0,0.5779513702438416,1,0,0.19741757237566082,0,0,0.09379401953671251,0,0,0.1967162437140523,0,0,0.5683898492002343,1,0,0.053397049022282435,0
1860,0,0.3121747460507404,0,0,0.40523471084393786,1,0,0.03036694422249218,0,0,0.18745665676572498,0,0,0.07453678012094833,0,0,0.08448826819565937,0
1861,1,0.8873292109622737,1,1,0.6478806896296304,1,0,0.11243567611449368,0,0,0.3284296592581332,1,0,0.06616348126248839,0,0,0.11485682608310922,0
1862,1,0.41197746897942045,0,0,0.03072962160700081,0,0,0.025409558839476442,0,0,0.14915583050648024,0,0,0.038893075529980725,0,1,0.6419987049420725,1
1863,0,0.7669197296026088,1,1,0.9375370155925621,1,0,0.3774913818260545,1,0,0.20903576693142722,0,0,0.021082688378321657,0,0,0.0621968228652734,0
1864,1,0.7679852870129006,1,0,0.1253168246638572,0,0,0.6803311423716926,1,1,0.15452315638633737,0,1,0.4171844510137092,1,0,0.06926787618059967,0
1865,0,0.6441524976346749,1,0,0.42565387163176727,1,0,0.18190817325183897,0,0,0.19420000167068552,0,0,0.09288730729808141,0,0,0.08032878429903685,0
1866,1,0.5940546619044847,1,1,0.6687355573722806,1,0,0.15123031636340412,0,0,0.13270404749104225,0,0,0.012699634829632005,0,0,0.14212788961043463,0
1867,1,0.45219586682878826,1,0,0.1563906888772237,0,0,0.13391094166205764,0,1,0.38621033069907496,1,1,0.3887583462893747,1,0,0.06572484060893839,0
1868,0,0.8365935938750018,1,0,0.2339522766179085,0,0,0.03719219758028476,0,1,0.4744138195958518,1,0,0.03161293666911988,0,0,0.21977414397333792,0
1869,1,0.8747312145370785,1,0,0.05792739488148885,0,1,0.6059062854405045,1,0,0.17835868361041884,0,1,0.8531172670211743,1,0,0.17215259455852192,0
1870,0,0.4788655695961224,1,0,0.15711147888349078,0,0,0.548345202027739,1,0,0.23633343511937008,1,0,0.02127701850659325,0,1,0.4538853130550322,1
1871,1,0.47745932592303303,1,1,0.6659316012806468,1,0,0.021760610325660956,0,0,0.11884227730195929,0,0,0.05008569150482678,0,0,0.04974689554373259,0
1872,0,0.7877703138710643,1,0,0.06899068675711684,0,0,0.034542155106653046,0,0,0.7870372909284823,1,0,0.009114801332885829,0,0,0.04239150553211877,0
1873,1,0.6788842833920533,1,1,0.3621658906769529,1,1,0.16553013779011963,0,0,0.20934293162088433,0,0,0.0680252348433164,0,0,0.1987897057166056,0
1874,0,0.6620494183977628,1,0,0.31793642166538594,0,1,0.9368237182061024,1,1,0.2751479802439421,1,0,0.021239984908660345,0,0,0.1530975367168297,0
1875,1,0.47846075167416563,1,1,0.09614027927697637,0,1,0.6939596095211189,1,0,0.1158263109224411,0,0,0.014502298894795068,0,0,0.12667069383032284,0
1876,1,0.7289829269100472,1,1,0.7430926869884423,1,0,0.06518634935581702,0,0,0.23529140602487927,1,0,0.02166556312582521,0,0,0.0641517601658431,0
1877,1,0.6916948997348252,1,1,0.6369150242676199,1,1,0.9078079207674481,1,0,0.07582160184185065,0,0,0.013258307402858577,0,0,0.04300328624478999,0
1878,0,0.11839013855240448,0,0,0.018318029231272754,0,0,0.01750635844941088,0,0,0.10690497325755917,0,0,0.4921445902412546,1,0,0.06508651270121753,0
1879,1,0.9303817026695809,1,0,0.12486913601671489,0,0,0.05922362660306568,0,0,0.2024110224683161,0,1,0.9945268921881095,1,0,0.33421242660111455,1
1880,1,0.7466086079838078,1,1,0.4644927010866307,1,0,0.13778846256301955,0,1,0.24272138550354425,1,0,0.07160821882558306,0,0,0.21008160798108758,0
1881,1,0.5656091155210289,1,0,0.42687594333261974,1,1,0.40742722034428386,1,0,0.1679491898153731,0,0,0.025525093168628554,0,0,0.2115755060302724,0
1882,1,0.8253720773335829,1,0,0.26214395393532486,0,1,0.6729615370015751,1,1,0.1117390783110301,0,0,0.04488840165874743,0,0,0.14808353541620262,0
1883,1,0.9108061271400248,1,1,0.9900579859530465,1,1,0.8325405158440553,1,0,0.15294567439583692,0,0,0.006646223840150415,0,0,0.18644090269375013,0
1884,1,0.3831006719840149,0,0,0.12541770745623104,0,1,0.13070324248458512,0,0,0.1700307075821247,0,0,0.024608329052293546,0,0,0.048418431108951644,0
1885,1,0.5335489278601205,1,0,0.06767322523950285,0,0,0.2486112183851532,0,1,0.302950095048649,1,0,0.13624672197395257,0,0,0.3139604119515323,1
1886,1,0.46916877382717886,1,0,0.14661342478278908,0,0,0.039281073086495366,0,0,0.14760014254761514,0,0,0.009685613839261892,0,1,0.6405005195021561,1
1887,1,0.8731309233197933,1,0,0.4554750312282157,1,0,0.036214687906764895,0,1,0.7496683245783423,1,0,0.03402764881159959,0,0,0.07474660389346001,0
1888,1,0.6397081321621942,1,1,0.4138371387173869,1,1,0.39471699853316444,1,0,0.19968349562128004,0,0,0.022987748856977377,0,0,0.16854124036244109,0
1889,0,0.5357060831075756,1,1,0.39598791847189546,1,1,0.20427816967459703,0,0,0.1558912891189422,0,0,0.035688754935265854,0,0,0.18097808993755793,0
1890,1,0.38111360858001303,0,1,0.3140365091444417,0,0,0.10938799026318602,0,0,0.17069672104858594,0,0,0.028657849450122164,0,0,0.07076167957007483,0
1891,1,0.8600630019833401,1,1,0.8444102588228336,1,0,0.06299032594682523,0,1,0.19314005676449764,0,0,0.03877512770568869,0,0,0.1261162402858373,0
1892,1,0.6913535540078392,1,1,0.5428254654528882,1,0,0.020123075910049217,0,0,0.2162419167539068,0,0,0.03731491525117064,0,0,0.08439004496186109,0
1893,0,0.5876420996484409,1,0,0.15553463270722725,0,0,0.03606738531561804,0,0,0.25727538097461955,1,0,0.7409513035989602,1,0,0.04311491829806311,0
1894,1,0.6940171471355082,1,1,0.38018431260663843,1,1,0.6541200600915206,1,0,0.11767810837562197,0,0,0.0424045879394238,0,0,0.32334608103471824,1
1895,0,0.6104447749648535,1,0,0.43291959070397396,1,0,0.08723206197599624,0,1,0.3200616077826129,1,0,0.23486052265233,0,0,0.0579150999977285,0
1896,1,0.7055846427030085,1,0,0.30187202020566906,0,1,0.8635633363882745,1,0,0.14967946015789835,0,0,0.08302877154835013,0,1,0.22278515937304463,1
1897,1,0.4978920855755404,1,1,0.386957184191786,1,0,0.05052538384972035,0,0,0.10105743390402133,0,0,0.024190876661101948,0,0,0.31597373556969455,1
1898,1,0.6356108393332983,1,0,0.510570803039616,1,1,0.7726652763153113,1,0,0.16144555434307964,0,0,0.08111859638027671,0,0,0.2415841720742112,1
1899,1,0.547198507625407,1,0,0.29703415495655977,0,0,0.06272901101408508,0,0,0.12896939492444479,0,1,0.8352444839881548,1,0,0.09589116879391946,0
1900,1,0.689729356616025,1,0,0.18452058584460262,0,1,0.5819339281615684,1,0,0.11402997984180237,0,0,0.0300935138696737,0,0,0.2519569543919491,1
1901,0,0.5173825752769124,1,0,0.11781480075796918,0,0,0.030949948621877933,0,0,0.13282808203465973,0,0,0.019823108002950243,0,0,0.7231033056159207,1
1902,1,0.9212720649318982,1,1,0.9307289534583488,1,0,0.00556383366978905,0,1,0.45438127147110424,1,0,0.015232533736047457,0,0,0.06357939834258815,0
1903,1,0.7893402051384714,1,1,0.5574049460933282,1,0,0.2696638983202126,0,1,0.2455678837680966,1,0,0.07723499709726678,0,1,0.06580344249686822,0
1904,1,0.7211919098488447,1,1,0.7362943786459203,1,0,0.3657977797408849,1,1,0.2220855312951953,1,0,0.028888671616619812,0,0,0.14918925849619497,0
1905,0,0.24159134624084413,0,0,0.1696056664065009,0,0,0.03216817378841198,0,0,0.1721070185327561,0,0,0.149593751975342,0,0,0.033943812193764106,0
1906,1,0.7547537519686611,1,0,0.2623528697306086,0,1,0.9056221847460929,1,0,0.1968641139924642,0,0,0.01863000951082697,0,1,0.057883790584944805,0
1907,1,0.526261694533356,1,0,0.5284619381392326,1,0,0.5266225638569711,1,0,0.06314204520447321,0,0,0.015243308411084086,0,1,0.1587434828515594,0
1908,0,0.18537093454965836,0,0,0.10333879932378004,0,0,0.043039011441183904,0,0,0.26413702532972044,1,0,0.044176636286575005,0,0,0.029929178413141484,0
1909,1,0.638129084974023,1,0,0.03749644906008979,0,0,0.057653117545637976,0,0,0.18206844828348348,0,0,0.03960026800765307,0,0,0.15956880308041435,0
1910,1,0.5526743289015738,1,0,0.10153663359281313,0,0,0.05302702519445229,0,1,0.24643545481516874,1,1,0.06473583447305391,0,0,0.28236879657592834,1
1911,1,0.4560988396845455,1,0,0.2736995494952796,0,1,0.23857659092453307,0,0,0.30291140798464405,1,1,0.10350567662695542,0,0,0.07070910592437012,0
1912,0,0.652369350015989,1,0,0.7519863872769216,1,0,0.027232761711300794,0,0,0.10704847457311385,0,0,0.10679324879291485,0,0,0.07258642866040334,0
1913,0,0.7448126282061901,1,0,0.8248005323872549,1,0,0.04562268973821993,0,1,0.17305410132251453,0,0,0.10225400148424442,0,0,0.6745205625260576,1
1914,0,0.7804705535654368,1,0,0.17281827140428843,0,0,0.13943309065009676,0,0,0.14221186786763618,0,0,0.8436028566967674,1,0,0.17107210626583305,0
1915,1,0.45812496623846205,1,0,0.16132369701279045,0,0,0.12641912595087726,0,0,0.14042874274800446,0,0,0.031860998882982224,0,1,0.17455883988680662,0
1916,1,0.5763084132286265,1,0,0.24425090647370315,0,0,0.08286053879221061,0,0,0.1314584210452128,0,0,0.10392539662849293,0,0,0.21177230464211175,0
1917,1,0.6312481867456418,1,0,0.23435590692195238,0,1,0.3286715933513474,1,0,0.1907420956749124,0,0,0.03340209992807192,0,0,0.2238451528516275,1
1918,1,0.914740074596876,1,1,0.45536104122166754,1,0,0.014206497659479123,0,0,0.1229346254589712,0,0,0.09944244818015864,0,1,0.2986633564587764,1
1919,0,0.5927864604680924,1,1,0.21816021458724633,0,0,0.11856301918441424,0,0,0.09471625635991593,0,0,0.05829648232141257,0,0,0.0776747259204864,0
1920,0,0.6305085954075227,1,0,0.18099632850281763,0,0,0.29009039473035697,0,0,0.09555823904699791,0,0,0.028474751400594966,0,0,0.09176664420360812,0
1921,0,0.6783961481246971,1,0,0.3399941485651456,0,0,0.20127360600163646,0,0,0.21038101463242964,0,0,0.2368600614243658,0,0,0.09571577998964304,0
1922,0,0.6644812797032404,1,0,0.3006827594675741,0,0,0.8774406416792032,1,0,0.11747860064934283,0,0,0.023430959928982243,0,0,0.15097553781403972,0
1923,1,0.3681110423641918,0,0,0.14412226676873252,0,0,0.07932484551507464,0,0,0.13234951899448807,0,0,0.04494503088772949,0,1,0.2279242884599834,1
1924,0,0.38108444436967875,0,0,0.28040380103684176,0,0,0.08590271830403062,0,0,0.14733015964526602,0,0,0.07513184939788815,0,0,0.049921532527723696,0
1925,1,0.7776455638762266,1,1,0.6948525824790529,1,0,0.2879141584781534,0,0,0.22075526420885497,1,0,0.01828343220915934,0,0,0.10633124145372591,0
1926,1,0.6706002237201365,1,0,0.3344166201027104,0,1,0.5713032266893799,1,0,0.275576559254689,1,0,0.026927526582374257,0,1,0.16583877807742325,0
1927,1,0.6467879405793737,1,0,0.219802656355596,0,0,0.3586127631858996,1,0,0.1965127831582684,0,0,0.1015704431020985,0,1,0.27695782776714767,1
1928,0,0.4586870292471619,1,0,0.7154983168220537,1,0,0.005585280505073291,0,0,0.23469224333359837,1,0,0.010631557615733074,0,0,0.20341914859436325,0
1929,1,0.794275222459769,1,0,0.29254522046756437,0,1,0.9811275506393713,1,1,0.16087117696607237,0,0,0.13174318786551567,0,0,0.09146746792144056,0
1930,1,0.8115505127382158,1,0,0.31671836970346434,0,1,0.5491740900024715,1,0,0.18129109134028054,0,0,0.5736505706153873,1,0,0.11911887097132816,0
1931,0,0.4118117011707918,0,0,0.32660389628032077,0,0,0.03614382652725681,0,0,0.10474349493788425,0,0,0.7210072466101144,1,0,0.044259360763023226,0
1932,0,0.2595140643140712,0,1,0.23014036724290446,0,0,0.007124268141384611,0,0,0.09305025268332136,0,0,0.02612280171514249,0,1,0.22944872593955404,1
1933,1,0.6895690354963553,1,1,0.5793595207554453,1,0,0.15882188808213826,0,0,0.1285228844166644,0,0,0.05336271440546403,0,0,0.17975160749871,0
1934,1,0.8184074628498007,1,1,0.20438825708530098,0,1,0.9376005822942814,1,0,0.08197107523825437,0,0,0.03544156728790177,0,0,0.09669899859172065,0
1935,0,0.3536021983395516,0,0,0.7441380981843069,1,0,0.14254916838197454,0,0,0.28677499940627577,1,0,0.019738765514057597,0,0,0.16737440188986305,0
1936,0,0.3501037336477313,0,0,0.1433183263559042,0,0,0.06102399352375946,0,1,0.48152451087143794,1,0,0.11106826251004916,0,0,0.21551491769620065,0
1937,1,0.7189309234938327,1,0,0.28942359493060893,0,0,0.27686606591200463,0,1,0.23434818953416717,1,1,0.16100958855605998,0,0,0.2638378976697418,1
1938,1,0.7254098016622527,1,0,0.10494899602966151,0,1,0.7295890340425535,1,0,0.13082620514043866,0,0,0.017930803899100355,0,0,0.12880905925910638,0
1939,1,0.8754731031456737,1,0,0.3046372451961698,0,1,0.7638986825829214,1,0,0.2494207014302912,1,0,0.20163782011373688,0,1,0.2595521542593712,1
1940,0,0.6106247730917992,1,0,0.5273897529758146,1,0,0.18086435142471613,0,0,0.27447488457334135,1,0,0.045182828224579065,0,0,0.061008337919146886,0
1941,1,0.5088439253684599,1,0,0.13994224454472,0,0,0.11126683548718741,0,0,0.2588689302697909,1,0,0.42517552779414053,1,1,0.27797355230565496,1
1942,0,0.40363133773161003,0,0,0.16737400429018479,0,0,0.47812106282764916,1,0,0.17272441787475246,0,0,0.043531465038819016,0,0,0.0660094681148005,0
1943,1,0.9125477636238853,1,0,0.1658786283013053,0,1,0.9557571473512598,1,0,0.1077818690322319,0,0,0.02899078028904538,0,0,0.06657472304540239,0
1944,1,0.4430216005575202,1,1,0.3326449709119562,0,0,0.06749331766392565,0,1,0.1642849471696306,0,0,0.03952136804594586,0,0,0.060590751541105804,0
1945,0,0.48864262219889093,1,1,0.43075607906320673,1,0,0.05777405286892953,0,0,0.15817165035970812,0,0,0.02181282353226957,0,0,0.06172191182302209,0
1946,1,0.724432055280034,1,0,0.11676022282803233,0,1,0.1418763886148173,0,1,0.5357380726988948,1,0,0.026881570259249785,0,0,0.3090884643068484,1
1947,0,0.7075328868283003,1,0,0.5540454638168558,1,0,0.5037332283081993,1,0,0.17935408508175532,0,0,0.027802290078655686,0,0,0.09602080829612954,0
1948,1,0.7806754777292673,1,0,0.16464205025152534,0,1,0.5664564666789681,1,0,0.17894509300510753,0,0,0.06838750631537754,0,0,0.23887005846059428,1
1949,1,0.7152647547909853,1,0,0.27911602058678325,0,1,0.28849929260715573,0,0,0.21492375280830348,0,0,0.07599413750671048,0,0,0.1950729668707939,0
1950,1,0.7311244773082614,1,1,0.7761518511188347,1,1,0.4623629063501315,1,0,0.11469012176903155,0,0,0.029147021966155245,0,1,0.25266292512369976,1
1951,1,0.8795553050959541,1,0,0.3618933480411483,1,1,0.5624332047911383,1,0,0.2113605588270017,0,0,0.07049037129815033,0,1,0.19121835073109517,0
1952,1,0.6036182005625632,1,1,0.1305971905364548,0,1,0.7456651871044273,1,0,0.1453766321525563,0,0,0.05330351733866961,0,0,0.3127927179005385,1
1953,0,0.25340318291680664,0,0,0.0478745681076804,0,0,0.024895583532678414,0,0,0.0924280882269069,0,0,0.021414753458260296,0,1,0.12267426971953725,0
1954,0,0.5750449337023817,1,0,0.285231107604167,0,0,0.11653599968955557,0,0,0.10872964858717886,0,0,0.11705935183525695,0,0,0.15085911316956543,0
1955,0,0.4656741830872268,1,0,0.41987679953305057,1,0,0.16147208390368709,0,0,0.21948224882281875,0,0,0.06328161418516882,0,0,0.09273631396006886,0
1956,1,0.844427946859119,1,0,0.32971298581430136,0,1,0.7180929536475134,1,0,0.23810362537093024,1,0,0.07436314504702729,0,0,0.3508741899446621,1
1957,0,0.49547414755273156,1,1,0.35195923413272007,1,0,0.3490756857280923,1,0,0.10543696856933453,0,0,0.04027916980406162,0,0,0.14886996921538556,0
1958,1,0.6996402905191861,1,0,0.20668784776903723,0,1,0.9981649424546056,1,0,0.2741523335993741,1,0,0.03181652515531747,0,0,0.18296010875041754,0
1959,1,0.752307736921908,1,1,0.7152785663678913,1,0,0.06399363102694668,0,1,0.34682961355981856,1,0,0.03737320117728675,0,0,0.11770936780385859,0
1960,0,0.748019661883832,1,0,0.11577786904191621,0,0,0.015236201396892359,0,0,0.5951555208507865,1,0,0.046960431333599985,0,0,0.08490259056520372,0
1961,1,0.608432131174021,1,1,0.481276996456025,1,1,0.8336004405252891,1,0,0.26445591483262515,1,0,0.05141671445589852,0,0,0.11445008879333629,0
1962,1,0.5639647938689802,1,1,0.9857231601090399,1,0,0.014680885431179022,0,0,0.16224663289174704,0,0,0.010664735859252145,0,0,0.22148334811021084,1
1963,0,0.6621460757378516,1,1,0.8048960151632883,1,1,0.7755237214411445,1,0,0.09849846226412366,0,0,0.01394280987099777,0,0,0.14898933500083353,0
1964,1,0.8127326364191899,1,1,0.3529938768200607,1,0,0.994165130590436,1,0,0.032057897971421466,0,0,0.012326046087423215,0,0,0.0329716717659251,0
1965,0,0.41790654011023753,0,1,0.6315826045530203,1,0,0.06720304733735251,0,0,0.08356583111679762,0,0,0.020298478912031247,0,0,0.1293050859067577,0
1966,1,0.6309301646286718,1,0,0.13871678777279275,0,1,0.9112557913858695,1,0,0.3190645645012578,1,0,0.026991441731868165,0,0,0.026271735198409873,0
1967,1,0.7164509173028607,1,1,0.3403425706143563,1,0,0.02482263031211653,0,0,0.23390799636393247,1,1,0.3353974215368063,1,0,0.40179179990304265,1
1968,0,0.47193959722312834,1,0,0.22056824481034265,0,0,0.10519555935173586,0,1,0.14357968377244576,0,0,0.013029020772246498,0,0,0.06688803235904534,0
1969,0,0.5806969929499268,1,1,0.5167268970024824,1,0,0.049267139995095945,0,0,0.25284806404092824,1,0,0.03167050103218368,0,0,0.060109867274973944,0
1970,0,0.487421894046519,1,0,0.15507093166367758,0,1,0.25238769063624217,0,1,0.38578495194417234,1,0,0.036532671581235604,0,0,0.1316005532381485,0
1971,1,0.6708791816819922,1,0,0.08417021097372977,0,0,0.7708864156822562,1,0,0.20808218005032583,0,0,0.03142429550869069,0,1,0.13306445685245638,0
1972,1,0.6521647468502296,1,0,0.10684183940001413,0,0,0.10593005320196817,0,0,0.1598356270829026,0,0,0.0519650504040108,0,0,0.328315724017952,1
1973,0,0.37205176219916636,0,0,0.23664849610465008,0,0,0.06892912455667745,0,0,0.14810536357530743,0,0,0.023495303633209837,0,0,0.13609008428888653,0
1974,0,0.581049871413782,1,0,0.22241851665563914,0,0,0.22926481146105826,0,0,0.24839896307744866,1,0,0.12059783319911592,0,0,0.23056093705759592,1
1975,0,0.867373646802077,1,0,0.21788820788059107,0,1,0.9952150432673609,1,0,0.17276710437477216,0,0,0.056705307798099486,0,0,0.22184832207249963,1
1976,1,0.6105159625516999,1,0,0.0652327503813815,0,1,0.12612835762284627,0,1,0.32464096348156657,1,1,0.4332131060151872,1,0,0.14850953955996424,0
1977,1,0.6077318772286038,1,0,0.1599098446495261,0,1,0.20902426630895218,0,0,0.11551490510787689,0,0,0.022181663530801712,0,0,0.14747914682534805,0
1978,1,0.6403848407769713,1,0,0.25578414055234566,0,1,0.6249477152275501,1,0,0.11964820192814869,0,0,0.042657636932340946,0,0,0.1522764191815377,0
1979,1,0.8138062092001208,1,1,0.9598339129736823,1,1,0.42455426398779084,1,1,0.15081500949075763,0,0,0.06470254367525473,0,0,0.11437152682161462,0
1980,1,0.4643410811377633,1,0,0.17340994911503374,0,1,0.29202612337380845,0,0,0.22435082192060776,1,0,0.039217593602883495,0,1,0.3234316805890633,1
1981,0,0.3993130388944833,0,0,0.15904803331720907,0,0,0.12828531283628072,0,0,0.19716361895215298,0,0,0.06873599439050837,0,0,0.09909621884235109,0
1982,0,0.4515417062671521,1,0,0.09779038155088908,0,0,0.0917472424757708,0,0,0.25279249062761644,1,0,0.3899370675903309,1,0,0.0572744324485735,0
1983,1,0.8801545876591025,1,1,0.8775462635851715,1,0,0.19035258242621853,0,0,0.12757056076108936,0,0,0.015074623562316397,0,0,0.10154729627129667,0
1984,0,0.4754065563130232,1,0,0.9477573689894591,1,0,0.03851989734021492,0,0,0.18741543578196596,0,0,0.05709953233914028,0,0,0.12162822958729617,0
1985,1,0.5495768590558082,1,0,0.14352017320401753,0,0,0.04278342151363387,0,1,0.6142835460562401,1,0,0.045279598416795075,0,1,0.08834335934447163,0
1986,0,0.2960411378737287,0,0,0.038490090498474176,0,0,0.14799230544244907,0,0,0.174046983623488,0,0,0.021510008603099345,0,0,0.03624840267138336,0
1987,1,0.6623803660177415,1,1,0.376483690764205,1,0,0.19044226441285908,0,0,0.2645389893187906,1,0,0.09641478683480176,0,0,0.15578450008518566,0
1988,1,0.5197939386304395,1,1,0.8086553568229733,1,0,0.06296640310019214,0,0,0.15100144216195432,0,0,0.014769678869952221,0,0,0.055912455498200696,0
1989,0,0.3661228825156065,0,0,0.1819821477474043,0,0,0.08603753984982947,0,0,0.09300428395984074,0,0,0.024084320964523717,0,0,0.11292341394821286,0
1990,0,0.6772137438168803,1,0,0.09198186339043145,0,0,0.07924159136761234,0,0,0.15371229232731234,0,0,0.009453044422827154,0,0,0.6851736831695406,1
1991,1,0.5977380474272955,1,0,0.047336370624489206,0,0,0.060781913931834575,0,0,0.12662576972748352,0,0,0.07949424235137824,0,0,0.4097381595127249,1
1992,1,0.6731736031680375,1,0,0.8810270414597877,1,1,0.06709051578143817,0,0,0.08789670085179573,0,0,0.05293118010505299,0,0,0.03989086691464166,0
1993,1,0.47124502907808896,1,0,0.34357019656873206,1,0,0.10111697494250366,0,1,0.1877434228763086,0,1,0.4115487243780845,1,0,0.04832434653855058,0
1994,1,0.8779762405614034,1,0,0.19099118899213754,0,0,0.13917698995775843,0,0,0.334437347701237,1,0,0.02496928164682248,0,1,0.1499786891379056,0
1995,0,0.4903681401176951,1,0,0.4021061794952198,1,0,0.6396982264363057,1,0,0.251341638269414,1,0,0.0589753479594291,0,0,0.15592731451845043,0
1996,0,0.3042523580883243,0,0,0.6731716468078487,1,0,0.04608813907599152,0,0,0.12776015774967966,0,0,0.020157722671504518,0,0,0.03866155499727334,0
1997,0,0.6384069325257951,1,0,0.6834106229207292,1,0,0.19317222815900445,0,0,0.18430778783441026,0,0,0.05432099831603628,0,0,0.08295982182983895,0
1998,0,0.14656948362717034,0,1,0.826391183303457,1,0,0.01350715849430263,0,0,0.06919034403704687,0,0,0.009357155567481389,0,0,0.04093546289848277,0
1999,0,0.5427452882108659,1,0,0.2936424282380567,0,0,0.5772717238035612,1,0,0.17709446841397128,0,0,0.028826497172355248,0,0,0.10637681485447331,0
