row_index,true_abusive,prob_abusive,pred_abusive,true_Race,prob_Race,pred_Race,true_Religion,prob_Religion,pred_Religion,true_Gender,prob_Gender,pred_Gender,true_Sexual_Orientation,prob_Sexual_Orientation,pred_Sexual_Orientation,true_Miscellaneous,prob_Miscellaneous,pred_Miscellaneous
0,1,0.8115636070108075,1,1,0.4342522778075403,0,1,0.3922143469915586,0,1,0.3215868543410452,0,1,0.7483675059554197,1,0,0.13390816902091104,0
1,0,0.6165191935515587,1,1,0.4037072856063211,0,1,0.422280224554457,0,0,0.3108820924249198,0,1,0.25660506813164985,0,0,0.23082797756017465,0
2,1,0.9201006251372713,1,1,0.3193535075208573,0,1,0.9204551787827902,1,0,0.26673212812427327,0,0,0.2701194943463558,0,1,0.1327303697010383,0
3,1,0.8808430475659746,1,1,0.9356154819830452,1,1,0.7464046582283831,1,0,0.11235437844511878,0,0,0.19773144818285793,0,0,0.37405957287351116,1
4,0,0.7162074599993818,1,0,0.6831301885077751,1,0,0.6081827580100946,1,0,0.5835787646032164,1,0,0.35182136498918803,0,0,0.4096736922858975,1
5,1,0.5688998483207955,1,0,0.17754827963719622,0,0,0.18149824829381977,0,1,0.6752021545228514,1,0,0.10269498529111035,0,0,0.16698961928266734,0
6,1,0.5693289351888988,1,1,0.4712049291591496,1,1,0.6752599509978603,1,1,0.4831928687558975,1,0,0.21942549225516136,0,0,0.22565241255814814,0
7,1,0.7320002149211599,1,0,0.39088233854520016,0,1,0.8189713943436088,1,1,0.2147495282363237,0,0,0.3754717158698798,0,0,0.37895194401140897,1
8,0,0.3425159158061605,0,0,0.6017983279904356,1,0,0.2157725721336889,0,0,0.3680422304250382,0,0,0.09366998963254834,0,0,0.21495506357242974,0
9,1,0.5120400636805312,1,0,0.18194305918583856,0,0,0.03714930472972925,0,1,0.5980923034940313,1,0,0.14708461717606777,0,0,0.10100766165506667,0
10,1,0.5929378019490473,1,0,0.3558307751730423,0,0,0.3102612172545436,0,1,0.43148418655202747,0,1,0.7462025750311092,1,0,0.27576852464897716,0
11,1,0.6737059925038211,1,0,0.14027206308721787,0,1,0.8062927086019452,1,1,0.22502152371940443,0,0,0.4432362876536334,0,0,0.18372105735061822,0
12,1,0.7717796381173622,1,1,0.7692550567105153,1,0,0.2047225592575241,0,1,0.6010875682204876,1,0,0.21334723467106256,0,0,0.20841706318825506,0
13,0,0.4373586934084115,1,0,0.3670884230645071,0,1,0.6422918926602763,1,0,0.35234213547604126,0,0,0.21929489553383594,0,0,0.2790347425231785,0
14,0,0.584688765824133,1,0,0.32478079233293033,0,0,0.40783854204537545,0,0,0.3064428524361473,0,0,0.17032374775945056,0,0,0.23019105106238885,0
15,0,0.5882075324583197,1,0,0.2657343684439268,0,0,0.19861239046670018,0,0,0.26080887365427974,0,0,0.1399731458998221,0,0,0.204940619716208,0
16,1,0.788743088442596,1,1,0.6865613378765618,1,0,0.3650400218463165,0,0,0.4313918782594228,0,0,0.10682918273800786,0,0,0.4231046925339363,1
17,1,0.2494915786695675,0,1,0.2932322531607738,0,0,0.2622404645452139,0,0,0.3321294217342277,0,0,0.17903008810715776,0,0,0.2619126505735002,0
18,0,0.49603432493394245,1,0,0.2878249029199809,0,0,0.2594075088763223,0,1,0.39281106223744827,0,0,0.2789694194763272,0,1,0.3502460973813367,0
19,0,0.5296495342411103,1,0,0.42707276785410464,0,0,0.4573074820468456,0,0,0.5682058848721767,1,0,0.31951383479212114,0,0,0.27652899692032573,0
20,0,0.4998092334202245,1,0,0.3356652410155979,0,0,0.2929521959391349,0,0,0.6793340574570483,1,0,0.5432497612717412,1,0,0.30120586070240285,0
21,0,0.31864841470016075,0,0,0.2626516017885122,0,0,0.11439297153357568,0,0,0.4884562211113658,1,0,0.17410913907984185,0,0,0.19455767207483465,0
22,0,0.40158423079214806,1,0,0.2687423868775253,0,0,0.20676534612720635,0,0,0.4757859460792557,1,0,0.342930727049293,0,0,0.35620534756591427,0
23,0,0.38655558946190016,1,0,0.32443477938681947,0,0,0.21419550959139821,0,0,0.3678338809243025,0,0,0.18332786386151337,0,0,0.24316330187860966,0
24,1,0.34950035395414003,0,1,0.44109084376690055,1,0,0.21908745052433193,0,1,0.6463924879586591,1,0,0.15651206081921096,0,0,0.2996554940470019,0
25,1,0.6493349195412456,1,1,0.6266245498856763,1,0,0.1818807022934751,0,0,0.5662621714749809,1,0,0.25952456033822224,0,0,0.15504893166950806,0
26,1,0.5383019211331077,1,0,0.37573961315950904,0,0,0.27589016159401264,0,0,0.4757500131124348,1,0,0.19841015010515264,0,1,0.5486380660031093,1
27,0,0.4163033385273658,1,0,0.21297201709664326,0,0,0.43429613282653684,0,0,0.22219249951418021,0,0,0.1384233621414114,0,0,0.3441806715559476,0
28,0,0.49103309104094356,1,0,0.3568704560653604,0,1,0.731181387214741,1,0,0.25305835263276105,0,0,0.09768740631221229,0,1,0.49030722600139487,1
29,1,0.5587642953039065,1,0,0.42835798920836843,0,1,0.3776118644942133,0,1,0.6889526402885018,1,1,0.3916728753144034,0,1,0.36446675403663187,0
30,1,0.5544709245429692,1,1,0.2944210165594848,0,0,0.29257090848964723,0,0,0.14005767379375125,0,0,0.23033075905182632,0,1,0.496224063808651,1
31,1,0.6718504756091982,1,1,0.8846485740047377,1,0,0.24461198070585707,0,1,0.5107395179220051,1,0,0.1769417618736009,0,0,0.3654684719368478,0
32,1,0.7970177468460307,1,1,0.9500714721470649,1,0,0.28825683608906,0,0,0.2236877932585436,0,0,0.13807610329337672,0,0,0.07225552769752895,0
33,0,0.4113009331460534,1,0,0.3904146104193306,0,0,0.13541078388351951,0,0,0.1984760256963295,0,0,0.10749476024762158,0,0,0.3454995699902242,0
34,1,0.8334598795295063,1,1,0.8917152082675798,1,0,0.26949615491836476,0,0,0.2616143904949549,0,0,0.12106831784051604,0,0,0.18997131752342658,0
35,0,0.283122166336512,0,0,0.23412458377787082,0,0,0.19505472817752298,0,0,0.3499809502467287,0,0,0.2039399109790039,0,0,0.2705818059528883,0
36,1,0.7921626537796784,1,1,0.8553847140273712,1,1,0.7343396399179819,1,0,0.3513966618983857,0,0,0.16469568547290372,0,0,0.23991271906622724,0
37,1,0.8035800182626803,1,1,0.7263785210916661,1,0,0.3025900259889767,0,1,0.5302805291861643,1,0,0.17558986124415463,0,0,0.37080049926216296,1
38,0,0.7680748800254235,1,0,0.3423802866314394,0,0,0.21675954380952187,0,0,0.7612215432240543,1,0,0.268705482910065,0,1,0.29073818986505123,0
39,1,0.8896394030649951,1,1,0.6150779380294935,1,1,0.6944327612147084,1,0,0.3378875581372568,0,0,0.2637744053984258,0,0,0.33927658110741715,0
40,0,0.536121965023382,1,0,0.33862957187749276,0,0,0.3034186952837429,0,0,0.7577864791084138,1,0,0.253902051931302,0,0,0.2201674038872585,0
41,1,0.5113867096978656,1,0,0.1917993004400115,0,0,0.17045845201030366,0,1,0.6902365628195809,1,0,0.11467539806875268,0,0,0.18758681901908308,0
42,1,0.5483582168152494,1,0,0.4606994123702278,1,1,0.4461939227025493,0,0,0.48978648214284004,1,0,0.30149087227329985,0,0,0.437163704320231,1
43,0,0.12371508998807235,0,0,0.14504872348056574,0,0,0.10980905707760456,0,0,0.08729705392068703,0,0,0.7569324170265416,1,0,0.10332889052005664,0
44,0,0.4586001294940103,1,0,0.6456751243056442,1,0,0.23252629099588706,0,0,0.19272100418413024,0,0,0.16942068271566388,0,0,0.25831388243607467,0
45,1,0.718622344621463,1,0,0.2590784792805937,0,1,0.8330657603880455,1,0,0.34777545755644806,0,0,0.2250152200815775,0,1,0.6336048645769254,1
46,1,0.42064961101895537,1,1,0.41244136288456973,0,1,0.3653530162285998,0,1,0.514075034024379,1,0,0.17397482395934363,0,1,0.21240060965691204,0
47,1,0.4633140474535266,1,0,0.32056055379262705,0,0,0.26913902389758226,0,0,0.47866807963676483,1,1,0.6382253255458418,1,0,0.5274104842196529,1
48,1,0.5695327262644211,1,1,0.7058391613730267,1,0,0.3256679612714105,0,0,0.5116969650606389,1,0,0.33620929456504095,0,0,0.18374348405775165,0
49,1,0.7519616435223132,1,0,0.4390607987682478,0,0,0.3732754866750941,0,0,0.24395973021838108,0,1,0.7903255142896437,1,0,0.2796050647961585,0
50,1,0.6137360243322418,1,0,0.6972148209976862,1,0,0.25963568059144543,0,0,0.5644169991697688,1,0,0.14471933644978138,0,1,0.5365421546116483,1
51,1,0.9429905695375075,1,1,0.9856681758444689,1,1,0.7517264379373597,1,0,0.1467455600543946,0,0,0.13575307467112482,0,0,0.18862388142588035,0
52,0,0.6155439990574901,1,0,0.8375143352939727,1,0,0.08101112492666657,0,0,0.362124269467018,0,0,0.04425641077631686,0,0,0.8899768631733196,1
53,0,0.5634755263352733,1,0,0.2815356753263529,0,0,0.20543574687785346,0,0,0.45918062804103227,1,0,0.16331960537478366,0,0,0.8553090703699403,1
54,1,0.26922020313875555,0,0,0.2034106214446718,0,0,0.21624812867758722,0,0,0.32918744767832037,0,1,0.7774477231851898,1,1,0.18971946426879532,0
55,1,0.7956059920994966,1,1,0.6091636405683786,1,0,0.289875809990785,0,0,0.24485142911441135,0,1,0.5887596098987518,1,0,0.2772207820762908,0
56,0,0.5391964657244698,1,0,0.5048166595743026,1,0,0.3907888526166925,0,1,0.42495640945381075,0,0,0.20984879415575836,0,0,0.7103797174514642,1
57,0,0.6400434028351654,1,0,0.24066023950603682,0,0,0.16351330798074526,0,0,0.7387876395446394,1,0,0.18106502720700762,0,0,0.14658338493952616,0
58,1,0.7509987507536707,1,1,0.8736715195473732,1,0,0.3375023964782637,0,0,0.2739154065675287,0,0,0.15561453231343192,0,0,0.46533573951604823,1
59,0,0.5305068472421802,1,0,0.33350475215123343,0,0,0.41216865721013896,0,0,0.2528034196535832,0,1,0.6801389548529008,1,0,0.4718466755305018,1
60,0,0.2646613673316383,0,0,0.29226618649534225,0,0,0.14055996678991772,0,0,0.13192109215194212,0,0,0.4177459393678651,0,0,0.159858274182335,0
61,0,0.5634521756339838,1,0,0.48838867965894794,1,0,0.2048754231149258,0,1,0.30869946700282297,0,0,0.1764336907487395,0,0,0.5948011045718671,1
62,1,0.5651171190040435,1,0,0.3949408351120292,0,0,0.511108351825283,1,0,0.35180467897470524,0,0,0.1304360977918834,0,1,0.3933250268967436,1
63,1,0.6922476755777996,1,0,0.3978996499760694,0,0,0.4474382320818952,0,0,0.22299903850787953,0,0,0.25480255068426766,0,1,0.4941221287584912,1
64,0,0.36395142930274643,0,0,0.3762034999424216,0,0,0.08136434099730422,0,0,0.31522912844732615,0,0,0.20791774417170003,0,0,0.13081559430038764,0
65,0,0.4349515488227112,1,0,0.3953616662479162,0,0,0.15672133023609575,0,0,0.6637017914582162,1,0,0.266885854731041,0,0,0.138626862124824,0
66,0,0.46139895397338115,1,0,0.2932491246673837,0,0,0.16810307938404134,0,0,0.17230848878251467,0,0,0.17916464894659123,0,0,0.2071519539150425,0
67,0,0.5082810768154389,1,1,0.5665555024810669,1,0,0.36603059106579705,0,0,0.17634049171250935,0,0,0.1723771377983069,0,0,0.5221584305534837,1
68,0,0.5176700670790764,1,0,0.18323172055201872,0,0,0.26645305519029394,0,0,0.5195975365707608,1,0,0.19349408373164326,0,0,0.17567609771824666,0
69,1,0.7756959925237494,1,0,0.2187534118013565,0,1,0.7676751139869946,1,0,0.16100962044117814,0,0,0.0853591098059281,0,0,0.5314467635220044,1
70,1,0.8128964246648346,1,1,0.8926165581346662,1,1,0.18602193318092183,0,1,0.35310128485310216,0,1,0.18375284443269702,0,0,0.19195651831385513,0
71,1,0.6422250140618875,1,0,0.26199222070455713,0,0,0.1703280720090133,0,1,0.8278236877461054,1,0,0.19461678551837092,0,1,0.23029152061357225,0
72,1,0.7593162376916568,1,0,0.44489138182544496,1,0,0.22700679969337256,0,0,0.5001068599208449,1,0,0.34256549224269345,0,1,0.767728819827409,1
73,1,0.24533996270054922,0,0,0.2345266757059118,0,0,0.28167127952057835,0,1,0.4624782119018823,1,0,0.1820846396717903,0,0,0.37873418263633984,1
74,0,0.2631545372250784,0,0,0.48050468405340124,1,0,0.1619350628434891,0,0,0.35413524821402403,0,0,0.3751359002821466,0,0,0.201296488778557,0
75,1,0.3753681540029668,0,0,0.11857138221125488,0,0,0.07855956647566183,0,1,0.846017609025407,1,0,0.10421908811137881,0,0,0.17210198541685973,0
76,0,0.33140295594196506,0,0,0.28823480833293635,0,0,0.1980502091485718,0,0,0.3568657931091794,0,1,0.39544884618124077,0,0,0.25993158455388093,0
77,0,0.4726885440142317,1,0,0.388415321510251,0,0,0.24043246194664078,0,0,0.3122105814351234,0,0,0.1696932433932339,0,0,0.2911455141655331,0
78,1,0.3107941191851339,0,0,0.20026737753200693,0,1,0.18697309891907726,0,0,0.1519596503331133,0,0,0.25487198756701684,0,0,0.5175181588422116,1
79,0,0.4364249798274956,1,0,0.7574747679050138,1,0,0.09736514552864631,0,0,0.33448624469421806,0,0,0.07294493333486407,0,0,0.027781078437588435,0
80,1,0.5655653612602052,1,1,0.4413965728402301,1,1,0.5245797854738309,1,0,0.2118472585382301,0,0,0.09037300628580673,0,1,0.3453315342581213,0
81,1,0.354605526608791,0,0,0.22467507149170807,0,0,0.18967838514904606,0,0,0.44865668577908024,0,0,0.2844342115090811,0,0,0.18748864560067652,0
82,0,0.6411441809117032,1,0,0.5295289623018709,1,0,0.4740555901320866,0,0,0.4045495492134423,0,0,0.397796742875304,0,0,0.41383590235454687,1
83,0,0.3442353477338481,0,0,0.43035629176578927,0,0,0.20548888419697364,0,1,0.3745454650395356,0,0,0.13314483228797167,0,0,0.5029817721677399,1
84,1,0.5345714751291979,1,1,0.5588843151337036,1,1,0.5529170568919328,1,0,0.25812862299858474,0,0,0.10014298891130191,0,0,0.4864335551486486,1
85,0,0.3605079785727453,0,0,0.2517369600274744,0,0,0.30338070557182717,0,0,0.18187283903090115,0,1,0.8175445932329193,1,0,0.19555835887482498,0
86,1,0.6624949579159026,1,1,0.8600899723186519,1,0,0.19806600400360996,0,0,0.3935259848078897,0,0,0.20004295798736266,0,0,0.1974661384721593,0
87,1,0.6192586495079038,1,1,0.43080987717153174,0,0,0.5568805408807392,1,1,0.27625063030777425,0,1,0.24013829382434085,0,0,0.5863183813515441,1
88,1,0.79968177805871,1,0,0.2820744282955609,0,0,0.10779223958977052,0,1,0.5739461815432338,1,0,0.24336114776422335,0,0,0.768644573215591,1
89,1,0.8073000998204297,1,0,0.27741509481855575,0,0,0.32413695143410104,0,1,0.6238803796986718,1,0,0.3906541217906419,0,0,0.4556737988159008,1
90,0,0.6996200609149135,1,0,0.6306193044660386,1,0,0.23599910105908095,0,0,0.48063853992789307,1,0,0.18281838386545224,0,0,0.42142426673984035,1
91,1,0.4941516973799428,1,0,0.28317120246168803,0,1,0.20827128591352717,0,0,0.34689864236176815,0,0,0.20578612965292967,0,0,0.38640908164791643,1
92,1,0.3798225706135576,0,1,0.3080026045786964,0,0,0.33723281230078994,0,0,0.2918152822815828,0,0,0.2453892577098428,0,0,0.3588436631635691,0
93,1,0.6854420763681144,1,0,0.3061337950451041,0,1,0.31222556125922407,0,1,0.29448784160225816,0,1,0.3360277881556734,0,0,0.2904142436800529,0
94,0,0.5232065428173825,1,1,0.5328308268287031,1,0,0.299457312965523,0,0,0.2373048112604752,0,0,0.11025108671610233,0,0,0.43797382912895705,1
95,1,0.7492212143094528,1,0,0.2619496276251944,0,1,0.885702330354204,1,0,0.346991857137558,0,0,0.21232660930092673,0,0,0.31885529350584485,0
96,1,0.5732702145199051,1,1,0.8453423037757831,1,1,0.40979094373487207,0,0,0.3005507758082859,0,0,0.21460304112896408,0,0,0.4969855029437013,1
97,1,0.31548325069871974,0,0,0.2888657406044899,0,0,0.20569293377010678,0,0,0.2874844087043028,0,1,0.3076763725710003,0,0,0.31567885182173183,0
98,1,0.6535422638281957,1,0,0.2231163256494261,0,0,0.2647096561465085,0,0,0.7115835206403311,1,0,0.273908736477426,0,1,0.17348397234795576,0
99,0,0.2845717940941989,0,0,0.29543482264979354,0,0,0.2018717887400101,0,0,0.1711276625451532,0,0,0.26166243173191994,0,0,0.26551535701587664,0
100,0,0.7351951835062218,1,0,0.6623715413975471,1,0,0.2544862720055346,0,0,0.351172377670044,0,0,0.25889074607975593,0,0,0.22522221562287537,0
101,1,0.448717707382343,1,1,0.29409872019480704,0,1,0.5892456547987299,1,1,0.3945874600334591,0,0,0.14458817272925809,0,0,0.48235459899866195,1
102,0,0.47670319076672013,1,0,0.40182737490180576,0,0,0.3131938761685626,0,0,0.28120386377965956,0,0,0.4808034019315854,1,0,0.5066790267390405,1
103,1,0.6141967141784022,1,1,0.37840083441943206,0,0,0.08041582278845896,0,0,0.3518325819177872,0,0,0.14953142640723596,0,0,0.562522914158555,1
104,1,0.3333349982684903,0,0,0.2583489115160833,0,0,0.29732624241566424,0,0,0.28348608976636375,0,1,0.23200958564907143,0,0,0.2837013436119259,0
105,0,0.5103787071010569,1,0,0.4819489590386279,1,0,0.3511278352225072,0,0,0.2198201876479244,0,0,0.11567259724738176,0,0,0.34840799502528186,0
106,1,0.4879461790591107,1,0,0.3393781887040186,0,1,0.5260811777267012,1,0,0.33893540764063956,0,1,0.557955989818658,1,1,0.3477390788310069,0
107,1,0.42593470174975495,1,1,0.5260396031330977,1,0,0.31086962410360464,0,0,0.17151490063980251,0,0,0.23300629650012214,0,0,0.31102410843757144,0
108,0,0.5472328618827329,1,0,0.5067773194015521,1,0,0.30887568353692957,0,0,0.2734253519507731,0,0,0.1540015257030951,0,0,0.19914360226752348,0
109,1,0.8717111988063108,1,1,0.9027750774273748,1,0,0.23990672762604687,0,0,0.25799245507536783,0,0,0.1877553810113852,0,0,0.305512592776055,0
110,1,0.44497441443095187,1,0,0.538338289502153,1,1,0.22750878314202297,0,0,0.2821808030395976,0,0,0.10000812883835017,0,0,0.08977793410912464,0
111,1,0.468403986334239,1,0,0.43019137924385764,0,0,0.19783707636098077,0,0,0.255813604501931,0,0,0.1544288961937219,0,1,0.5723271089034947,1
112,0,0.5423118896346322,1,0,0.8071179576818521,1,0,0.063528392304551,0,0,0.4722260464061725,1,0,0.20816319363479313,0,0,0.5585428182676068,1
113,1,0.5425387036669239,1,0,0.23397780490039122,0,0,0.1996819563888815,0,1,0.6526616072442792,1,0,0.20749599366805244,0,0,0.30995267712593927,0
114,1,0.6545189698182369,1,0,0.2344493611331826,0,0,0.34109739637755143,0,1,0.46223671229569024,1,1,0.5160010617915475,1,0,0.30491606766787704,0
115,1,0.4913753664039327,1,1,0.279484028579388,0,0,0.21819385183718348,0,0,0.3359708157555281,0,0,0.25410909550661903,0,1,0.5936302758260131,1
116,0,0.34036181662971304,0,0,0.5145372376617214,1,0,0.30465499761609877,0,0,0.24564687895625495,0,0,0.12326734207541197,0,0,0.31819822937468045,0
117,1,0.9387232411647316,1,1,0.9821936643077556,1,0,0.17610838110922583,0,0,0.3968144770686894,0,0,0.1281255250841233,0,0,0.10294887184119803,0
118,0,0.5155735931923713,1,0,0.5641998885446694,1,0,0.4010391517608685,0,0,0.5022692888454494,1,0,0.18357226870460988,0,0,0.3387506029791305,0
119,1,0.6945453053712659,1,0,0.25109218675832956,0,1,0.4585015112878936,0,0,0.24627042155015,0,1,0.4026416076907663,0,0,0.31386814265354424,0
120,0,0.4136737073759082,1,0,0.39436698075080295,0,0,0.3371715120904153,0,0,0.36561028768070736,0,0,0.14581677447483526,0,0,0.21813210111580567,0
121,0,0.6878509392679043,1,0,0.1773385599157605,0,0,0.12313621268311584,0,0,0.41886427777586005,0,0,0.16416000092030544,0,0,0.5260448512234271,1
122,1,0.9472786454539692,1,0,0.16911152172584393,0,1,0.9659986681475297,1,0,0.23913121377308924,0,0,0.11418882197813573,0,0,0.16362712812747135,0
123,1,0.493449316891438,1,1,0.3853824237674192,0,1,0.3929057502939342,0,0,0.15352691130733825,0,0,0.15764094179930008,0,0,0.4178993229590879,1
124,1,0.42890287119123693,1,0,0.23509949614569195,0,0,0.4004830855726014,0,0,0.13162339881213744,0,1,0.702066142994481,1,0,0.36008469143422767,0
125,0,0.33569984624106386,0,0,0.40364710303121726,0,0,0.19469644769817326,0,0,0.2726343830015921,0,0,0.15337457977259292,0,0,0.16780013632471508,0
126,0,0.44295999469181313,1,0,0.19916341678299695,0,0,0.26390071876496235,0,0,0.3413101919193186,0,0,0.1310000321955594,0,0,0.47918873764007197,1
127,0,0.5064181736080148,1,1,0.7956432544552474,1,0,0.2954913513870678,0,0,0.2632781980840277,0,0,0.17261150283798998,0,0,0.3225100902383137,0
128,1,0.7623223400142731,1,0,0.4121654026514016,0,1,0.9557021122159854,1,0,0.3946591380929582,0,0,0.12250493239818255,0,0,0.09250215566121218,0
129,1,0.5416303011399974,1,1,0.7791609954766988,1,0,0.2068836154766729,0,0,0.10500010254783769,0,0,0.1083234394795023,0,1,0.4124927646185592,1
130,0,0.4358818554635007,1,0,0.6747451286927035,1,0,0.25908301998238115,0,1,0.3071469993352068,0,0,0.1433116050406854,0,0,0.10844318363977454,0
131,1,0.6087520503818922,1,0,0.4617732371735088,1,1,0.6503199582870409,1,0,0.2352857138448085,0,0,0.1766318737155306,0,1,0.3796883294001696,1
132,1,0.5938151519106215,1,0,0.3258114247785647,0,0,0.09422223088549729,0,1,0.42182787684923334,0,0,0.3349556926482188,0,0,0.2662795229050308,0
133,0,0.7422232541795091,1,0,0.24886495199027703,0,0,0.14716464486262365,0,0,0.6959229952766217,1,0,0.2361741110214792,0,0,0.35907684079042246,0
134,0,0.229629763340101,0,0,0.6185626431210121,1,0,0.09670372125003208,0,0,0.28013180549210703,0,0,0.0988145178187052,0,0,0.3212247096275676,0
135,1,0.6511135452420768,1,1,0.7251555437014202,1,0,0.31969212802359787,0,1,0.37160102381476184,0,0,0.08503595015013297,0,0,0.39026396531312857,1
136,0,0.5213496666680784,1,0,0.3414278108513837,0,0,0.5519733297981466,1,0,0.6730976641920614,1,0,0.4083660910858133,0,0,0.3695589704532215,0
137,0,0.23512893577363986,0,0,0.30989278721407537,0,0,0.163330513807829,0,0,0.19370123845827636,0,0,0.0874066290451164,0,0,0.2780291035854964,0
138,0,0.32435887474960806,0,0,0.1934195534770328,0,1,0.3038273638689519,0,0,0.2632075304211696,0,0,0.2507521396816276,0,0,0.2678451706747891,0
139,1,0.4889360649870638,1,1,0.5770020304125375,1,0,0.4896639268941246,1,0,0.39399901171822627,0,0,0.11829295380689235,0,0,0.18591018177809235,0
140,1,0.31905250183652145,0,0,0.22314839085928642,0,0,0.08713740093444597,0,0,0.20577001671322517,0,1,0.8164746628083924,1,0,0.14967654316140952,0
141,0,0.5317459755907183,1,0,0.6292224623859962,1,0,0.35021560193012047,0,0,0.32671795550443017,0,0,0.07735251087450297,0,1,0.5359134780060866,1
142,1,0.49661340794219944,1,0,0.28620750886688934,0,0,0.3212310808512562,0,0,0.24825171720615047,0,0,0.26940868132902107,0,1,0.6374953750185737,1
143,1,0.7160640482791776,1,1,0.6030754630541478,1,0,0.2616238656497793,0,0,0.29587178543181897,0,1,0.48876026155086477,1,0,0.15581132566339068,0
144,0,0.5165090092534298,1,0,0.5287867332126077,1,0,0.10906472362387333,0,0,0.4021899845888308,0,0,0.20887933776757053,0,0,0.2885926668025903,0
145,1,0.4754150866735607,1,0,0.2940552630823519,0,1,0.7020988183308432,1,0,0.4383821886919106,0,0,0.13313039660076573,0,0,0.28016635140286716,0
146,0,0.30570744097340263,0,0,0.21464790469402514,0,0,0.29061304310270347,0,0,0.1604856144229219,0,0,0.08007606748578068,0,0,0.2423222729917298,0
147,0,0.43118018513294165,1,0,0.4201365985543574,0,0,0.32626877815276917,0,0,0.40351758331389836,0,0,0.2841314082267024,0,0,0.3601591523393013,0
148,1,0.8446180850526434,1,0,0.3884971599788204,0,1,0.948451483863221,1,0,0.24419856241301396,0,0,0.2417430478317364,0,0,0.41739239637687525,1
149,1,0.46549179281632613,1,0,0.3985259536655862,0,0,0.17148538777978023,0,0,0.2544060387537128,0,0,0.21594947457058955,0,1,0.48976786135280403,1
150,1,0.517408463034965,1,0,0.33554344941637226,0,0,0.2440051552082725,0,0,0.45651461959694617,1,0,0.19522986822974045,0,1,0.5015132852040025,1
151,0,0.4600169298612118,1,0,0.6279968602141358,1,0,0.23953833321747148,0,0,0.23247220163148735,0,1,0.41466755449187664,0,0,0.1670515203571345,0
152,1,0.7199961500692185,1,0,0.3295052731055959,0,0,0.31718822166243404,0,0,0.48374601631917513,1,0,0.3875246021749829,0,0,0.6975815060929244,1
153,1,0.5267601747772283,1,0,0.2522031361691201,0,0,0.1933406587841065,0,0,0.5119472704068511,1,1,0.42214662003403514,0,0,0.23653281935539017,0
154,1,0.5687393176676503,1,1,0.5677626300623696,1,1,0.8366408848112573,1,0,0.3442208464447117,0,0,0.19291594304958537,0,0,0.4135549804332592,1
155,0,0.4954344275525975,1,0,0.41878311667931506,0,0,0.18510730970126557,0,0,0.38453034917628837,0,0,0.5965209776638479,1,0,0.2152628339936446,0
156,0,0.1335887284007792,0,0,0.34131452265264434,0,0,0.28805192082475983,0,0,0.11568450826916196,0,0,0.07392767355590886,0,0,0.19266704782955538,0
157,1,0.618410716708263,1,1,0.40077898289236014,0,1,0.8200741250171706,1,1,0.43670781547367615,0,0,0.264403221458395,0,0,0.4656745039229866,1
158,1,0.8422360484670425,1,1,0.9404225736038734,1,0,0.1572857635955713,0,0,0.24777667002759532,0,0,0.16209224203046196,0,0,0.36013453111749216,0
159,0,0.4104939380608963,1,0,0.20631958309628023,0,0,0.23836590801302188,0,0,0.07065151565305043,0,0,0.11158496422851598,0,0,0.7610682132267578,1
160,1,0.39735377614634726,1,1,0.31318189212650416,0,0,0.38471465606402366,0,1,0.6241542144978567,1,0,0.1792846014383963,0,0,0.3495044838900617,0
161,1,0.4358742622635086,1,1,0.41684837973729083,0,1,0.3486254403179051,0,0,0.2188708879913492,0,0,0.31006021426292274,0,0,0.46998535463098917,1
162,1,0.5122065666847183,1,1,0.44868239838660623,1,0,0.3034358381828039,0,0,0.27566251485165927,0,0,0.3281053061189796,0,0,0.27657903009738255,0
163,0,0.43517233986879883,1,0,0.39188789352402714,0,0,0.3983057824686159,0,1,0.3267186711972121,0,0,0.15237505287047723,0,0,0.17309951213084618,0
164,0,0.24734372912470673,0,0,0.6324131342240371,1,0,0.1452766823253939,0,0,0.13625013719325677,0,0,0.10569132510877999,0,0,0.07589437380728567,0
165,1,0.2663847285009824,0,0,0.2457906387562071,0,1,0.5918033943476593,1,0,0.18443912948001703,0,0,0.1433618032799283,0,1,0.5497257494772109,1
166,1,0.8250031945921853,1,1,0.8723697175099723,1,0,0.6090911329333369,1,0,0.19343001348240876,0,0,0.1379223489623463,0,0,0.23614469197306268,0
167,1,0.8800010677329484,1,1,0.6506166204163774,1,0,0.30419816982091075,0,0,0.30623798514030104,0,0,0.24861192138718127,0,1,0.45483729357147723,1
168,0,0.28189146038323776,0,1,0.7214491746296477,1,0,0.15730054421689024,0,0,0.27603496029886976,0,0,0.12030302879119059,0,0,0.2900841820053878,0
169,0,0.496078475855871,1,0,0.25502795825874963,0,0,0.31970267505310296,0,1,0.7065895901685931,1,0,0.21889814623163015,0,0,0.16609294906507627,0
170,1,0.36173697399137633,0,0,0.339828465451849,0,1,0.67109695131549,1,0,0.3200172247897737,0,0,0.17133227548562296,0,0,0.33569688098798356,0
171,0,0.485381275259704,1,0,0.3304665806767583,0,1,0.8271691553318203,1,0,0.3204938154650098,0,0,0.1546286740825238,0,0,0.289548606491445,0
172,1,0.41017154437485265,1,1,0.37001809941403324,0,0,0.3500306648717836,0,0,0.24352397568842385,0,0,0.13674319452169606,0,0,0.3224891747666175,0
173,0,0.2304398263238196,0,0,0.21516163270011313,0,0,0.27231315786246063,0,0,0.44476171316444835,0,0,0.12912379558946904,0,0,0.21655672391015043,0
174,1,0.5461556761212979,1,1,0.7138679716225114,1,1,0.35929457966526285,0,1,0.40383983389411415,0,0,0.21283853540174777,0,0,0.2465699801536451,0
175,1,0.436906807179545,1,1,0.2559374234662097,0,1,0.7479648206716011,1,0,0.10757486406992091,0,0,0.12026096885381753,0,0,0.4488101546013015,1
176,1,0.6475453663633831,1,1,0.6017846788399324,1,1,0.22037984931404683,0,0,0.4463930185048985,0,1,0.2635428792801095,0,0,0.23709889858828084,0
177,0,0.3466869186036545,0,0,0.3268157503566934,0,0,0.24293946239981545,0,0,0.14078348331043192,0,0,0.7725389039192172,1,0,0.2511855221616007,0
178,0,0.6246171383830592,1,0,0.37585156849118306,0,0,0.9867274867750927,1,0,0.29999262726819004,0,0,0.12302508871610036,0,0,0.44418446964934677,1
179,1,0.9474608709581824,1,0,0.06101778718167559,0,0,0.08413576997874574,0,0,0.5077324577320484,1,0,0.2293241592604811,0,1,0.943992803594315,1
180,0,0.9200810065869292,1,0,0.6677874097646859,1,0,0.9896662299095875,1,1,0.29671205465358996,0,0,0.22415077094437452,0,0,0.1969452930554266,0
181,1,0.5178626346544793,1,1,0.6702759311223032,1,0,0.1806643770997699,0,0,0.2620120911455142,0,0,0.09566804199660361,0,0,0.3452156791970057,0
182,1,0.6674804869209406,1,0,0.26855203695906005,0,1,0.530583726977414,1,0,0.34047643412985157,0,1,0.6033858975576817,1,0,0.29106928486375844,0
183,1,0.6541189977668632,1,0,0.33148973557439576,0,0,0.2867142258594113,0,0,0.24313277376341202,0,1,0.8001501487672062,1,0,0.21993020367642,0
184,0,0.3511202553783827,0,0,0.15413312759466413,0,0,0.10431301430959523,0,0,0.19042213020750262,0,0,0.343282910518026,0,0,0.28384707422602806,0
185,1,0.8190185142636962,1,0,0.5395005103770052,1,1,0.8068341387866109,1,0,0.32401292771753126,0,0,0.11308694865204345,0,0,0.29617623932187453,0
186,0,0.34824798099044363,0,0,0.10686100990507254,0,0,0.33101406774110054,0,0,0.24298269948111936,0,0,0.19069998554127837,0,0,0.2575394938682933,0
187,0,0.5136158873769059,1,0,0.3628663088541939,0,0,0.08676083496739817,0,1,0.6959956400436477,1,0,0.06700110218897094,0,0,0.24871092189198707,0
188,0,0.48093620193116066,1,0,0.5134454739303387,1,0,0.2349817315471851,0,0,0.2925827484072037,0,0,0.36705747098795755,0,0,0.5179567978776204,1
189,1,0.6234715784635156,1,0,0.552537347439716,1,1,0.8388571051345792,1,0,0.315392570220745,0,0,0.11397728904332377,0,0,0.3825278433964272,1
190,1,0.5110723734689447,1,1,0.5832671859307633,1,1,0.2711332617509374,0,0,0.5523567477029986,1,0,0.1364975046130071,0,0,0.26452853207417104,0
191,1,0.8755458865542104,1,0,0.3901998343124963,0,0,0.2711091818596137,0,0,0.673227314142743,1,0,0.38700941337151645,0,0,0.5180851994288725,1
192,1,0.5703697410762552,1,1,0.31371400066553135,0,1,0.3809324977225727,0,0,0.13676525566684852,0,1,0.4475125317927422,0,1,0.7675755453859922,1
193,0,0.38322743475878723,1,0,0.3451224638785426,0,0,0.2997505615883971,0,0,0.3200481825781665,0,0,0.11556621112820123,0,0,0.19589467867132715,0
194,1,0.7773393164028591,1,1,0.6550558773753057,1,0,0.19664484816349279,0,1,0.5319900045817735,1,0,0.10779630385361992,0,1,0.6595245094403536,1
195,0,0.3919348917870659,1,0,0.40813031618827467,0,0,0.24531110123381286,0,0,0.17095956764858755,0,0,0.09780932978358715,0,0,0.6889701957910241,1
196,1,0.5321870670120507,1,0,0.27856220770846835,0,0,0.2956443868414103,0,0,0.2543211014199034,0,0,0.2241190758035473,0,1,0.23538307838207748,0
197,0,0.06520402035589938,0,0,0.10466593028265916,0,0,0.10098385406271763,0,0,0.14284515265045844,0,0,0.46954755166499573,1,0,0.09916417325570495,0
198,1,0.5671600503260643,1,1,0.2656493527254996,0,0,0.22024188737947487,0,1,0.49613408388846353,1,1,0.10837728478736681,0,1,0.5905242065443139,1
199,1,0.6576620441185902,1,0,0.21437360531450136,0,0,0.2616198244062844,0,0,0.36059485878464526,0,0,0.21313950136133883,0,1,0.6117148660094732,1
200,0,0.404663785733405,1,0,0.6315824315049842,1,0,0.14253553188563592,0,0,0.7229642428630031,1,0,0.1881025455799765,0,0,0.13659044133039788,0
201,1,0.6483680596237422,1,1,0.766112394305629,1,0,0.34122247987645704,0,0,0.355565359835991,0,0,0.16000305376422186,0,0,0.1353659596396864,0
202,0,0.6972360531014727,1,0,0.30969509743398665,0,0,0.2448270277906169,0,0,0.27464351611233245,0,0,0.20355295959192735,0,0,0.49143243036166756,1
203,0,0.44277984317484387,1,0,0.34785603839640256,0,0,0.2887488636778197,0,0,0.5248632683692924,1,0,0.13961301006194493,0,0,0.44764283532825094,1
204,1,0.6483910571935743,1,1,0.2680531967376997,0,0,0.12572747882989807,0,1,0.811541850563644,1,0,0.2602576109900399,0,0,0.21556414029654733,0
205,0,0.7127692387420734,1,0,0.6751540482754733,1,0,0.22137502178924798,0,0,0.35524492937569474,0,0,0.16302696005538758,0,0,0.1430932581136956,0
206,1,0.8016768122149797,1,1,0.9020253269384024,1,0,0.3335100327120461,0,0,0.19617147822491943,0,0,0.1328990207884863,0,0,0.4874421276523053,1
207,1,0.4397195897432023,1,0,0.2849116230713773,0,0,0.15130376942329973,0,1,0.27372133848121655,0,0,0.21265437287084035,0,0,0.38434825195759936,1
208,0,0.4440254004338051,1,0,0.6385849667973098,1,0,0.11517901976640495,0,0,0.31442428008586293,0,0,0.11012714407123189,0,0,0.4098147734709627,1
209,0,0.39278686497144905,1,0,0.4076431233842804,0,1,0.42997202204341034,0,0,0.4021915120058564,0,1,0.6561167906075206,1,1,0.2324262482654658,0
210,0,0.37575679621257896,0,0,0.6461786290572508,1,0,0.09957265191149654,0,0,0.1927015868439196,0,0,0.15829993340644968,0,0,0.3577283079786663,0
211,1,0.7502419243286065,1,1,0.8143443819660341,1,0,0.17502344672966966,0,1,0.20132115271727588,0,0,0.20774849316160934,0,0,0.13969568929824977,0
212,1,0.6352349374695804,1,1,0.7201490828710468,1,0,0.48511237521083944,1,0,0.4462311656574242,0,0,0.12554016928995576,0,0,0.5519627461124679,1
213,0,0.3238256814245199,0,0,0.18381821527192924,0,0,0.1275184986451301,0,0,0.3889117850544285,0,0,0.39008434451452134,0,1,0.7140644524128208,1
214,1,0.392068530200451,1,1,0.5401113746404236,1,0,0.3638990128626599,0,0,0.3214360827522365,0,0,0.10518360338437825,0,1,0.6927639859507858,1
215,1,0.4549322940546708,1,0,0.30209899793749295,0,0,0.1261619554787699,0,0,0.24898006618360952,0,0,0.08448483222785723,0,1,0.8664114038054423,1
216,1,0.6278328411123517,1,1,0.7202738706905962,1,0,0.10065566800946751,0,0,0.4371176926265901,0,0,0.1319854861059747,0,0,0.18754104525424972,0
217,1,0.6478455475803043,1,0,0.3422325144743575,0,1,0.8524967768504236,1,0,0.31090852830329574,0,0,0.21916666235900667,0,1,0.6201483118828803,1
218,0,0.4670777436074905,1,0,0.2769298160677208,0,0,0.4092424531441529,0,0,0.4223399302464505,0,0,0.29971195570276005,0,0,0.3556238388740712,0
219,0,0.6391261479329019,1,0,0.29141985234190254,0,1,0.7107012820834103,1,0,0.4702664786657133,1,0,0.22893081269842958,0,0,0.3047075697340425,0
220,0,0.45566661554875654,1,0,0.38471186051810957,0,0,0.27003994112535973,0,0,0.262273056034654,0,0,0.1452369358285255,0,1,0.5997227250530565,1
221,1,0.5951786129297677,1,0,0.25535737655226315,0,1,0.6444245244109948,1,0,0.2036011774277909,0,0,0.2265534360497632,0,0,0.24852033789358008,0
222,0,0.6939036377194211,1,0,0.507527390405608,1,0,0.22577398666730397,0,0,0.6071093854083979,1,0,0.13103784394784967,0,0,0.2227261103920102,0
223,1,0.8407969417730011,1,1,0.8273754753754533,1,0,0.3265514028510455,0,0,0.4225918876000075,0,0,0.15295069067254338,0,0,0.29992538300414784,0
224,0,0.5522932809242843,1,0,0.4991835692894589,1,0,0.295580960600125,0,0,0.2091674371993225,0,0,0.15576599996107438,0,0,0.24884473896221462,0
225,0,0.42510900022454046,1,0,0.5418520010604899,1,0,0.1965747041639116,0,1,0.5011897371128072,1,0,0.13387159964410192,0,1,0.3823058004440756,1
226,0,0.5853892571554387,1,0,0.24457488559565405,0,0,0.1635089940383027,0,0,0.7664248866988908,1,0,0.29540873668698486,0,0,0.2870656616251805,0
227,0,0.3488583670852993,0,0,0.37202389995973956,0,0,0.2856627342220338,0,0,0.37020239706329977,0,0,0.1309471183459529,0,0,0.4594693200138602,1
228,0,0.6627345560028947,1,0,0.10861583702133733,0,0,0.12732220659245577,0,0,0.5486434545094593,1,0,0.9071705073613191,1,0,0.1252849984439634,0
229,0,0.5058074589873375,1,0,0.3324518509520757,0,0,0.29569541591666254,0,1,0.6069811301182739,1,0,0.18356267984763858,0,0,0.2754551394356376,0
230,0,0.3799809216310236,0,1,0.46234895962409117,1,0,0.18434944130266562,0,1,0.44745073839945343,0,0,0.3279682491306946,0,0,0.2597767619009593,0
231,1,0.6508913565387169,1,1,0.6878188637281563,1,1,0.4487472528219875,0,0,0.25101866342742496,0,0,0.2447105586016018,0,1,0.2542141011279218,0
232,0,0.537711054857529,1,0,0.23190610572470705,0,0,0.2156045296906105,0,0,0.23657236281523938,0,0,0.12079998271608247,0,0,0.3091026480913006,0
233,0,0.2985144640373987,0,0,0.42567737632835095,0,0,0.12449885224038218,0,0,0.15245737594995024,0,0,0.10914288109720569,0,0,0.17986684212413737,0
234,1,0.11350157641984299,0,0,0.38285474225589267,0,0,0.17332137280429813,0,0,0.32841983949432774,0,0,0.13825612835446502,0,1,0.1718794525749202,0
235,1,0.8266707610784805,1,0,0.3545327033660999,0,1,0.9021964112473885,1,0,0.2932067022562977,0,0,0.12144028017980421,0,0,0.3202469207285676,0
236,1,0.7721644476384665,1,0,0.36293996829346425,0,1,0.8943144258285582,1,0,0.5409727807915415,1,0,0.10027686610622508,0,0,0.1436242291911163,0
237,0,0.5105518530291508,1,0,0.4194036482495813,0,0,0.3813730485762316,0,0,0.27078139756523084,0,0,0.13913702331054614,0,0,0.2075606027758948,0
238,0,0.5175789801928299,1,0,0.40398008817237707,0,0,0.3822298067602637,0,0,0.4158110728446125,0,0,0.1053296440638109,0,0,0.22699458430696545,0
239,1,0.6098301034024304,1,1,0.7075955030946298,1,0,0.48971344214862333,1,0,0.21318299878137123,0,0,0.11993070658111832,0,0,0.34212063656708036,0
240,0,0.3866090472998967,1,0,0.4996847120007932,1,0,0.16630823593320698,0,0,0.45735440354930673,1,0,0.165113484074144,0,0,0.3687162281910253,0
241,0,0.5708723290154925,1,0,0.6724370895292797,1,0,0.1045700402119501,0,0,0.37820717726199926,0,0,0.09549163061390431,0,0,0.3559140827874766,0
242,0,0.4044098538445604,1,0,0.3280805567156302,0,0,0.2645858681603405,0,0,0.3601759887713045,0,0,0.28465601585956923,0,0,0.1710916043368275,0
243,1,0.5187240560373579,1,0,0.3029796483459135,0,0,0.24206459932105762,0,0,0.31411248494252264,0,1,0.5080984040558613,1,0,0.1533826263161845,0
244,0,0.2613998001101262,0,0,0.2997565418955256,0,0,0.2141546509973814,0,0,0.19954010432620203,0,0,0.13417029695391347,0,0,0.6537077908663633,1
245,1,0.5149937797108985,1,0,0.33382540029049995,0,0,0.20490413394270443,0,0,0.5072068539343095,1,1,0.5191881863028441,1,0,0.32612643470901503,0
246,1,0.6166900894098085,1,1,0.45429805558781317,1,0,0.39499932951479927,0,0,0.28211991105483897,0,0,0.10670160109335566,0,0,0.32242256806943637,0
247,0,0.7003887347664063,1,1,0.7336500849563767,1,0,0.23674709148541517,0,0,0.3649431234710626,0,0,0.11923239710241311,0,0,0.7674503935023048,1
248,0,0.40872780942881803,1,0,0.3284801346600157,0,0,0.29549723634935315,0,1,0.6805315484728224,1,0,0.1582158497265676,0,0,0.26512981874234537,0
249,1,0.5618476035916442,1,0,0.23261965074029314,0,1,0.6851500776346743,1,0,0.4104071516896726,0,0,0.1757438238955996,0,0,0.2571860108934493,0
250,1,0.2694299408088245,0,0,0.30209212750151543,0,0,0.2727202503546026,0,0,0.35398200283666753,0,0,0.1596041740420255,0,1,0.7059975995472222,1
251,0,0.295127844534186,0,0,0.4802675569302358,1,0,0.15880775869736652,0,0,0.3365270122092057,0,0,0.1677361756323697,0,0,0.18833151143260707,0
252,0,0.4416563319696019,1,0,0.3918766316585307,0,0,0.30645443715566784,0,0,0.21438438123755918,0,0,0.44211623339863154,0,0,0.36754524800715394,0
253,0,0.8973229222798055,1,1,0.5612316871096784,1,0,0.17869825418326835,0,0,0.16902139764854388,0,1,0.6960339321985493,1,0,0.20889799390893837,0
254,1,0.8061935322024405,1,1,0.8020023801183723,1,0,0.3128269671273012,0,0,0.13386670907863685,0,0,0.1399660302144201,0,0,0.3153499537568171,0
255,0,0.8599533075370067,1,0,0.2545440040728599,0,0,0.3712047559045426,0,0,0.4462387862964719,0,0,0.23081214607706957,0,0,0.5826792779642318,1
256,1,0.8086346678723648,1,0,0.09753234874386353,0,0,0.07868746250100116,0,1,0.6694841824131759,1,0,0.07250334802170899,0,0,0.8246666172194468,1
257,0,0.5213938241331671,1,1,0.49670358272700527,1,0,0.3596977456732746,0,0,0.24364321270683267,0,0,0.11337400024113259,0,0,0.15423039992909732,0
258,1,0.7540626069174481,1,1,0.18396367210569886,0,1,0.8781816647225316,1,0,0.23438376933597665,0,0,0.30503629001814375,0,0,0.21595092329236049,0
259,1,0.4336081982817579,1,1,0.5447877310515401,1,0,0.12726086378603746,0,0,0.256735354520422,0,0,0.13222053945807422,0,0,0.26233250434738986,0
260,1,0.7405795442723643,1,1,0.8917016107202421,1,1,0.9592368377637471,1,0,0.19690001801866433,0,0,0.07399996896468466,0,1,0.2482090473036457,0
261,0,0.5462593103306354,1,0,0.2733403399394704,0,0,0.20544733511162658,0,0,0.4117123570542188,0,0,0.09486616606233704,0,1,0.8174563638657164,1
262,1,0.5871139370084246,1,1,0.4412143427106675,1,0,0.40492107302689445,0,1,0.34172663711104095,0,1,0.45800830069593407,1,1,0.5687619908903364,1
263,0,0.14586776610104737,0,0,0.18631776749110207,0,0,0.13115788590570931,0,1,0.2294644768125173,0,0,0.20503313297862846,0,0,0.13954310248185692,0
264,1,0.4633422572567893,1,0,0.21053162885772445,0,0,0.29376195078246664,0,0,0.3457547937793007,0,1,0.6242593208898188,1,0,0.3655264450598059,0
265,0,0.3381821614413866,0,0,0.5541124354980906,1,0,0.15782961182193259,0,0,0.3536900145905487,0,0,0.2608764158671985,0,0,0.3471957214480699,0
266,0,0.48993405594432715,1,0,0.17936019760469116,0,0,0.140959253238163,0,0,0.49924271923631663,1,0,0.3101625319927727,0,0,0.14650949794186624,0
267,1,0.6802881573905697,1,0,0.43769914216546396,0,1,0.7108214256223452,1,1,0.2774204901354164,0,0,0.2732678208518664,0,1,0.6145585243479036,1
268,1,0.6218505543668458,1,0,0.22357834409751626,0,1,0.7029643197776941,1,1,0.522658555883952,1,0,0.2996002132585017,0,0,0.17457686010404955,0
269,1,0.43167447991048813,1,0,0.44621290723391316,1,1,0.7582701682909293,1,0,0.44536954152112207,0,0,0.20791772000801584,0,1,0.38946008419417677,1
270,0,0.5227767851171637,1,0,0.5267482707302678,1,0,0.35146134037485177,0,0,0.2641913284359558,0,0,0.21459917099671796,0,0,0.383362858061433,1
271,1,0.7527803138291153,1,1,0.940476831780507,1,0,0.1378608047480206,0,0,0.28864434910973485,0,0,0.11114051482374175,0,0,0.21997587593581838,0
272,0,0.4888607491069673,1,1,0.7316106030431557,1,0,0.21722560306387437,0,1,0.5811900446421592,1,0,0.25614983463146956,0,0,0.1036484628775919,0
273,0,0.43280553172977776,1,0,0.3220758990751632,0,0,0.3608104284964233,0,0,0.2651002746028017,0,0,0.1795412229647177,0,0,0.44770840975141424,1
274,1,0.7323398899896107,1,1,0.8097196201001289,1,0,0.20111492024983316,0,0,0.1514611274637713,0,1,0.8035969234863235,1,0,0.21048099711523865,0
275,1,0.4888841478210415,1,0,0.33160433299839553,0,0,0.09531639425822828,0,1,0.5452913468306343,1,0,0.16213654260849938,0,0,0.29772503050756505,0
276,1,0.786038079970646,1,0,0.16430395197405795,0,1,0.81475151236139,1,0,0.25418462982709383,0,0,0.16279606814711214,0,0,0.16677747893647127,0
277,1,0.4181212756753204,1,0,0.423931037753563,0,0,0.1549010441922108,0,1,0.545776957612573,1,1,0.6477533616313452,1,0,0.26985880274177876,0
278,1,0.5137239246967528,1,0,0.13148236232424168,0,0,0.3446116257985516,0,0,0.2553871343730929,0,0,0.1388104850756255,0,1,0.6104975259431943,1
279,1,0.9086340232235843,1,1,0.8940047023666216,1,0,0.25461764686173816,0,0,0.34575833436988235,0,0,0.21331093709836996,0,0,0.5290800173830791,1
280,1,0.3604496158564053,0,0,0.15194505531335983,0,0,0.12331429707453007,0,0,0.1437968165959317,0,1,0.6554182915618452,1,0,0.15274433936296464,0
281,0,0.4265282928730629,1,0,0.07666173101496,0,0,0.10162420061357239,0,0,0.9823484558560052,1,0,0.3262591828571468,0,0,0.10811734877439305,0
282,0,0.20041117527120386,0,0,0.10167574651298965,0,0,0.271896568246072,0,0,0.7973696433213109,1,0,0.16946466182631367,0,0,0.1272370878945302,0
283,1,0.4983645366517326,1,0,0.2489409700824169,0,1,0.6269587019544222,1,0,0.3513707608788712,0,0,0.23099714241894279,0,0,0.3140574387659954,0
284,1,0.710794532478043,1,0,0.2907408983436394,0,0,0.2065014116685294,0,0,0.4894256792261447,1,1,0.9014618185610517,1,0,0.23109909584470473,0
285,1,0.7897792824666452,1,0,0.3064769914995076,0,1,0.7642854711649409,1,0,0.4151582220154599,0,0,0.21054669825577332,0,0,0.14317987050857925,0
286,1,0.7159344325665767,1,0,0.2672450461392106,0,1,0.837322537483439,1,0,0.1819357556599585,0,0,0.2388129595702775,0,0,0.16810488188219366,0
287,1,0.8324218545817916,1,0,0.36540564138930387,0,0,0.35410700777687415,0,1,0.6122354986473961,1,1,0.644884937137423,1,0,0.13031938535573193,0
288,0,0.44803406079557784,1,0,0.4425196410764045,1,0,0.2952097937956443,0,0,0.4812587417743569,1,0,0.2506994519049057,0,0,0.30734570478838374,0
289,1,0.7620372436408487,1,0,0.3906552106335907,0,1,0.3021016968160813,0,0,0.7376738362732259,1,0,0.2766108823364432,0,1,0.6735666655863561,1
290,0,0.5631454855746186,1,1,0.49009047989779164,1,0,0.3568177781313201,0,0,0.20920509890796612,0,0,0.24710239869572,0,0,0.280551411707181,0
291,1,0.7988019009264206,1,0,0.2806221822845714,0,0,0.3637574155071429,0,1,0.2383611685731059,0,0,0.2810757589702874,0,1,0.6185515778919218,1
292,0,0.4440873462252556,1,0,0.6304647425638699,1,0,0.3042072822088834,0,0,0.45842447979931605,1,0,0.16212442490050716,0,0,0.4060662164191067,1
293,1,0.5919883916633757,1,1,0.8074172355330772,1,0,0.30260504193264165,0,1,0.4316544200669677,0,0,0.39261394031107477,0,0,0.24649323375010188,0
294,0,0.6718789959738342,1,0,0.227372182575699,0,0,0.24145454551303075,0,0,0.7229553526073544,1,0,0.12398388531539747,0,0,0.20356244346699895,0
295,1,0.8385695312211545,1,1,0.9703700745189462,1,0,0.32157782877061303,0,0,0.31417931772454766,0,0,0.07882118458710984,0,0,0.27192314071567675,0
296,0,0.4553627838793752,1,0,0.7219601903561466,1,0,0.25252031738555086,0,0,0.1646262268820121,0,0,0.11415947500459525,0,0,0.19356674575594204,0
297,1,0.37193046647669914,0,0,0.359538331464707,0,0,0.27434032783851875,0,0,0.45594303617080373,1,1,0.47504144186602915,1,0,0.3392664353265383,0
298,1,0.5771814674811006,1,1,0.4742108959644868,1,1,0.18584614916283873,0,0,0.46635103447720744,1,0,0.3917862589699286,0,1,0.25988876900265734,0
299,1,0.5006187527147664,1,0,0.2283116140202023,0,0,0.20254395961527477,0,0,0.6440640151238368,1,1,0.7620833912718993,1,0,0.2072050494744758,0
300,1,0.9139751237072048,1,1,0.9454664839820035,1,0,0.558768464119014,1,0,0.28800209166901986,0,0,0.19630935395450633,0,0,0.13855897321078225,0
301,1,0.8275467510185351,1,0,0.3055960443525391,0,1,0.9333341827633568,1,0,0.11470578586744089,0,0,0.21121731282189582,0,1,0.24007672529736682,0
302,1,0.5798292684551684,1,0,0.20200249982818488,0,0,0.2761678378334659,0,1,0.31314899919721756,0,1,0.637000305294827,1,0,0.24715053008362214,0
303,1,0.7124004881912719,1,0,0.2588153516612201,0,1,0.8255515104277059,1,0,0.1433642046104197,0,0,0.25776924158580694,0,0,0.12247568142020943,0
304,0,0.5038885493203864,1,0,0.4700253790208021,1,0,0.377563062531003,0,0,0.3124998482640514,0,0,0.1653709360982606,0,0,0.5016416949150934,1
305,1,0.577777775894027,1,1,0.4366944396852955,0,0,0.30756644264144123,0,0,0.28318699452022467,0,0,0.18570662925772688,0,1,0.24354833078100438,0
306,1,0.54857663880375,1,1,0.5166192808572652,1,0,0.310802447077679,0,0,0.22873436207664244,0,0,0.107791171801258,0,0,0.41047911304280804,1
307,1,0.4261519925530749,1,0,0.3326838503090845,0,1,0.38214633127833303,0,0,0.19428267314417422,0,0,0.09421593446202817,0,1,0.6927203629519274,1
308,0,0.33609552909202206,0,0,0.14940208210652095,0,1,0.2601151101057821,0,1,0.3829312754193312,0,0,0.19323139352326785,0,0,0.1864248312588346,0
309,1,0.48038986443704806,1,1,0.5071459456140288,1,0,0.31078744043346046,0,0,0.3206951011211917,0,0,0.1683873598313358,0,0,0.17261989835853142,0
310,1,0.9212781685023076,1,1,0.7845299637334363,1,0,0.10184695438219142,0,0,0.7946826972043699,1,0,0.13953597131215148,0,0,0.3001533099920224,0
311,1,0.5342546551378768,1,1,0.4557375726622954,1,1,0.5461044446649539,1,1,0.2720262831391007,0,0,0.23727992845268808,0,0,0.3867447763579353,1
312,1,0.6009765753014796,1,0,0.40747199808184936,0,0,0.45444556860526814,0,0,0.41420571420480806,0,0,0.4270813799163624,0,1,0.26283030567578475,0
313,1,0.8296667170152848,1,1,0.8922882338364182,1,0,0.24171301850768045,0,1,0.1362300625866824,0,0,0.1888996010016948,0,0,0.6844287960211847,1
314,0,0.520310409754122,1,1,0.6257704703041842,1,0,0.27846897494556117,0,0,0.6294978072538936,1,0,0.18698448932269315,0,0,0.2672237480319821,0
315,1,0.5453889029127174,1,0,0.16794909755978316,0,0,0.04035652555657872,0,1,0.5632850579795675,1,1,0.5134628357344272,1,0,0.06670276284066065,0
316,1,0.4352815945410579,1,0,0.3976716674137225,0,1,0.4890423191948008,1,0,0.2553458039526051,0,0,0.3729548019981676,0,0,0.462329497285617,1
317,1,0.4413388055474193,1,0,0.2906042611388527,0,1,0.6492693397766036,1,0,0.35770486568907883,0,0,0.07970337941619633,0,0,0.4365235902666287,1
318,0,0.17818345095521665,0,0,0.17515614761722692,0,0,0.13510900369494167,0,0,0.16418512956758044,0,0,0.5411538707305051,1,0,0.20062098502917508,0
319,1,0.3963312425358634,1,1,0.6804849692689141,1,0,0.37316283048106197,0,1,0.264139534332788,0,0,0.2431594754501752,0,0,0.25607026066852306,0
320,1,0.812407843353976,1,0,0.5474387597105057,1,1,0.6786136715499719,1,1,0.26704797635486516,0,0,0.32665178223764096,0,0,0.25865052810738337,0
321,1,0.7267154713127324,1,0,0.2724117328483959,0,1,0.7089262788710977,1,0,0.2726243200555206,0,0,0.22897823257890973,0,0,0.2921720482964704,0
322,1,0.81856616262976,1,1,0.8700218175080111,1,0,0.32134146802982294,0,0,0.2411964764151873,0,0,0.23435582106751482,0,0,0.2150235376157613,0
323,1,0.5924715079226782,1,0,0.17714833368434452,0,0,0.40300164038586883,0,0,0.24121427929365447,0,1,0.7224148771373645,1,0,0.23692492384302552,0
324,0,0.2907599904049963,0,0,0.2951388748060655,0,0,0.28002127949669836,0,0,0.36454122274953754,0,0,0.1647830333537693,0,0,0.2502925990032251,0
325,1,0.6177230537781013,1,0,0.20051924571713994,0,1,0.6481164080313289,1,0,0.4850560893069187,1,0,0.20547230444804804,0,0,0.24115315830616035,0
326,1,0.39013891701171655,1,0,0.1914206712724646,0,0,0.09243893469596554,0,0,0.2476262671688542,0,0,0.13950915822003537,0,1,0.9309369986700909,1
327,1,0.5628133857829863,1,1,0.5842973503541691,1,0,0.1863359267852689,0,0,0.34542887450208815,0,0,0.2777984648468447,0,0,0.2008257610212865,0
328,1,0.6086271634759628,1,1,0.46734546955258577,1,1,0.5745164710912907,1,0,0.1982350949181326,0,0,0.165289361118676,0,0,0.21035560642365608,0
329,1,0.41623017214737484,1,0,0.21230698328116934,0,1,0.38448460776121895,0,0,0.3693950948326529,0,0,0.10163024423633131,0,1,0.37957240397539377,1
330,0,0.3832253808799703,1,0,0.16334540621516394,0,0,0.35135661240527655,0,0,0.2369966569514324,0,0,0.16585458555782273,0,0,0.623677014804818,1
331,1,0.6397654226967968,1,0,0.38107270718952063,0,1,0.6216892117853963,1,0,0.31796198063371606,0,0,0.14737767692576212,0,0,0.24609510847498045,0
332,1,0.38407979009859206,1,0,0.2658261891209932,0,0,0.24063487057066482,0,0,0.1503097929276184,0,1,0.4594236392682811,1,0,0.21241157365124516,0
333,0,0.4881964580313456,1,1,0.5560499061074045,1,0,0.22527024745290114,0,0,0.3790627781821642,0,0,0.15142393622547426,0,0,0.4191747833961417,1
334,1,0.3633779632152707,0,0,0.22282548659739407,0,0,0.27033159728645556,0,0,0.4969121293744278,1,0,0.25119776781189895,0,1,0.46529263887324646,1
335,0,0.4612774601273499,1,0,0.27791166471356976,0,0,0.2275322082058175,0,0,0.2522480193128646,0,0,0.3259772212944331,0,0,0.19986785013992497,0
336,1,0.4711029599212452,1,0,0.550396115210845,1,0,0.15008428139755514,0,1,0.8262638895266341,1,0,0.1596696424659688,0,0,0.2754021290764816,0
337,1,0.6875002133944191,1,1,0.585161236658855,1,0,0.14731303955862432,0,1,0.267165942483472,0,0,0.14884829160804394,0,1,0.727449842128711,1
338,0,0.5105397865544452,1,0,0.23159114924650412,0,0,0.5791293686575233,1,0,0.580530203641813,1,0,0.24180885587838608,0,0,0.1967183230775601,0
339,0,0.4599669387389678,1,0,0.3942798771656858,0,0,0.14285367385507594,0,0,0.23198861666973897,0,0,0.2459908675752677,0,0,0.2265375383861959,0
340,1,0.8579036334569475,1,0,0.2857761876663745,0,1,0.9046387723933549,1,0,0.3448426444200414,0,0,0.22574326780839632,0,0,0.32027883469722906,0
341,0,0.505397067863923,1,0,0.33723531995971334,0,0,0.3931631431844842,0,1,0.5643396032873967,1,1,0.31271898759467953,0,0,0.3477368720538578,0
342,1,0.687562977559868,1,0,0.47312375922271616,1,1,0.8135670428130843,1,0,0.4500625498190982,1,0,0.09278127382639284,0,0,0.4416089548053638,1
343,1,0.44705253248557886,1,0,0.38431048674467255,0,0,0.22725159755563587,0,1,0.417262980357176,0,0,0.11783074943231385,0,0,0.22424064176292247,0
344,0,0.3443744094558229,0,0,0.2880155239970738,0,0,0.31795795829291684,0,0,0.44768119348091295,0,0,0.4700338647452941,1,0,0.3009719203527465,0
345,1,0.5786192704366797,1,0,0.21186400753510856,0,0,0.21514392782489783,0,1,0.34437643399870455,0,0,0.2979532875724074,0,1,0.41980760719789695,1
346,1,0.5056899580108364,1,1,0.4778926487319058,1,0,0.2789055761083543,0,0,0.3792390520372179,0,0,0.10360667218186317,0,0,0.3746351859948452,1
347,1,0.2531527092721126,0,1,0.4166726038133409,0,0,0.2165182085480449,0,0,0.2214586503550678,0,0,0.20070069034197413,0,1,0.27409922922500224,0
348,0,0.5800395105040087,1,0,0.6013494948940258,1,0,0.31711622571510195,0,0,0.21271597626582908,0,0,0.22851951673915355,0,0,0.5484154048197045,1
349,1,0.550116096613665,1,1,0.7080637766674394,1,0,0.2012165075262965,0,0,0.2756738736109131,0,0,0.16184073241535457,0,0,0.20958230206298872,0
350,0,0.48598687683149616,1,0,0.2172569714068988,0,0,0.31379743455431347,0,0,0.5490082652198387,1,0,0.2619753526205595,0,0,0.39415098764408096,1
351,1,0.7055824797573699,1,1,0.6505883183840294,1,0,0.5477310616892668,1,0,0.3128968875714554,0,0,0.23146898033159843,0,1,0.3453515915531419,0
352,1,0.512207297191441,1,1,0.29899526770281554,0,0,0.1208462763822132,0,1,0.4971179009520192,1,0,0.27783948462793073,0,0,0.15571706969877896,0
353,1,0.9265757799328797,1,1,0.9723905797496304,1,0,0.15615943234720772,0,0,0.34956051335881616,0,0,0.15530847907678688,0,1,0.3878573085545084,1
354,1,0.4890754117508196,1,1,0.4477213622027433,1,0,0.2561847521422272,0,1,0.31162235824276135,0,0,0.2851280809637867,0,0,0.24540180940302095,0
355,1,0.7180809171748554,1,1,0.7158329919845765,1,0,0.3672372292975791,0,0,0.458520306116981,1,0,0.2884210408010888,0,0,0.2114921755081558,0
356,0,0.5393290136707696,1,0,0.30971706413945155,0,1,0.8329247151109292,1,0,0.24985980460273538,0,0,0.13190968207965095,0,0,0.43124613698487485,1
357,1,0.22000612427455854,0,1,0.29142897212883,0,0,0.4180307679416327,0,0,0.38926132624348986,0,0,0.15037610381895444,0,0,0.18055778673778042,0
358,0,0.33634405068803674,0,0,0.5343788212479009,1,0,0.1564124552763229,0,0,0.3811895125859588,0,0,0.09959822564592921,0,0,0.18431150990235734,0
359,1,0.7606935912631777,1,1,0.6567860356781703,1,1,0.5636081291553684,1,0,0.40675046132773934,0,0,0.1368410743288574,0,0,0.22880489216322267,0
360,0,0.8581979821732704,1,0,0.6481998032294128,1,0,0.4304793136620783,0,0,0.34459207057935015,0,0,0.7017342409809058,1,0,0.6459786997587581,1
361,1,0.6547252354748938,1,1,0.4686382187928855,1,1,0.7376997710779418,1,1,0.1910023984671699,0,0,0.1628028481895317,0,0,0.32936100952435565,0
362,0,0.4081092818065987,1,0,0.10593289008775258,0,0,0.09547620317499979,0,0,0.15762261566116956,0,0,0.06565783036253332,0,0,0.11674356432687763,0
363,1,0.18160227401001452,0,1,0.22658737864959044,0,0,0.2395927736155482,0,1,0.29551418286556513,0,0,0.13453068199320603,0,0,0.12036747408269154,0
364,1,0.6613269546581992,1,1,0.4407890799512144,1,1,0.49360790720417963,1,1,0.6239747628566259,1,1,0.429383896980779,0,1,0.3799553567724874,1
365,1,0.40576386346471754,1,1,0.5569707986973994,1,0,0.1858741234569462,0,0,0.32644625149418616,0,0,0.1873016367271285,0,0,0.2564303561425023,0
366,1,0.5950093392335668,1,0,0.4039428388087466,0,1,0.6147238562127528,1,0,0.26909285173949565,0,0,0.23994764244711983,0,0,0.5931189681359652,1
367,1,0.7059060111445399,1,1,0.505529507092212,1,0,0.27429681185116184,0,0,0.5715157024259242,1,0,0.17027781830595287,0,0,0.21982134653163668,0
368,0,0.5350208606674962,1,0,0.5451038537482062,1,0,0.22023344654605093,0,0,0.37233391792827786,0,0,0.5221421821123979,1,0,0.35652824159389274,0
369,1,0.7758797332622104,1,0,0.2112739785044321,0,0,0.11389496515192256,0,1,0.369843757660355,0,0,0.13024405344411688,0,1,0.8566573786589621,1
370,1,0.46940763486937,1,0,0.5966522783011977,1,0,0.38567844333807366,0,1,0.23945926205028814,0,0,0.281984243525565,0,0,0.3106052288533286,0
371,1,0.33546997890304714,0,1,0.3321814332776462,0,0,0.31848393580908096,0,0,0.3637304239641865,0,0,0.16959174946722513,0,0,0.43320797222514634,1
372,0,0.5445360940292213,1,0,0.3072681672930025,0,0,0.2532744985980914,0,0,0.35314278585559095,0,0,0.24259434344929345,0,0,0.3771587220680553,1
373,0,0.33506366093906176,0,0,0.28575233784413967,0,0,0.254942359138934,0,0,0.32281292539457895,0,0,0.4401886162496264,0,0,0.25346141483053125,0
374,1,0.789966645021443,1,0,0.20941254086305333,0,0,0.2450308037435334,0,0,0.26188851070082464,0,1,0.9222676384044785,1,0,0.1369466250894059,0
375,1,0.5308264071840856,1,0,0.1979672508232611,0,0,0.22766861764984278,0,1,0.30345639944570146,0,1,0.6864541945812586,1,0,0.2898394758844817,0
376,1,0.7705600354042861,1,1,0.9222081138964239,1,1,0.6523304304475114,1,0,0.18228212928327028,0,0,0.12967740556805743,0,0,0.17350693636671266,0
377,1,0.7910791239196754,1,1,0.36256159621356837,0,1,0.5084277769511528,1,1,0.48695089513199863,1,1,0.5389296348589228,1,0,0.30998491305606685,0
378,1,0.8709927646782546,1,1,0.9028714402101014,1,1,0.3448694597710671,0,0,0.4639787468506287,1,0,0.1403670058574514,0,0,0.2524554126939141,0
379,0,0.3239305657936071,0,0,0.22146871087569306,0,0,0.36926336987081787,0,0,0.16503532109023472,0,0,0.17121047767045874,0,0,0.35382660907355096,0
380,0,0.7805863840809261,1,0,0.6777022306118349,1,0,0.20394262611646874,0,0,0.6102230055525154,1,0,0.37693958149245166,0,0,0.1301327591908237,0
381,1,0.38319246866268325,1,0,0.3088968676213662,0,0,0.21005187042670656,0,0,0.45032005226771354,1,1,0.22728386490458513,0,0,0.22209346302189684,0
382,0,0.426037404023772,1,1,0.46162067339931,1,0,0.2809847643587442,0,1,0.19612043786470998,0,0,0.1340716420967505,0,0,0.2309582099771117,0
383,1,0.6857057496001926,1,0,0.32708509646529366,0,1,0.48595412508035635,1,0,0.32069517254287594,0,0,0.26911666717609045,0,0,0.3414561092608237,0
384,1,0.5026032998530491,1,1,0.42673818160751886,0,1,0.5521388702642914,1,0,0.1718038687416997,0,0,0.12702361654903188,0,0,0.17566184741323537,0
385,1,0.5626025348839936,1,0,0.19929472672786086,0,0,0.26974406072075013,0,1,0.354830056902636,0,1,0.6249797757467112,1,0,0.23874956680936493,0
386,1,0.40107030042899067,1,1,0.2616729174899073,0,0,0.2846538033380239,0,1,0.7994026540751348,1,0,0.1934328817997833,0,0,0.19272243966428224,0
387,0,0.29607014424120426,0,0,0.24261532652769058,0,0,0.24739277127827242,0,0,0.1794636635000263,0,0,0.16098482233954,0,0,0.22213199468747685,0
388,0,0.6599339667739164,1,0,0.17517988852421432,0,0,0.4350119784607873,0,0,0.677750093351522,1,0,0.29689799432758507,0,0,0.37194485590514825,1
389,0,0.48982652469123134,1,0,0.2696659174892311,0,0,0.45903635183443064,0,0,0.4279307940908583,0,0,0.22342489117233166,0,0,0.21574430309496734,0
390,0,0.36979285009902485,0,1,0.2376000487923638,0,0,0.13930183495291537,0,1,0.40987069660690756,0,0,0.32739012180427685,0,0,0.28213944406743363,0
391,0,0.26492329433806594,0,0,0.2983225655924652,0,0,0.22274605465897798,0,0,0.36341990066680646,0,0,0.15758478275300195,0,0,0.37035639262385384,1
392,0,0.3042102041136261,0,0,0.4257593787249525,0,0,0.2914408680260112,0,0,0.22137240983324635,0,0,0.1488794371041468,0,0,0.2555269382361222,0
393,0,0.27574002023294464,0,0,0.3765967613539546,0,0,0.14066023297659694,0,0,0.30781114228301015,0,0,0.8109942470709302,1,0,0.1142282404885981,0
394,1,0.4334500979639357,1,0,0.2625837929473104,0,0,0.2159348111815112,0,0,0.32006278310229774,0,0,0.10286291850238412,0,1,0.7892287315254051,1
395,0,0.5706959327242674,1,0,0.3635570016653453,0,0,0.4549462172427411,0,0,0.11374496261334402,0,0,0.16145030306419916,0,0,0.8137310938497293,1
396,0,0.3621010528389411,0,1,0.3200106805142815,0,0,0.4010628997552141,0,1,0.4956835903140143,1,0,0.10296022029458665,0,0,0.1981420551096801,0
397,0,0.3586962081392054,0,0,0.27065791653078397,0,0,0.2352714336259159,0,0,0.37819429687511275,0,0,0.11474265473893872,0,0,0.49872049142031155,1
398,1,0.7906038188596574,1,0,0.2803960821804318,0,0,0.27060801599661255,0,0,0.9034912543553291,1,0,0.16636606423687583,0,1,0.548661562918662,1
399,1,0.8700925396540898,1,1,0.9119342447063155,1,0,0.21322694041520096,0,0,0.36754170607842973,0,0,0.10309757852927663,0,0,0.14021461067761132,0
400,0,0.3367233364951567,0,0,0.2530800881188084,0,0,0.1829847766917107,0,0,0.2179699207801512,0,0,0.25132801255067994,0,0,0.19697847307426503,0
401,0,0.5836520581114042,1,0,0.44806043122814154,1,0,0.3800550547387808,0,0,0.45031736130763095,1,0,0.4761662766193813,1,0,0.24342504202123844,0
402,1,0.40385981082735667,1,1,0.5323377832032007,1,0,0.2830108463420691,0,0,0.4991299597744877,1,0,0.09463316207792274,0,1,0.25281899254077445,0
403,0,0.6308464152494074,1,0,0.4345412513425483,0,0,0.8042824144227431,1,0,0.21906934589407243,0,0,0.20637342953616925,0,0,0.3854039893319699,1
404,1,0.5955007312467763,1,1,0.7561827970302742,1,0,0.22657022093627457,0,0,0.3489091433505496,0,0,0.15954932022210228,0,0,0.16717899355764543,0
405,0,0.42333676566024536,1,0,0.5942601213902636,1,0,0.3915157758211441,0,0,0.1371087788296162,0,0,0.14299342548507332,0,0,0.3980340789213077,1
406,1,0.6004135876266607,1,1,0.7731889396530855,1,0,0.18375509634500514,0,1,0.5169984030543963,1,0,0.18178650204793018,0,0,0.166934314058787,0
407,0,0.3633178677715689,0,0,0.265744849197695,0,0,0.2789668758701989,0,0,0.1756133843513117,0,0,0.6383801200670837,1,0,0.20072848619083636,0
408,1,0.6623984543855079,1,0,0.720579514218619,1,0,0.18752274211162923,0,0,0.5450676287169552,1,0,0.2570844028158601,0,1,0.5729763252937011,1
409,1,0.5089440349424884,1,1,0.3438998132590421,0,0,0.30910716209689654,0,0,0.5032729948275101,1,0,0.14118451103913632,0,0,0.3234094504484047,0
410,0,0.31255739450392306,0,0,0.2057692124740998,0,0,0.17557823933705308,0,0,0.22129019010371828,0,0,0.14852414839442749,0,0,0.5222400771628839,1
411,0,0.5995455585742673,1,0,0.4214103576931111,0,0,0.7542199000862442,1,0,0.20953477353839103,0,0,0.13887294778337705,0,0,0.9528259065735107,1
412,1,0.7281477279602194,1,1,0.9436015312812547,1,0,0.13183350813133562,0,0,0.6700352099677914,1,0,0.09526384475888056,0,0,0.23648086697897752,0
413,0,0.42841333419613753,1,0,0.4249761212709711,0,0,0.22151374108275113,0,0,0.38764485510938856,0,0,0.10647753780269344,0,0,0.49534350723106846,1
414,1,0.42835764216347966,1,1,0.46017453451892587,1,0,0.30226926109512975,0,0,0.33660683655368295,0,0,0.42785890179231306,0,0,0.3227761554372151,0
415,1,0.7789283892069357,1,0,0.13884121457669815,0,0,0.17919413370865342,0,1,0.45734272785482744,1,1,0.9519328134882074,1,0,0.3321460096466388,0
416,1,0.3559898209313719,0,0,0.16959231822862683,0,0,0.05144685038370359,0,0,0.06822472618680156,0,0,0.09951567992648049,0,0,0.11914603175693436,0
417,1,0.6745022502626311,1,1,0.5002447497639183,1,0,0.13319773166646823,0,1,0.6694322774895823,1,0,0.09118062749706254,0,0,0.16511409671582136,0
418,1,0.5631968876095341,1,0,0.16798666278975125,0,1,0.5497519720836571,1,0,0.2920011832393878,0,0,0.21616269731222446,0,1,0.3837634234828858,1
419,0,0.6723113660610044,1,0,0.33701277774554256,0,1,0.7650340802032018,1,0,0.36643689663622686,0,0,0.14505115608883773,0,0,0.32364882167411,0
420,0,0.4631592466184651,1,0,0.33577571056570127,0,0,0.14920977293143364,0,0,0.6700977066747406,1,0,0.16483017552063964,0,0,0.16480226422441455,0
421,1,0.6104585041159023,1,1,0.7502630772152092,1,1,0.5226089239564596,1,1,0.30408333312099906,0,0,0.08870747977711378,0,0,0.1469250095147179,0
422,0,0.7745198200859523,1,0,0.4771021546060811,1,0,0.5470317178980937,1,0,0.17737697020367443,0,0,0.1253172403725086,0,0,0.6979780679351402,1
423,1,0.6384416061597807,1,1,0.7336793216510343,1,1,0.4060385104661677,0,0,0.3070700824460127,0,1,0.6942890373775322,1,0,0.2726616276099319,0
424,1,0.771970727717382,1,0,0.15277596792022696,0,0,0.326757311452966,0,1,0.3952889452385167,0,1,0.6928902797157787,1,1,0.5345488272989504,1
425,0,0.7194927721852801,1,0,0.33948199016826813,0,0,0.4263350474589338,0,0,0.4961176475958321,1,0,0.2576599646366445,0,0,0.3455726026235515,0
426,0,0.43736521302996045,1,1,0.5951021895348596,1,0,0.3487197616285872,0,0,0.18726521153601094,0,0,0.11541322545043296,0,0,0.4415533306309423,1
427,1,0.46568270593032557,1,1,0.24550482960918674,0,0,0.2530900366552244,0,1,0.49059359074460646,1,0,0.2189478549530292,0,0,0.41566485798944985,1
428,0,0.36055677851550644,0,0,0.21571666648325177,0,0,0.14887146201338378,0,0,0.3693699141693374,0,0,0.6820171858619424,1,0,0.15838129404791373,0
429,1,0.5786931203838487,1,0,0.3038686741652205,0,0,0.21275315587976115,0,1,0.27185402648431534,0,1,0.4770189400205053,1,0,0.35318907764423263,0
430,1,0.3680096545090231,0,0,0.3187067201009115,0,1,0.5160827014518037,1,0,0.14957285316449884,0,0,0.13956769975761724,0,0,0.5763736868880911,1
431,1,0.5793643701955475,1,1,0.5027478278278251,1,0,0.46131140956836775,0,1,0.43474882049948227,0,0,0.14807194001059681,0,0,0.24805817428012739,0
432,1,0.5211481347465432,1,0,0.13905066615804745,0,0,0.1274776022556844,0,0,0.3774657267677882,0,0,0.7407276119057459,1,0,0.17711852613786683,0
433,1,0.747356197747993,1,0,0.26993509123643467,0,1,0.2246846026601402,0,0,0.3995473205083985,0,1,0.8197929827189161,1,0,0.6990559628562913,1
434,1,0.8207728596539005,1,0,0.1612804711267053,0,0,0.16888931823865658,0,1,0.7694801129815108,1,1,0.9454488145087556,1,0,0.274673612301936,0
435,1,0.5382102894099896,1,1,0.46004142087690314,1,1,0.3704487054449596,0,0,0.48386750429508274,1,0,0.16778025170159291,0,1,0.20033917662493786,0
436,0,0.4964918417107208,1,0,0.30866337520053067,0,0,0.38651440381921515,0,1,0.5764888644360615,1,0,0.15654010037152832,0,0,0.20261944300679877,0
437,0,0.5247703553606178,1,0,0.4471561428006154,1,0,0.5014898718550657,1,0,0.29037978186972285,0,0,0.25044544647640077,0,0,0.5467435581792035,1
438,1,0.5135010724403067,1,0,0.31980929680432096,0,1,0.7001032243285005,1,0,0.2353514711273137,0,0,0.10034130943097734,0,0,0.5691857894367668,1
439,1,0.40261005910542425,1,1,0.6427976677251761,1,0,0.09606635277899377,0,0,0.20487988262065507,0,0,0.1735627873221,0,1,0.43450454020081886,1
440,1,0.7881692668359627,1,1,0.6132230793370735,1,1,0.9216726545314542,1,0,0.20984963344007293,0,0,0.1787062225663901,0,0,0.6199325609838424,1
441,1,0.5733094632085559,1,0,0.24260387293111307,0,1,0.37736921899148507,0,0,0.1925589228562602,0,0,0.14424787696571784,0,1,0.5697600352050581,1
442,0,0.5429282367436814,1,0,0.45604128242107894,1,0,0.38090729845885235,0,0,0.10552202102119744,0,0,0.21967216390573294,0,0,0.39804404188891257,1
443,1,0.7551871646707548,1,0,0.33691835645588936,0,1,0.8347827774192322,1,0,0.26811036888460277,0,0,0.20595535122548464,0,0,0.42539678177482065,1
444,1,0.43949280401467394,1,1,0.4290402495007938,0,1,0.43631755180027215,0,0,0.21753310532842043,0,0,0.1595902544935486,0,0,0.28924893766534804,0
445,0,0.22966717392960379,0,0,0.402685776385655,0,0,0.17516213436605244,0,0,0.3011861612490126,0,0,0.17352997466644304,0,0,0.22591754876610487,0
446,0,0.43981800126070575,1,0,0.24120348549834436,0,0,0.26925511436114546,0,0,0.1369400353753206,0,0,0.14392103762886188,0,0,0.7312974672569229,1
447,1,0.8014974370756452,1,1,0.9738384630002864,1,0,0.13540960105249,0,0,0.07924357615626153,0,0,0.23596580718742333,0,0,0.15666523235548815,0
448,0,0.7758848052883499,1,0,0.6584824970753842,1,0,0.5317802422876161,1,0,0.32103044280458537,0,0,0.22964753755672362,0,0,0.5897547838243342,1
449,0,0.43428256676409493,1,1,0.47123236127711077,1,0,0.3161947036505067,0,0,0.2184315100402325,0,0,0.2566301908430649,0,0,0.17161484854130668,0
450,0,0.4744612929170834,1,0,0.28352576408252134,0,0,0.314915669819354,0,1,0.6782852806240932,1,0,0.09857366258907403,0,0,0.44745101172120383,1
451,1,0.7133345250710323,1,1,0.5530095596602108,1,1,0.5034046870486111,1,0,0.3198508074866375,0,0,0.156024523302497,0,0,0.4389688588519897,1
452,1,0.5188248503749716,1,0,0.19783547074251537,0,0,0.6238785532754351,1,1,0.6665571918970157,1,0,0.29775991401024904,0,0,0.3693601696333367,0
453,1,0.3548080709867374,0,0,0.30097369339759344,0,0,0.23704915717597663,0,0,0.33851727696360895,0,0,0.08819163102118438,0,0,0.5127493815326428,1
454,1,0.7007548454240682,1,0,0.2561650810922041,0,1,0.6173285419894805,1,0,0.23068812714297426,0,0,0.21723291611772108,0,0,0.42910507676376325,1
455,1,0.31917434833822844,0,1,0.3019750559916774,0,1,0.25627625088497274,0,1,0.2658742221354656,0,1,0.6103909292630686,1,1,0.3101751718387775,0
456,0,0.2721932267146574,0,0,0.40933977386527143,0,0,0.23836252675322123,0,0,0.34600312053801546,0,0,0.11449895336870262,0,0,0.23584682647347993,0
457,1,0.6316667080939972,1,1,0.9515655629383851,1,0,0.14492969533335628,0,0,0.4004176468886468,0,0,0.2836767593237935,0,0,0.2584935055696167,0
458,1,0.6614688727432466,1,1,0.5380787244907792,1,0,0.4297701522798237,0,0,0.37173762565998814,0,0,0.22936921349882836,0,0,0.6547455318749288,1
459,1,0.818585155199883,1,0,0.12233311338748545,0,0,0.09145705472498865,0,0,0.31263723400953525,0,0,0.25294760934171645,0,0,0.7702321556600836,1
460,1,0.8753287554014156,1,1,0.9070571294131029,1,0,0.234007450760336,0,0,0.32414991953769623,0,0,0.29656998506759513,0,0,0.5986440622989223,1
461,0,0.31018891812193267,0,0,0.27248531831929496,0,0,0.21477063454826445,0,0,0.5037782725370294,1,0,0.23248401806453872,0,0,0.18441537508535932,0
462,1,0.4873409237486916,1,1,0.4111671344003581,0,0,0.3061961004715288,0,0,0.5898788202649837,1,0,0.25343805720308854,0,0,0.30276494577671365,0
463,0,0.4118349772463986,1,0,0.2441937973473268,0,0,0.23405991632890166,0,0,0.1900667576841349,0,0,0.13524708198604768,0,0,0.7597589712118094,1
464,1,0.7904010284003968,1,1,0.6416052048804382,1,0,0.29717363385091256,0,1,0.4727946804178198,1,0,0.3441813698537812,0,1,0.28268269479241104,0
465,1,0.44458951020942167,1,1,0.45155414285110357,1,0,0.1154566605977375,0,1,0.5840341238252927,1,0,0.14555318445769408,0,0,0.23644419106789077,0
466,1,0.28808778887584613,0,0,0.22960162507480658,0,0,0.21775780988651355,0,0,0.2705117991959924,0,0,0.16603551084526508,0,1,0.5326815498228794,1
467,1,0.791701191594238,1,1,0.7520080027432832,1,1,0.3133361936877559,0,0,0.321669964820871,0,0,0.4985692437948961,1,1,0.5636588276327608,1
468,0,0.6426555936459803,1,0,0.3972700197907066,0,0,0.30953074526859514,0,0,0.8015394422352224,1,0,0.46769206107010414,1,0,0.4350760549935457,1
469,1,0.7607587368511926,1,1,0.6435591366906952,1,0,0.20129769529875086,0,1,0.18392925238312569,0,1,0.5932031989439466,1,0,0.23136772938149688,0
470,1,0.9756409389678793,1,1,0.9963153145830792,1,0,0.0739161617079459,0,0,0.5351354856808411,1,0,0.31214257779861027,0,0,0.1084293609176371,0
471,0,0.32148874814832096,0,0,0.24191192423167493,0,1,0.24661816088026275,0,0,0.14742272012110783,0,0,0.2786438664390013,0,1,0.23611633691525938,0
472,1,0.5280449641983971,1,0,0.29352473229005904,0,0,0.10431495392862487,0,0,0.28049925972935674,0,0,0.07811487532159055,0,0,0.09565500389797207,0
473,0,0.5113504525459681,1,0,0.1834476753392806,0,0,0.150548537878787,0,0,0.7893411815858284,1,0,0.34108431043050597,0,0,0.15464596486013207,0
474,1,0.8936868494061153,1,0,0.3354018869645466,0,1,0.8343755293432263,1,1,0.7555558540754356,1,0,0.17140799152433328,0,0,0.1727373907080509,0
475,0,0.5256587144609692,1,0,0.3532081192356076,0,0,0.4370109519338977,0,0,0.3926246677354836,0,0,0.18674579650059206,0,1,0.5764562123912195,1
476,1,0.48097908294440994,1,1,0.8229105212308332,1,0,0.20374440484899173,0,0,0.6277462043143236,1,0,0.24824888476692694,0,1,0.31316269003572234,0
477,0,0.42714522121942033,1,0,0.24505344858165798,0,0,0.14465692768224875,0,0,0.5600151265495903,1,0,0.24876813993575567,0,0,0.15009830492689502,0
478,1,0.6643640658052709,1,1,0.6739481432207309,1,0,0.29728910863013347,0,0,0.30510173040999156,0,0,0.1766980641687024,0,1,0.5837080495680141,1
479,0,0.5832640146759548,1,0,0.335384516012051,0,1,0.4032234444357566,0,0,0.37284183060899345,0,1,0.25953192802996344,0,0,0.25266975340863096,0
480,1,0.47733541701810134,1,0,0.19209150898163316,0,0,0.27626692560419847,0,1,0.3272226864809119,0,0,0.2029791644210239,0,0,0.2437826610051483,0
481,0,0.6392384228205792,1,0,0.6884450795441605,1,0,0.21268691881676652,0,0,0.5685758838282804,1,0,0.3568521635928252,0,0,0.25149503363146686,0
482,0,0.4377215405281116,1,0,0.41978953811165454,0,0,0.49947378943234544,1,0,0.6154876660031018,1,1,0.5878004818577557,1,0,0.30809440909447994,0
483,1,0.4569721983787396,1,1,0.40820942642208347,0,1,0.4153793425990443,0,0,0.19886392477634848,0,0,0.1624068757796633,0,0,0.29676010060461916,0
484,1,0.24819188671175482,0,1,0.25611041082516006,0,1,0.5700857467846957,1,0,0.17608826555977478,0,0,0.10919292139955936,0,0,0.20915133679343242,0
485,1,0.326384929687165,0,0,0.29453572617914553,0,1,0.385249080420788,0,0,0.5556926063099454,1,0,0.23470177937146003,0,0,0.18728853234775864,0
486,1,0.920034997945026,1,0,0.21026168086393737,0,0,0.21733336637887263,0,0,0.3824131930018307,0,1,0.9967460682645987,1,0,0.21596871634245932,0
487,1,0.7123558776600843,1,0,0.2663465982273968,0,0,0.21376207005118167,0,0,0.3405869217432495,0,0,0.34399855409317015,0,0,0.6214883427994498,1
488,1,0.7403109635655838,1,1,0.8668868510440623,1,0,0.23954012017541707,0,0,0.2936856472115926,0,0,0.2927416429005761,0,0,0.33103112285497643,0
489,0,0.5999440206764798,1,0,0.3538750625239893,0,0,0.9409268935838307,1,0,0.1328606046798252,0,0,0.13121497438336793,0,0,0.33844129142261575,0
490,1,0.3948007389951522,1,0,0.290197475220886,0,0,0.24275484584335388,0,0,0.3743234560709107,0,0,0.09886388922469665,0,1,0.39420265239745333,1
491,1,0.49806799135142005,1,0,0.30737407839971087,0,1,0.3257997016381779,0,0,0.42394525654227977,0,0,0.32255986519568874,0,0,0.30149420057194865,0
492,0,0.40543602210292773,1,0,0.4158957671414117,0,0,0.24912152356494138,0,0,0.2849413837167919,0,0,0.1789264008051152,0,0,0.26689079354957473,0
493,0,0.5328084496478603,1,0,0.34505350369525334,0,1,0.49682690018408293,1,0,0.18454525285409368,0,1,0.20684487499640808,0,0,0.4170416339316026,1
494,0,0.4110274265144146,1,1,0.2585005460115732,0,0,0.39495007235951274,0,0,0.3388731036292684,0,0,0.13662982671647722,0,1,0.451818761336091,1
495,0,0.5083232394752184,1,0,0.6473429651018937,1,0,0.23632350692213452,0,0,0.3117440919719032,0,0,0.22034886261317838,0,0,0.149441399027557,0
496,0,0.5663816296912276,1,0,0.23095532117172224,0,0,0.3221959611431196,0,0,0.6012828596588247,1,0,0.1647412181052311,0,0,0.2811565278436691,0
497,1,0.23942616243210044,0,0,0.26254402212754346,0,1,0.6803151196409958,1,0,0.6273062387164607,1,0,0.4225030728136118,0,1,0.42537313788274866,1
498,1,0.4746255062964766,1,0,0.10553893151359411,0,0,0.09354362149151256,0,0,0.5116196371139005,1,0,0.19318041090606655,0,1,0.7114036407197195,1
499,0,0.44750959123536693,1,1,0.4864711277439465,1,0,0.31230254982786704,0,0,0.2960657270486624,0,0,0.2617613762839009,0,0,0.20364703412015242,0
500,0,0.578919894570923,1,0,0.48827061598496524,1,0,0.330108947582841,0,0,0.3590069088786819,0,0,0.10596110984947783,0,0,0.3724436068069204,1
501,0,0.4230777938963714,1,1,0.5439536546434038,1,0,0.30781164734206784,0,0,0.19443031824249873,0,0,0.24433877735728232,0,0,0.2893490531240383,0
502,0,0.5327721990180192,1,0,0.683668052055606,1,0,0.08953855967592557,0,0,0.6167217039711498,1,0,0.22008259344859618,0,1,0.22877330679539673,0
503,1,0.8056875228971998,1,0,0.26885093535035504,0,0,0.2810796272940229,0,0,0.2796705322777822,0,1,0.9093843535779512,1,0,0.2090773683778434,0
504,0,0.4637083526321095,1,0,0.428264758988791,0,0,0.42078633967914775,0,0,0.2644127654372447,0,0,0.18800426845218735,0,0,0.5009315514475616,1
505,1,0.4264944798452974,1,0,0.3449168013962992,0,0,0.11024346296264136,0,0,0.2732617458670905,0,0,0.21091015356676734,0,0,0.23772237832273377,0
506,1,0.5205433703611367,1,1,0.7168712737766042,1,0,0.3276839168853958,0,0,0.2311889359164068,0,0,0.13068546663091696,0,1,0.1806565813873385,0
507,0,0.3208404056490042,0,0,0.303111843895282,0,0,0.2801418458487583,0,0,0.24590261242773276,0,0,0.11988804139129414,0,0,0.2792226319187281,0
508,0,0.42845268464055586,1,0,0.2780014285486298,0,0,0.3552597535018154,0,0,0.29644278663538,0,0,0.27938624420007924,0,0,0.15623999745592773,0
509,0,0.4764906187606223,1,0,0.3609206264962871,0,0,0.3208044519644669,0,0,0.34624069721364714,0,0,0.23292792465554554,0,0,0.29968971120735133,0
510,0,0.2915413391483941,0,0,0.33658790041460224,0,0,0.07643416358961046,0,0,0.6570608431886668,1,0,0.07383230147296603,0,0,0.1121622239119215,0
511,0,0.5471864576668797,1,1,0.615749557500455,1,0,0.3168363393951824,0,0,0.3517428252346665,0,0,0.22196451815602766,0,0,0.2070563586740251,0
512,1,0.5593787047882589,1,1,0.7665054711345333,1,1,0.2581356556349994,0,0,0.3406594722616915,0,0,0.10977640580213097,0,0,0.12187219388530138,0
513,1,0.6270415430059997,1,0,0.45382212279098144,1,0,0.19581009971227642,0,0,0.7303011853835601,1,1,0.8045217122953163,1,0,0.3514587325834188,0
514,1,0.5821000963571907,1,0,0.16182397671273654,0,0,0.32023019340377407,0,1,0.3256820044509992,0,0,0.13906010309765185,0,0,0.6032183484187603,1
515,1,0.41513390725926747,1,1,0.5631322639286309,1,0,0.25087255664371705,0,0,0.2731085608466466,0,0,0.306021597936122,0,0,0.2305021265275114,0
516,0,0.3547247105855092,0,0,0.18765774456092493,0,0,0.6427711708282936,1,0,0.174335222759505,0,0,0.17084013240873863,0,0,0.29443319112560307,0
517,1,0.9211290004911479,1,0,0.16142454798254977,0,1,0.9704259294766681,1,0,0.2477352040262666,0,0,0.3023798809476446,0,0,0.09761330369311208,0
518,0,0.41614511017533756,1,0,0.29099969315219804,0,0,0.24899996461901772,0,0,0.7647020289946643,1,0,0.6552949665919516,1,0,0.27587746594000506,0
519,0,0.6750438256981681,1,0,0.2341465158656211,0,0,0.8025328006244453,1,1,0.32468537286100296,0,0,0.2206931508421786,0,0,0.41050325619211064,1
520,0,0.3240705687531224,0,0,0.4087579720926062,0,0,0.27694119769312764,0,0,0.16545844913108793,0,0,0.1587803728435073,0,0,0.40526295077335006,1
521,1,0.5465211282559963,1,0,0.2208132609305629,0,0,0.2038992077674342,0,0,0.4738033664026108,1,0,0.13441841925330075,0,1,0.922699840003987,1
522,0,0.6906182174994997,1,0,0.25281112989484616,0,0,0.20503325287534307,0,0,0.46461153898988755,1,1,0.5741373094655084,1,0,0.18066712720774958,0
523,1,0.349826468381894,0,0,0.27843984544364464,0,0,0.4688348741628936,0,1,0.329567720985666,0,1,0.19952580004556497,0,0,0.25418809699402084,0
524,0,0.4179745303475013,1,0,0.3241847563409506,0,0,0.32328203807578043,0,0,0.5512767501196562,1,0,0.16012323923889854,0,0,0.17829758843373222,0
525,0,0.49760297073402826,1,0,0.32774184256714967,0,0,0.43087710564886966,0,0,0.4653780398604269,1,0,0.33537478070133897,0,0,0.4925003452246596,1
526,1,0.4513673062631634,1,0,0.3021284263738061,0,0,0.20331083085568943,0,1,0.39320374262245716,0,1,0.8168356661423454,1,0,0.24146382288041127,0
527,0,0.5105628182796101,1,0,0.32440382683802926,0,0,0.20857162099911153,0,0,0.3720731688916257,0,0,0.7343483693311222,1,0,0.18499833545760502,0
528,1,0.49925289283259605,1,1,0.6983622525588478,1,0,0.13439591943821888,0,0,0.23283776291404348,0,0,0.11232873767258937,0,0,0.12828159625730326,0
529,1,0.9575997817150642,1,1,0.8238643522124905,1,0,0.1718254325272846,0,0,0.3313994764528465,0,1,0.9015245443241,1,0,0.19813763483807484,0
530,0,0.48654618798210536,1,0,0.3294193231081106,0,0,0.3288877680666436,0,0,0.1373390641573849,0,0,0.20667040660469588,0,0,0.19437521415937511,0
531,1,0.8114760721108941,1,1,0.21554723813954074,0,0,0.13777681762014074,0,0,0.5216719096433835,1,0,0.4636543217350048,1,1,0.6702049643911413,1
532,0,0.3424333780570506,0,0,0.3801046854629292,0,0,0.4268320855514845,0,0,0.1723262101114443,0,0,0.14482953286198388,0,0,0.5408594215181355,1
533,1,0.5388848854166823,1,1,0.5900322585524626,1,0,0.4158038687139216,0,0,0.23190932501417363,0,0,0.4353872401539345,0,0,0.3230629666348477,0
534,0,0.5478391988614055,1,0,0.3528560490572798,0,1,0.6694375892371394,1,0,0.26588152365439616,0,0,0.1848428741230682,0,0,0.36244663594441007,0
535,0,0.27987214610870825,0,0,0.21258115779986156,0,0,0.13945301072646984,0,0,0.22061701580768212,0,0,0.34948925350935334,0,0,0.30419521087916546,0
536,0,0.6066340515885786,1,1,0.3182620562804686,0,0,0.4478351920843688,0,0,0.7761448645793155,1,1,0.2276728063596758,0,0,0.5409720246735593,1
537,1,0.7937309112240809,1,1,0.8460044813100112,1,0,0.20147146588997286,0,0,0.1702781840465136,0,1,0.889799220050195,1,0,0.2243309559698228,0
538,1,0.5802160483253372,1,0,0.3211002214918377,0,1,0.40441883675274665,0,0,0.28441056927651426,0,0,0.190497043314494,0,0,0.3854337702122971,1
539,0,0.477934456861528,1,0,0.14636349618624897,0,0,0.3042384341886946,0,0,0.5265916715127646,1,0,0.3203262864646313,0,0,0.4598753610957605,1
540,1,0.762359679587599,1,0,0.5446949639377101,1,0,0.23896558725940759,0,1,0.7577003810094307,1,0,0.13803943714897746,0,0,0.14297676589155242,0
541,1,0.6286190166149047,1,0,0.3052305162860259,0,1,0.8023093621221865,1,0,0.5376352778326144,1,0,0.19901735338017368,0,0,0.3424669579858131,0
542,1,0.7140451993973893,1,1,0.6743147061051769,1,1,0.8967714778901106,1,0,0.4067266155171746,0,0,0.1673779316146285,0,0,0.07736789189505516,0
543,0,0.5813638235328703,1,1,0.686184725328815,1,0,0.22053447147411592,0,0,0.20746649593937985,0,0,0.18675672130671753,0,0,0.23404236059352967,0
544,1,0.3331821737112336,0,1,0.2334144056796647,0,0,0.20032495882591053,0,0,0.44534245461281236,0,1,0.2096485175235658,0,0,0.24407155934156985,0
545,1,0.5885924207720864,1,0,0.2582635301022683,0,0,0.29927382256997936,0,0,0.35904026009951195,0,0,0.19635461740047636,0,1,0.4291377416247605,1
546,0,0.6031061758263884,1,0,0.22222439422903775,0,0,0.38486481052353155,0,0,0.5220364062704157,1,0,0.11330590046525038,0,0,0.18981227166310202,0
547,1,0.7371913213844559,1,0,0.21352917106096844,0,0,0.37064383986280414,0,0,0.5034501218704385,1,0,0.24158278352792362,0,1,0.7753733817944197,1
548,1,0.5388379479125375,1,0,0.3957845233382154,0,0,0.3415054237892678,0,0,0.3579104168381214,0,1,0.6109538570702512,1,0,0.23635802452890947,0
549,1,0.42082736686174393,1,1,0.5873724405167737,1,0,0.22839080243673548,0,0,0.26454672430142995,0,0,0.08652990220296518,0,0,0.1794279940707003,0
550,0,0.2721981221132369,0,0,0.41988942846248395,0,0,0.2031484997387756,0,0,0.6235853128068578,1,0,0.2309831188870596,0,0,0.19390299904182268,0
551,0,0.3537587217023612,0,0,0.4162514346738395,0,0,0.47846352491767374,0,0,0.2380916891058188,0,0,0.22702888874192959,0,0,0.19234181252609928,0
552,1,0.4016785045855871,1,0,0.5022413384953672,1,1,0.39228684907670963,0,0,0.22604886885274506,0,0,0.0801516608306477,0,0,0.32556855438227633,0
553,0,0.42836436697346963,1,0,0.4542557395466905,1,0,0.32590931099885795,0,0,0.3387106935321934,0,0,0.1939251841649055,0,0,0.3273269301767737,0
554,0,0.3949463140280863,1,0,0.12238538172987302,0,0,0.2962350395769376,0,0,0.5188264089555147,1,0,0.08691022247375733,0,0,0.23613318548651718,0
555,1,0.4812584448379659,1,0,0.1571098919906233,0,1,0.6251903313990642,1,0,0.27170953716336493,0,0,0.11218869890827313,0,0,0.57900873059452,1
556,1,0.7441376184829342,1,1,0.6490853569863919,1,0,0.28680770481038614,0,0,0.3987479310265288,0,0,0.08881719909164502,0,0,0.46554596900505696,1
557,1,0.6577470541240402,1,0,0.5475633233660969,1,1,0.6527860692331909,1,0,0.6138637975613679,1,0,0.3084359497734163,0,0,0.14479117755037774,0
558,1,0.775751235592509,1,0,0.31995836064955024,0,0,0.18046613443591278,0,1,0.4699495911960017,1,1,0.9339566065644469,1,0,0.16065086512528842,0
559,0,0.6094139403589784,1,0,0.4021339193340656,0,0,0.3836380415056331,0,0,0.7094222235965799,1,0,0.15134688149557995,0,1,0.3110813130527928,0
560,0,0.7378142682572472,1,0,0.32976006933010643,0,0,0.6358154133991716,1,0,0.3159861586150159,0,0,0.29954066121583367,0,0,0.45697947801785793,1
561,1,0.710676284346349,1,1,0.4557377692668612,1,1,0.7059095574091911,1,0,0.36906162833758144,0,0,0.20004385075215514,0,1,0.4739454992552142,1
562,1,0.5804586866418667,1,0,0.16994616416043493,0,0,0.32973348700455607,0,1,0.678396580606146,1,1,0.4906138965153355,1,0,0.19776634114515002,0
563,1,0.5471797649957169,1,1,0.5864236583893115,1,0,0.3402631717641725,0,0,0.19153260837697664,0,0,0.22656953226345977,0,0,0.37904078192470664,1
564,1,0.7239553313205799,1,1,0.5146021326984527,1,0,0.11212528849008853,0,0,0.4546884504991344,1,1,0.8948080139095163,1,0,0.17821914267270816,0
565,0,0.4091015125622622,1,0,0.6319984102502916,1,0,0.1979419953868099,0,0,0.3213276262005335,0,0,0.2432653354791784,0,0,0.24220213990782025,0
566,1,0.47496871788230105,1,0,0.17949607932681055,0,0,0.4471591227865496,0,0,0.1772097934344437,0,0,0.24532164379139534,0,1,0.7630172226680705,1
567,0,0.582840136272899,1,1,0.434069528293845,0,1,0.5878757652031378,1,0,0.34409115450166256,0,0,0.2598211946435419,0,0,0.31217482746637354,0
568,0,0.6239940356898036,1,0,0.552038070666926,1,0,0.749346960776232,1,0,0.14131177355725766,0,0,0.09529659888913904,0,0,0.30914675591873647,0
569,0,0.3951308945511716,1,0,0.2750427077550258,0,0,0.42567829705002336,0,1,0.32778852529052427,0,0,0.13773390961336007,0,0,0.21400557289193026,0
570,0,0.7410998345550244,1,0,0.5131243917463296,1,0,0.642868761923716,1,0,0.4222666511373196,0,0,0.16326713313222962,0,0,0.22709357285517598,0
571,0,0.28372503258638404,0,0,0.24356625990622177,0,0,0.19479175919821828,0,0,0.20726202808773617,0,0,0.18601053964764977,0,1,0.6818354580291593,1
572,0,0.37627607559884446,0,0,0.32174070685026807,0,0,0.19243600760423607,0,0,0.43745558862096484,0,0,0.13690273455582638,0,1,0.4003812169751053,1
573,1,0.662700775113825,1,1,0.6668724766837104,1,1,0.9538471003011217,1,0,0.33664941428000156,0,0,0.14951464653982488,0,0,0.19529284780884462,0
574,1,0.5685869718795635,1,1,0.6216796991165822,1,0,0.17782490587165928,0,0,0.21859065236059952,0,0,0.17705177340237166,0,0,0.6290624542891488,1
575,0,0.447996056231773,1,1,0.7623769210704059,1,0,0.19252955258955667,0,0,0.23359957966719713,0,0,0.11587064649957342,0,1,0.2689497073872708,0
576,0,0.2883714311613887,0,0,0.4503911926550266,1,0,0.30006666126708026,0,0,0.1964852146940903,0,0,0.16982139234058646,0,0,0.15295652012036756,0
577,1,0.6743753605019618,1,1,0.4301468562628653,0,0,0.21261727537187908,0,0,0.5643823162107681,1,0,0.2724747511093404,0,1,0.6544008596961395,1
578,1,0.5995432749053158,1,0,0.2849606353741372,0,0,0.26067320092249097,0,1,0.8608736132299489,1,0,0.27918985797271145,0,0,0.3728255732619496,1
579,0,0.7617157352445982,1,0,0.47806255785030827,1,0,0.4275281920372676,0,0,0.3588822026771032,0,0,0.232329275444274,0,0,0.3401948518353185,0
580,0,0.4335535028785491,1,0,0.35759125656322194,0,0,0.28994200555665495,0,0,0.1892477027279655,0,0,0.1589073235966288,0,0,0.25052831291854233,0
581,0,0.38828876772400556,1,0,0.19005670757095675,0,0,0.2555452958230351,0,1,0.2335313018220508,0,0,0.0970989388955352,0,0,0.7062922385321402,1
582,1,0.5493723098318389,1,1,0.7947225488876402,1,0,0.11682346979565929,0,0,0.19645006774165616,0,0,0.08851562450725514,0,1,0.3134643763974771,0
583,1,0.3139546272282696,0,0,0.2622718832872904,0,0,0.2434058377704163,0,0,0.4310875258791825,0,1,0.5250314974460978,1,0,0.4256387195996778,1
584,1,0.4345512616735142,1,0,0.2434326079458725,0,0,0.27911152819474677,0,1,0.7310634851465195,1,0,0.21249255213098814,0,1,0.5014655434964266,1
585,1,0.33733164346998695,0,1,0.2614652528555312,0,0,0.2548989403613073,0,0,0.5545920282727033,1,0,0.1274697595291931,0,0,0.3020158852821425,0
586,1,0.34446495419706513,0,1,0.23005393234857616,0,0,0.18569536548350965,0,1,0.5440417429098997,1,1,0.5002313830966045,1,0,0.21576869614006014,0
587,1,0.6094696993926912,1,0,0.31041078994094523,0,0,0.3027998652425883,0,1,0.7667178135511477,1,0,0.3174497675476041,0,0,0.21666162047713688,0
588,1,0.6489778508182429,1,1,0.8111145913324104,1,1,0.6532707268767756,1,0,0.22931370037507035,0,0,0.11017635231447746,0,0,0.3578974896020677,0
589,1,0.2782087895775699,0,0,0.190605373993459,0,0,0.14130664318944286,0,0,0.42874986421190037,0,0,0.09264088397883788,0,1,0.7285447165991815,1
590,1,0.8424011564814451,1,0,0.17527040448261996,0,0,0.1888627526059271,0,0,0.44392519893534055,0,1,0.9580057008401345,1,0,0.24450533485531428,0
591,1,0.3851537780010642,1,1,0.3946810026758665,0,0,0.11828026048252462,0,0,0.6589599798239667,1,0,0.17309846730741624,0,0,0.18873211202708676,0
592,1,0.6588240953177688,1,0,0.7049454767178238,1,1,0.6628012840025694,1,0,0.6431513660000405,1,0,0.3643307320940583,0,1,0.3588333281366865,0
593,1,0.5685283158248821,1,1,0.6138311925489466,1,0,0.2733062060813713,0,0,0.3547574982284789,0,1,0.1486543336882757,0,0,0.33605576356251476,0
594,1,0.8307153197297138,1,1,0.9266815368071246,1,0,0.5478057665015507,1,0,0.2514983513733504,0,0,0.44979203272576784,0,0,0.4277678269526821,1
595,0,0.35338967183663744,0,0,0.2465537190876338,0,0,0.14760087258936755,0,0,0.6789438944859488,1,0,0.20228004923355788,0,0,0.27680345955331626,0
596,1,0.5963003946084345,1,1,0.5763406046937728,1,0,0.45996902917951255,0,0,0.21867758740252996,0,0,0.2089772389177199,0,0,0.2665783229184001,0
597,0,0.4845229879400404,1,0,0.5250925587540234,1,0,0.13194496967035094,0,0,0.4619645756694159,1,0,0.22711420817711325,0,0,0.13636055756230175,0
598,0,0.5451397797517586,1,0,0.48003628532188347,1,0,0.20325138880323382,0,0,0.2547404917394924,0,0,0.3714719764800197,0,0,0.2559568126404938,0
599,0,0.6601858208630889,1,0,0.37203983772227867,0,0,0.6431011598956193,1,0,0.23078930409241552,0,0,0.15997091028018381,0,1,0.23462811202320788,0
600,1,0.5836655730056578,1,0,0.2999516545027613,0,1,0.5548105680195093,1,0,0.4599453995726464,1,0,0.20700832590786392,0,1,0.26936511552362613,0
601,0,0.6460632915754223,1,0,0.14807892394665137,0,0,0.02988303179470763,0,0,0.3860432549712732,0,0,0.07861549615274742,0,1,0.13798238923773148,0
602,0,0.47285370281914524,1,0,0.24935812168065175,0,0,0.3157288827430393,0,0,0.1922634477400612,0,0,0.19021537178148937,0,0,0.5448816266930854,1
603,1,0.6751485114928216,1,1,0.40750899380057426,0,1,0.7235987830847826,1,0,0.15494891837708633,0,0,0.25998020610952316,0,0,0.3939158772607605,1
604,1,0.8905172461468435,1,1,0.9512256310774349,1,0,0.3110710213752846,0,0,0.17842265186083714,0,0,0.17186233824699368,0,0,0.4413833638409995,1
605,1,0.48361528847128954,1,1,0.2097469823503977,0,0,0.23524565680526163,0,0,0.3275297057805795,0,1,0.7368592825898199,1,0,0.18451126657843042,0
606,1,0.5444389950029732,1,1,0.25030236528560196,0,0,0.5377648284002863,1,0,0.32473687470799545,0,0,0.2498516828768761,0,0,0.3002569350827588,0
607,1,0.7171917466627105,1,1,0.7626719626632346,1,0,0.6120881657464118,1,1,0.3517444680207192,0,0,0.25431994369671407,0,0,0.29014826919051384,0
608,1,0.7353949914338416,1,0,0.13509969798378021,0,0,0.24052308945572556,0,0,0.3997209044845875,0,0,0.1749324504869595,0,0,0.6997797973576281,1
609,0,0.5306296629977401,1,0,0.4581645592119828,1,0,0.5561452709223712,1,0,0.7429183863814225,1,0,0.09825489202675207,0,0,0.17280383977325606,0
610,1,0.7032763706735802,1,1,0.8728781582698762,1,0,0.25132407064066464,0,0,0.46944249656394205,1,0,0.1601823783213123,0,0,0.10229782124346469,0
611,0,0.699894515742118,1,0,0.19336841149460274,0,0,0.06578826150377856,0,0,0.8249629330219788,1,0,0.25448016555986763,0,0,0.14609899132676551,0
612,1,0.5060579485319413,1,0,0.3775991721219891,0,0,0.32393229846282207,0,0,0.41764453454301037,0,0,0.16004486762734127,0,0,0.2595601451320943,0
613,0,0.37617452013211833,0,1,0.5535545692847347,1,0,0.3076994107575138,0,0,0.18192756779660502,0,0,0.1278310179720932,0,0,0.49379516266111007,1
614,1,0.41473113372843223,1,0,0.36387410426862077,0,1,0.545385676017822,1,1,0.6150596079076829,1,0,0.17497019212011639,0,0,0.6882337258337071,1
615,1,0.5518831017484764,1,1,0.65766960784309,1,0,0.2139557591802729,0,0,0.1679380381244468,0,0,0.04865636955912639,0,0,0.1623248867416471,0
616,1,0.7310622114623159,1,0,0.25188890205505404,0,0,0.4461845003817647,0,1,0.29181078795946913,0,1,0.6307944761146947,1,0,0.1927418549394634,0
617,1,0.6253019644521465,1,1,0.590434369499741,1,1,0.8298527387835501,1,0,0.2597125758557086,0,0,0.1846218691741234,0,0,0.7021716559354089,1
618,0,0.46769388918780935,1,0,0.32578643412390246,0,0,0.40388896962440984,0,0,0.1954093141777442,0,0,0.13980421351833144,0,0,0.5872247110908374,1
619,1,0.6731126684916949,1,0,0.34586297551113393,0,1,0.8724979646828653,1,0,0.32435720546132,0,0,0.265348632410116,0,0,0.3487271323322831,0
620,1,0.6137058893768306,1,0,0.1858859655220411,0,1,0.528938159913227,1,0,0.39972349342915586,0,1,0.39186849378876953,0,0,0.6484581358407248,1
621,0,0.31837900015683424,0,0,0.28493041279526365,0,0,0.25755468097778145,0,0,0.5562463289115882,1,1,0.770093804144592,1,0,0.1557001116229987,0
622,1,0.5227031614209423,1,1,0.3768502495884663,0,1,0.15375430135957105,0,0,0.3843739273563968,0,0,0.19105611808478282,0,0,0.6780121502084517,1
623,1,0.6263634765062054,1,1,0.6348902968931044,1,1,0.22114640252576123,0,1,0.1943811488986375,0,0,0.24221773119880777,0,0,0.20824085306511628,0
624,1,0.6175846974038025,1,1,0.5109181570846582,1,0,0.256176617133953,0,0,0.7296949013539927,1,0,0.2654243979066661,0,0,0.18400427770195377,0
625,1,0.47005158916124545,1,0,0.32875453262199855,0,0,0.24931412513731555,0,1,0.7443860556311382,1,0,0.25672243775496717,0,1,0.521815066830855,1
626,1,0.8082745041138648,1,0,0.17035698732400872,0,0,0.2385859809392259,0,0,0.7966675823548409,1,1,0.6871617325221533,1,0,0.2875093259271446,0
627,1,0.8919060922943076,1,0,0.2824084318488188,0,1,0.73957485872171,1,0,0.3563090278840438,0,0,0.18354313092103344,0,0,0.39335104042536034,1
628,1,0.6676068628704989,1,1,0.7131025952708122,1,0,0.43551442482897723,0,0,0.27382173480442923,0,0,0.2357891018838694,0,0,0.37101178936817464,1
629,1,0.6510706299096303,1,1,0.747091773852704,1,0,0.24590821244229222,0,0,0.26771631913214733,0,0,0.19234182615876633,0,0,0.5045160908966257,1
630,0,0.39087514784296495,1,0,0.5352991571193718,1,0,0.33447223737834675,0,0,0.24866685062675847,0,0,0.107037660654361,0,1,0.6482547860803541,1
631,1,0.36661879132079994,0,1,0.3503221092074322,0,0,0.3046860767842461,0,0,0.20676592494244528,0,0,0.1282797159297381,0,0,0.5951044027486365,1
632,1,0.8068781012100567,1,1,0.37420595660446826,0,0,0.17633285708792637,0,0,0.630748053870633,1,1,0.8983820735024834,1,0,0.20006187519510304,0
633,1,0.5818683862731571,1,0,0.39867230133029097,0,1,0.47327424667378687,0,0,0.508988393014617,1,0,0.10770991999401482,0,1,0.3064007892946544,0
634,1,0.6488782853024895,1,0,0.40434395912001714,0,1,0.6407662935979566,1,0,0.3868792264096278,0,0,0.13639627160773127,0,1,0.41966348473899734,1
635,0,0.5565488370311173,1,0,0.5572463568075465,1,0,0.28390092327083377,0,0,0.32821500369848544,0,0,0.08857469616400816,0,0,0.6973719422267247,1
636,1,0.3482990762976881,0,1,0.4422505885198542,1,0,0.11935674425339662,0,1,0.6693853382751873,1,0,0.15152892848711805,0,0,0.28776066755783497,0
637,1,0.5994717363698725,1,0,0.48908481888712263,1,1,0.9056035359443049,1,0,0.5179139841174751,1,0,0.23145860049536177,0,0,0.3310703812799876,0
638,1,0.7953819349116,1,0,0.19170805031033405,0,1,0.86663919671789,1,0,0.20181388289088698,0,0,0.12797617007716455,0,0,0.0976254124171736,0
639,0,0.3723188222767153,0,0,0.19465380449841876,0,0,0.33193661079112374,0,0,0.47162620779164716,1,0,0.13751974672998243,0,0,0.6115309658461502,1
640,0,0.334198980964743,0,0,0.349679738158754,0,0,0.20925585139038977,0,1,0.19091784621251057,0,0,0.2472370167778256,0,0,0.11736500586083878,0
641,1,0.6912295580342889,1,0,0.5526079408414211,1,1,0.7343956092837794,1,0,0.2788326607430746,0,0,0.19496538493146268,0,1,0.3732188617431081,1
642,1,0.6177540331468705,1,0,0.2685038053316929,0,0,0.18835891489067327,0,1,0.5551735098890827,1,0,0.1887755894679727,0,0,0.12632602234404633,0
643,1,0.7054365934282852,1,0,0.40019244885136623,0,0,0.23772186364886685,0,0,0.414319723021956,0,1,0.6721038069576188,1,0,0.39946457519397655,1
644,0,0.6607054433886485,1,0,0.650439506335292,1,0,0.2049839028678405,0,0,0.6093941982065249,1,0,0.17680791586380282,0,0,0.517383753083643,1
645,0,0.4473660733613642,1,0,0.31001340854229487,0,0,0.23330934156105704,0,0,0.4539873878100404,1,0,0.11635544230189303,0,0,0.3506522157770541,0
646,1,0.74730357243252,1,1,0.8764406584133871,1,1,0.9228698354257097,1,0,0.16189554517732188,0,0,0.1460876473444775,0,0,0.24246762190479104,0
647,1,0.6759038162641607,1,1,0.8703257469417124,1,0,0.11936015858716743,0,0,0.37644568812142387,0,0,0.11491081455413032,0,0,0.32015022599492504,0
648,0,0.40236027856040385,1,0,0.22096250219872984,0,0,0.15026153653128743,0,0,0.28120214096845486,0,1,0.7147795139677281,1,0,0.24187859852180926,0
649,1,0.41620501563221474,1,0,0.24151039276183353,0,0,0.1201755476738461,0,0,0.24392109633971096,0,0,0.1405986470800607,0,0,0.19087527446782238,0
650,1,0.8690337111990885,1,1,0.7492932917373146,1,0,0.5657064106352896,1,0,0.3406672354499729,0,0,0.21338294497770965,0,0,0.5354722303529136,1
651,0,0.5044197228181386,1,0,0.4249546833068,0,0,0.3512368545104157,0,0,0.33480843626351986,0,0,0.2659524550380641,0,0,0.28218063402203286,0
652,1,0.5692417456050202,1,0,0.2721391210444267,0,1,0.5069303826063685,1,0,0.4214911403224277,0,0,0.4826277924650604,1,0,0.46563960884091044,1
653,1,0.6488233037605127,1,0,0.5321906522074539,1,0,0.3507077572259084,0,0,0.3377161626996815,0,0,0.3117753449472952,0,0,0.4429100215930335,1
654,1,0.5282487328112248,1,0,0.16003111057299052,0,0,0.1774352272713947,0,1,0.5302062940239164,1,0,0.11525435214559915,0,0,0.330499691140865,0
655,0,0.44146692019533035,1,0,0.374709885081055,0,1,0.4385012974313012,0,0,0.2367420129955565,0,0,0.0962458790780366,0,0,0.29903074037588356,0
656,0,0.2274143594813691,0,0,0.5789433077661158,1,0,0.2409499319093156,0,0,0.4180703421986346,0,0,0.2159296378118287,0,0,0.1138427203284728,0
657,0,0.5336909596802305,1,0,0.3790942698109264,0,0,0.4519746340329011,0,0,0.5478371840596568,1,0,0.4395152645236149,0,0,0.33054853600464645,0
658,0,0.3177219552981772,0,0,0.34066375460684983,0,0,0.14088941800605514,0,0,0.21733892004148347,0,0,0.24329741677398775,0,1,0.44555527355716346,1
659,1,0.28301679812322283,0,1,0.2522002920329782,0,0,0.1628078852916873,0,0,0.13134352282244496,0,1,0.524421074201765,1,0,0.1310574232264636,0
660,0,0.16796492754920683,0,0,0.25267528147218543,0,0,0.29430623226577746,0,0,0.18375031445463164,0,0,0.263198632502753,0,0,0.09550572500038206,0
661,0,0.875976149043531,1,0,0.11207881363834639,0,0,0.09566571558949315,0,0,0.4542937848341359,1,0,0.3340102467631411,0,0,0.8974606304392626,1
662,1,0.9105561361671227,1,1,0.8257629018334265,1,0,0.12772773683497424,0,0,0.36106263577739506,0,1,0.8350361648411007,1,0,0.1730210469761861,0
663,1,0.8374257236321024,1,1,0.9008459187344433,1,0,0.3382135936939029,0,0,0.1836839138021958,0,0,0.18005307543000557,0,0,0.507085949779903,1
664,0,0.188935929394812,0,0,0.4405853967950628,1,0,0.13812032965442114,0,1,0.4848893952339591,1,0,0.09732090484129804,0,0,0.38010614947135307,1
665,0,0.470133869735916,1,0,0.20990984119090378,0,0,0.27628993205565927,0,0,0.1773236962173894,0,0,0.2247751761483626,0,0,0.24029060009574005,0
666,1,0.817350614073468,1,1,0.8154902461134355,1,0,0.2127863198969239,0,1,0.40431290879046133,0,0,0.2482457132859304,0,0,0.48609927719292423,1
667,0,0.4428821980115259,1,0,0.24952427046405737,0,0,0.5519350115408664,1,0,0.2557424631457901,0,0,0.1672515447320094,0,0,0.2743401945548524,0
668,1,0.5861343390700504,1,1,0.5813308410729847,1,0,0.18361392570534196,0,1,0.4255247627987305,0,0,0.21008851896510713,0,0,0.3357395853714659,0
669,1,0.8048583279527066,1,1,0.9031441666651729,1,0,0.42964756659619746,0,1,0.42645635725765624,0,0,0.22527664497935165,0,0,0.18671016601925036,0
670,1,0.5667791779578565,1,0,0.38187588805217376,0,0,0.10183312494940126,0,1,0.8090642637952834,1,0,0.057238566537526764,0,0,0.16327452291173805,0
671,0,0.4571908424646199,1,0,0.1232035464354138,0,0,0.21594956329751733,0,1,0.8479918329646,1,0,0.1475771394872364,0,0,0.2470045964799317,0
672,0,0.6316241113142068,1,0,0.2997433819562874,0,0,0.4316664980104874,0,0,0.23735067899324924,0,0,0.10648261868974356,0,0,0.7025158016325972,1
673,1,0.9412550796476287,1,0,0.19324779713871862,0,1,0.9850504937085486,1,0,0.17328762439017897,0,0,0.13223345331604633,0,0,0.1118274323404536,0
674,1,0.3961539094075214,1,1,0.5758486814613909,1,0,0.21778952430636878,0,0,0.3009803893141888,0,0,0.13386240784769787,0,0,0.21239602942947458,0
675,0,0.2401217447974699,0,0,0.30953169136489733,0,0,0.35959340737999806,0,0,0.30654856059932667,0,0,0.24841287226920028,0,0,0.3070378961159924,0
676,1,0.5186168767232936,1,0,0.26854845529777394,0,1,0.7157181534879201,1,0,0.7079956774957561,1,0,0.3540969667024817,0,0,0.2757316348342,0
677,1,0.8273903245599054,1,1,0.3830195625466777,0,1,0.7036730423065624,1,0,0.503952981225774,1,0,0.15233530181388177,0,0,0.5601571716317092,1
678,0,0.20357204189447603,0,0,0.13857741035773985,0,0,0.16343234029088685,0,0,0.15859837681188374,0,0,0.17151911777571793,0,0,0.20817968986798102,0
679,1,0.5844574385977093,1,1,0.8571429183112097,1,0,0.17277022640463158,0,0,0.28871382357428016,0,0,0.1745644238108766,0,0,0.5366935872979441,1
680,1,0.24943957420998925,0,0,0.34349637275380357,0,0,0.17893292375142475,0,0,0.23923615890100952,0,0,0.24097470194720919,0,0,0.14609502825387388,0
681,0,0.3080621297154441,0,0,0.12303277146569022,0,0,0.1356235554850429,0,0,0.1687560118617924,0,0,0.07168784590991016,0,0,0.7005188937290344,1
682,1,0.7180857971809222,1,0,0.2815674742255236,0,1,0.6632133508305277,1,0,0.2112737871143247,0,0,0.13926574111310772,0,0,0.39346454228368183,1
683,0,0.3155098273036632,0,0,0.5574180857855962,1,0,0.19089484050298122,0,0,0.5512134389590607,1,0,0.6404705182354844,1,0,0.15403491515521275,0
684,1,0.40021599054251056,1,1,0.8542834706913874,1,0,0.15463669338252004,0,1,0.5138817753253525,1,1,0.39491091621575003,0,0,0.26119518072385695,0
685,0,0.2931341637023074,0,0,0.10246286992503711,0,0,0.28222949226137845,0,1,0.718011818110057,1,0,0.17021478769916148,0,0,0.16687255837009424,0
686,0,0.46999746548077553,1,0,0.652630813933203,1,0,0.3393526962881919,0,0,0.5571935556790458,1,0,0.40895397677239737,0,0,0.5713956297718451,1
687,0,0.3833439258845615,1,0,0.2515229123909395,0,0,0.2233406557492564,0,0,0.34174362339001096,0,0,0.6075327508649521,1,0,0.30155708567139006,0
688,1,0.4688536446057557,1,1,0.37689899783447833,0,0,0.1840186478483272,0,0,0.34478915511404884,0,0,0.18290839889299682,0,1,0.42587682616006495,1
689,0,0.7204080494715561,1,0,0.25849937536332546,0,0,0.5454875094440452,1,1,0.7072697921971951,1,0,0.3297734830656118,0,0,0.5273306418394953,1
690,1,0.2862923037771721,0,1,0.33283327193310736,0,0,0.35913292292083343,0,0,0.1840250011938995,0,1,0.2160061000153197,0,0,0.15326386707407272,0
691,0,0.4391865143190303,1,1,0.44162628176588714,1,0,0.1545298899008297,0,1,0.7324424640812051,1,0,0.28149565399674314,0,0,0.3275078346165769,0
692,1,0.8943906461710772,1,1,0.44296964031344177,1,1,0.9443924016029763,1,1,0.4927031240554857,1,1,0.18327180469555307,0,1,0.379191893908756,1
693,1,0.3940758773543106,1,0,0.4328939565002657,0,0,0.2932048182192518,0,0,0.4113595707055725,0,0,0.19079918717648475,0,1,0.5686968298592074,1
694,0,0.6191841122714019,1,0,0.5018560937249064,1,0,0.3362845111240338,0,0,0.5472226738570326,1,0,0.25067781971901953,0,0,0.28307031552096035,0
695,0,0.6350101535456131,1,0,0.2634742409594893,0,1,0.744400908776306,1,0,0.2998045371709213,0,0,0.25627912278490633,0,0,0.509037618877256,1
696,1,0.43999739676138655,1,0,0.3467481608513965,0,0,0.45376707684196976,0,0,0.19959612416638642,0,0,0.22497932630970344,0,1,0.36838321711388783,0
697,1,0.7483237014008718,1,1,0.3347426936443498,0,1,0.3519294434166635,0,0,0.5441680920355544,1,0,0.39757714354821855,0,1,0.6110313145144006,1
698,1,0.7273891028643461,1,0,0.379156295746305,0,1,0.7903080154943325,1,0,0.5375517960674101,1,0,0.2464363592833212,0,0,0.21834039340114383,0
699,1,0.5523476206370452,1,0,0.30869662286846533,0,0,0.3542758914236528,0,0,0.5701510439252695,1,0,0.2372423798981426,0,0,0.31992844212694177,0
700,1,0.4495710519709672,1,0,0.32693105551686513,0,1,0.4996211898937066,1,0,0.21254764096866266,0,0,0.1536579879825557,0,0,0.2659013671489898,0
701,0,0.5167833743972784,1,0,0.3162238586451753,0,0,0.36988803314258417,0,0,0.3034960566139641,0,0,0.07970806634232507,0,0,0.9235917267310586,1
702,1,0.7617319805308317,1,0,0.23804631564671264,0,0,0.14963726933502625,0,0,0.40930403145158895,0,0,0.2921904313971138,0,0,0.5864748436507436,1
703,0,0.4583903907224842,1,0,0.31887330207048026,0,0,0.2436436161135992,0,0,0.3912328771026896,0,0,0.25604194409973,0,0,0.3056625239991458,0
704,1,0.4018358593532245,1,1,0.5690626524517771,1,0,0.2944853797986009,0,0,0.3042147163763,0,0,0.2546778272933365,0,0,0.613940148933562,1
705,1,0.5134007393412234,1,0,0.2879179580790353,0,0,0.20431142712843556,0,1,0.6720270034537983,1,0,0.20368052634336603,0,0,0.16149522696922636,0
706,1,0.7260199335389379,1,1,0.3474191465348836,0,1,0.598155359046731,1,0,0.20655088653378173,0,0,0.13185277181284508,0,0,0.29385424731981397,0
707,0,0.44654112297984144,1,0,0.31849637769483413,0,0,0.26041204941330226,0,0,0.471215063528855,1,0,0.4349075077376419,0,0,0.17209426147093929,0
708,1,0.694845116457998,1,0,0.2523856924019711,0,1,0.8763794187303436,1,0,0.16681960922128175,0,0,0.18900185265876232,0,0,0.156432399126666,0
709,0,0.4479237913133242,1,0,0.457021880359114,1,0,0.2560337194246421,0,0,0.4047654951996418,0,0,0.15183087558135044,0,0,0.21003855418591347,0
710,1,0.38424134176811076,1,0,0.23348231861109128,0,0,0.18424567487640922,0,1,0.22104334399176936,0,0,0.19273407780465884,0,1,0.5247572768915331,1
711,0,0.4439556103936868,1,0,0.3395217306380421,0,0,0.2509546165748983,0,0,0.4938156730729266,1,0,0.1414873391771501,0,0,0.4535701754238689,1
712,0,0.7223741241329492,1,0,0.288536787128165,0,0,0.151691972533994,0,1,0.5507703148736558,1,0,0.3338454227475195,0,0,0.24189544590411716,0
713,1,0.8636245311232008,1,1,0.6181786577819475,1,0,0.34025457021740046,0,1,0.45699729995235605,1,0,0.3194027644534912,0,0,0.3678723550936601,0
714,1,0.48342078880276695,1,1,0.4951306875492448,1,0,0.2911609522239967,0,1,0.5959444699845627,1,0,0.16099829426703308,0,0,0.4624240392444433,1
715,1,0.5022380073730888,1,1,0.7885210208142288,1,0,0.3203986020633987,0,0,0.19854022148241646,0,0,0.09009236013122836,0,0,0.3340435787706314,0
716,1,0.9596237149990832,1,1,0.9784179691352826,1,1,0.8115134314513156,1,0,0.12198130484329905,0,0,0.1786746776673385,0,0,0.41615002936419987,1
717,1,0.6270667710867238,1,1,0.7520715375975134,1,0,0.3688203765605422,0,0,0.14059791764703874,0,0,0.5168875407420803,1,0,0.1903774455967966,0
718,0,0.39118983536641333,1,0,0.301753365014052,0,0,0.4462944246789637,0,0,0.37524957867519737,0,0,0.11710548902948122,0,0,0.3791643417756223,1
719,1,0.610969000633104,1,1,0.3922415822036639,0,0,0.3512128974637027,0,0,0.38441108236297983,0,1,0.5454235779347546,1,1,0.4716462248121402,1
720,1,0.5778308443342169,1,0,0.4891498660618185,1,0,0.35794763380583866,0,0,0.5547274388276878,1,1,0.7988566951627992,1,0,0.30141369072979507,0
721,0,0.3783420269776558,0,0,0.3910809051834083,0,0,0.25219484998456143,0,0,0.24381362709431548,0,0,0.2654489113012894,0,0,0.1583621677940964,0
722,1,0.8584549649878439,1,0,0.4353319505471039,0,0,0.24920113318640022,0,1,0.3835526939551549,0,1,0.8143230910508159,1,0,0.2970310503740568,0
723,0,0.4405904458390074,1,0,0.45062224734811535,1,0,0.5348541214628106,1,0,0.26392461212973617,0,0,0.11032361343212102,0,0,0.328655468228301,0
724,1,0.7762800364306608,1,0,0.3396917812848397,0,0,0.2361216624502489,0,0,0.30967950145418505,0,0,0.14011184966077472,0,1,0.39980821270034833,1
725,1,0.537748282837869,1,1,0.5027208056268032,1,0,0.2795260333081364,0,0,0.4875404757768493,1,1,0.21181137016214685,0,1,0.31077130179542467,0
726,1,0.8140157903148805,1,1,0.8364455836232388,1,1,0.5691473966294325,1,0,0.40588938103779687,0,0,0.12811389067461693,0,1,0.41424391193565197,1
727,0,0.3988649177962014,1,0,0.2994451511684466,0,0,0.5331380830063974,1,0,0.22404203555380572,0,0,0.15424605084488338,0,0,0.34299656992393285,0
728,1,0.5700318070875835,1,0,0.34338592678414764,0,0,0.3378661779820765,0,1,0.47157807938340907,1,0,0.21124921414911924,0,0,0.5347152285023534,1
729,0,0.6954040455913216,1,0,0.16682682663173967,0,0,0.43822514929684186,0,0,0.8536306724258661,1,0,0.1130981994277414,0,0,0.345688451967853,0
730,0,0.5924059335040612,1,0,0.2593771145611497,0,0,0.2841661289988435,0,0,0.43102887050123995,0,0,0.1365770590088375,0,0,0.34022192268927715,0
731,1,0.8748247709978513,1,1,0.8073951908987623,1,1,0.27614134104524274,0,1,0.5674846712424255,1,0,0.2341069384895737,0,0,0.33548217843323647,0
732,1,0.333779382305822,0,1,0.5718403073980011,1,1,0.5138093664712748,1,0,0.3015082683508418,0,0,0.1894018307535486,0,0,0.1550455667543691,0
733,1,0.675050427078717,1,1,0.9463774416155857,1,0,0.29871465767039407,0,0,0.3493698657295296,0,0,0.12047560964156398,0,0,0.2950587413078807,0
734,1,0.665588218779502,1,1,0.5423583464975698,1,0,0.18015263758139935,0,0,0.24686232317420484,0,0,0.35029671957583713,0,0,0.2244126564829742,0
735,1,0.6413491742487113,1,0,0.41363865153126006,0,1,0.6620125585555533,1,0,0.5462078891482615,1,0,0.3809126181453366,0,0,0.5591166344513937,1
736,1,0.7930239862290385,1,0,0.19048686711769433,0,1,0.42557501281498733,0,0,0.4157133417295405,0,1,0.5824723580837311,1,1,0.5273791798320836,1
737,0,0.3838279858706694,1,0,0.3962060421432264,0,0,0.36834182784485,0,0,0.27348059966376737,0,0,0.18532865888636907,0,0,0.10525938541756893,0
738,1,0.9573552221985303,1,0,0.16143100801981494,0,1,0.9959289178452679,1,0,0.17113608439919922,0,0,0.1687274254705411,0,0,0.25555083665901746,0
739,1,0.6979312180085365,1,0,0.4993158819594082,1,0,0.14865443932756178,0,1,0.6997085106640226,1,0,0.18206871547216913,0,0,0.2733979928220002,0
740,0,0.6066299373987616,1,0,0.41795423439128604,0,0,0.3714914859458974,0,0,0.44242383399132734,0,0,0.18815937390721854,0,0,0.28044455285919756,0
741,1,0.4810127338722968,1,0,0.27750992106548755,0,0,0.2926480783087126,0,1,0.6833950995795857,1,0,0.4818432864783706,1,0,0.34442238940924613,0
742,0,0.24591808646618402,0,0,0.2685248420820987,0,0,0.29225632031557497,0,0,0.24034150631033488,0,0,0.2747381113497204,0,0,0.1878734200521145,0
743,0,0.8726297006967291,1,0,0.8562336570679004,1,0,0.316886729820679,0,0,0.40971536174031414,0,0,0.18042799924311367,0,0,0.3000564587531432,0
744,1,0.5553212482922125,1,1,0.45195332550317696,1,0,0.3209960746709399,0,0,0.4418681797015321,0,0,0.2984319968942677,0,1,0.3928004318016281,1
745,0,0.3551031102749186,0,0,0.591537385386045,1,0,0.8605661029444258,1,0,0.23749264871789458,0,0,0.14636843437043084,0,0,0.07444577289649718,0
746,1,0.6935427120421146,1,1,0.5281817471037896,1,1,0.6732704755424894,1,0,0.4885265460859455,1,1,0.6663319873157709,1,0,0.3944191857541632,1
747,1,0.4463308902422328,1,1,0.3052955594094333,0,1,0.5008630410887907,1,0,0.3248036918820742,0,0,0.2432806564534049,0,0,0.26396974530474604,0
748,1,0.7442663864227683,1,1,0.6442368711858846,1,1,0.22174009443159975,0,0,0.47330392148827694,1,0,0.1804519808192154,0,0,0.25593972899307205,0
749,1,0.43401616248670327,1,0,0.26315574590803825,0,0,0.35367495681524636,0,1,0.3196898522889974,0,0,0.1646234102663741,0,0,0.32067163856093717,0
750,0,0.913699881338708,1,0,0.9043150468053328,1,0,0.11082873739444588,0,0,0.5249260878414302,1,0,0.21400297025090878,0,0,0.206596832032034,0
751,0,0.5509868975533807,1,0,0.48785415387600123,1,0,0.29787592574466576,0,1,0.26419056305177363,0,0,0.41123575939424595,0,0,0.3113729913776268,0
752,0,0.19021910315243237,0,0,0.4188985923859188,0,0,0.17372192686253934,0,0,0.33401909872957586,0,0,0.2034188056805947,0,0,0.18476826408468228,0
753,0,0.174573656325978,0,0,0.48624102009865644,1,0,0.13422071220987894,0,0,0.1923380818307838,0,0,0.1524856957706973,0,0,0.16785542348720478,0
754,1,0.6664431588432841,1,0,0.45127269079069576,1,1,0.6591762082990784,1,0,0.4200198710832393,0,0,0.25023789726357126,0,0,0.300065248637271,0
755,0,0.24941187403270673,0,0,0.16908777016504475,0,0,0.31431860499096304,0,0,0.1273924313803846,0,0,0.48844716653821885,1,0,0.08578109324585882,0
756,1,0.6029870981063129,1,0,0.624026084034177,1,1,0.6590385163707376,1,0,0.22160454697622942,0,0,0.16756746261220962,0,0,0.25402977256595954,0
757,0,0.35034129029390176,0,0,0.31820693139282996,0,0,0.27618724234621767,0,0,0.15491927003447858,0,0,0.21227601449941685,0,0,0.15571557819276835,0
758,1,0.8108975090184616,1,1,0.8246766042473551,1,1,0.8867889217437737,1,0,0.14343540365952495,0,0,0.18359404179864647,0,0,0.3049624066390986,0
759,1,0.6683919332331305,1,1,0.74511762018906,1,1,0.5553383987219057,1,0,0.5197846282334165,1,0,0.10763898884204641,0,0,0.32473374833099306,0
760,1,0.383166403451015,1,1,0.2289511253069954,0,0,0.363829425254929,0,0,0.2921487671398765,0,0,0.28420164865332814,0,1,0.30218484478551166,0
761,1,0.08034768823695199,0,1,0.19608622203342413,0,0,0.04737897044611878,0,0,0.20280862646977707,0,1,0.8291553704766802,1,0,0.06676355701195712,0
762,0,0.46338458444510006,1,0,0.32562831627575284,0,0,0.20737260466692828,0,0,0.21803667250632477,0,0,0.27172541260620886,0,0,0.3430687700226905,0
763,0,0.7228864344410223,1,1,0.8206689520013778,1,0,0.2793577302338299,0,0,0.3346910713411928,0,0,0.1344589479983444,0,0,0.39446438254440885,1
764,0,0.628374126311393,1,0,0.4292390585349149,0,0,0.22487870185694228,0,0,0.4408356400649002,0,1,0.8423809206054078,1,0,0.17143764142082588,0
765,1,0.6040244326120309,1,1,0.5843815363163469,1,0,0.23816848006224134,0,0,0.2233332612822835,0,0,0.25024394295933305,0,0,0.4283992363872795,1
766,0,0.25171582644663953,0,0,0.48653215719766413,1,0,0.22976477412337565,0,0,0.18695595589408495,0,0,0.08640904006185786,0,0,0.16911845107563953,0
767,1,0.5457772543850584,1,0,0.2913532953202886,0,0,0.27543101547985305,0,1,0.7010391888278562,1,1,0.5219650607783225,1,0,0.4486301620007037,1
768,1,0.6296440980948704,1,0,0.15759725682701672,0,0,0.26035651576699254,0,1,0.4739122293400777,1,0,0.19644270280559445,0,0,0.4273305648185929,1
769,0,0.6877489009114265,1,0,0.3877310066861676,0,0,0.3906020627231784,0,1,0.49133228067746326,1,0,0.2794454277105606,0,0,0.328659647857451,0
770,1,0.49408273550709686,1,1,0.5224047376339305,1,0,0.15281615003780077,0,0,0.37486218514071085,0,0,0.13804625482681893,0,1,0.3305775807396565,0
771,1,0.6586226245111094,1,0,0.38019984405311913,0,0,0.2687000497163852,0,1,0.5223275397062623,1,0,0.2393944169323607,0,1,0.7084100133704607,1
772,0,0.2500992108883036,0,0,0.3040372389848113,0,0,0.37990370397592366,0,0,0.22453830059192675,0,0,0.14760696251289782,0,1,0.597935194724204,1
773,1,0.23607557497672796,0,0,0.1625223207162932,0,0,0.16043669981134412,0,1,0.2335547043588954,0,1,0.304851245217314,0,0,0.17474832727733539,0
774,1,0.4034938726737701,1,1,0.45043433423683105,1,1,0.20231659541166386,0,1,0.4847579437360143,1,0,0.2700726053130169,0,0,0.16440921859486554,0
775,1,0.3959464851824731,1,1,0.3091364273446147,0,0,0.31088657608769016,0,0,0.22353091826360397,0,0,0.15288237706507615,0,0,0.20803243574382124,0
776,0,0.4987369276904576,1,0,0.5952930766766368,1,1,0.4550839745539531,0,0,0.2734881059576283,0,0,0.21552428148425848,0,0,0.5652808310232237,1
777,1,0.5308488343854887,1,0,0.4353929608453734,0,0,0.12882322739962965,0,0,0.5598003385429932,1,0,0.08777633403175875,0,0,0.3211052705696734,0
778,0,0.4992071989860159,1,0,0.5421629669608109,1,1,0.3756075021254242,0,0,0.4220582316166366,0,0,0.14074938686101798,0,0,0.4033364338001369,1
779,0,0.34561600752705934,0,0,0.17746934776358042,0,1,0.3019307823408358,0,0,0.3229126349021,0,0,0.27550430284069877,0,1,0.4379794995524552,1
780,1,0.4015901869104598,1,0,0.19079221625208914,0,0,0.1469776863253693,0,1,0.5575831402973659,1,0,0.11624670125545952,0,0,0.22353374797481093,0
781,1,0.5789055843116302,1,0,0.6165622491458521,1,0,0.2887735449657021,0,0,0.606910257745008,1,0,0.1909126960175641,0,0,0.36688363900407145,0
782,1,0.6175384714332087,1,1,0.6627751911683278,1,0,0.5134631382920137,1,0,0.40683799821834377,0,0,0.21007085183816826,0,0,0.3410177491234191,0
783,1,0.828290661413499,1,1,0.9581023153534217,1,0,0.25030558474758524,0,0,0.2664917111584586,0,0,0.16557786011126432,0,0,0.3009342973136968,0
784,1,0.6279879067117731,1,0,0.44597239977497544,1,1,0.6581959256429577,1,0,0.17818632725458455,0,0,0.19742228627244982,0,1,0.46083588912321266,1
785,1,0.7742101170398102,1,0,0.26379164098143104,0,0,0.1406561690767043,0,1,0.41377976368059727,0,0,0.5014328011293234,1,1,0.5768154281611094,1
786,0,0.35983344455767574,0,0,0.4645093289652244,1,0,0.2551670739057831,0,0,0.2836429005743976,0,0,0.13986345313289128,0,0,0.24262319384873743,0
787,0,0.29847649185414227,0,0,0.15849628572534258,0,0,0.3594862837843452,0,0,0.30798727557342376,0,0,0.2693537713771328,0,0,0.42030891012578786,1
788,0,0.4012945969165209,1,0,0.4423929209830469,1,0,0.10457950976506827,0,0,0.6967786553599339,1,0,0.1600603326813595,0,0,0.29460933636839143,0
789,1,0.7248043120220761,1,0,0.2248648665758807,0,1,0.7564888945727917,1,0,0.1389000194076688,0,0,0.1929716932260259,0,0,0.2899858986041889,0
790,0,0.30619099029779884,0,0,0.22259025351324374,0,0,0.08171213464497266,0,0,0.18440781770045456,0,0,0.15390581732945538,0,0,0.1736019821914937,0
791,1,0.6218072283254842,1,0,0.1264862434669389,0,0,0.2461941930546727,0,1,0.27844099519189286,0,0,0.18124839923618563,0,1,0.8620646172349284,1
792,0,0.609569695747752,1,0,0.3281065307634731,0,1,0.8040427260382059,1,0,0.4055904404229765,0,0,0.20936339846746824,0,1,0.6488376113743016,1
793,0,0.5138321384657969,1,0,0.43395882840899336,0,0,0.2072573486182043,0,0,0.4384682960288471,0,0,0.26764971712595614,0,0,0.3540665404247364,0
794,0,0.24807760524374023,0,0,0.3461846291324861,0,0,0.2582935582764358,0,0,0.43414318649016975,0,0,0.43914036435005915,0,1,0.4380895566492611,1
795,0,0.5443089368417217,1,0,0.30859207677648287,0,0,0.4416434929142084,0,0,0.15387040496006596,0,0,0.19001462687564244,0,0,0.6286308000435693,1
796,1,0.5612984102755549,1,1,0.6194798936358817,1,0,0.29939550753465183,0,0,0.25764354062244826,0,0,0.1798701034031355,0,0,0.34530822716327386,0
797,1,0.550417078374408,1,0,0.18353511828227503,0,0,0.08061806708667794,0,0,0.22408720006225522,0,0,0.07336631992387406,0,1,0.6215352624462347,1
798,1,0.3693120560728174,0,0,0.20202433623362617,0,1,0.4472222041927048,0,0,0.23712719661956008,0,0,0.09016680299607933,0,1,0.5079113982831216,1
799,1,0.48751269502115924,1,1,0.4253198486826205,0,0,0.2584849096071824,0,1,0.2987878204047114,0,0,0.2807034485425563,0,0,0.25595538448043836,0
800,0,0.6446554734631247,1,0,0.3981153448242301,0,0,0.8147395222549,1,0,0.3455451491859408,0,0,0.16771655866977045,0,0,0.2215551575090726,0
801,0,0.2015118823404549,0,0,0.1170109930600274,0,0,0.09272582962692795,0,0,0.17133187790956125,0,0,0.9828373122713728,1,0,0.08475824451741858,0
802,0,0.39147880519914185,1,0,0.2706078640546561,0,0,0.12765386279724733,0,0,0.3407496405778089,0,0,0.2536014273721434,0,0,0.168694035290146,0
803,0,0.3393162485836592,0,0,0.2326565496165145,0,0,0.33830354046212463,0,0,0.2144614902171583,0,0,0.15169698007156646,0,1,0.6395636896201636,1
804,1,0.841884087699714,1,1,0.9100797970260994,1,0,0.6856076546567661,1,0,0.2126925735870566,0,0,0.14688305594071516,0,0,0.32648026151051046,0
805,0,0.3516163044721995,0,0,0.41330476346521516,0,0,0.2658464869943215,0,0,0.5848294874605027,1,0,0.2174128418501715,0,0,0.299790404546371,0
806,1,0.8504136739034635,1,1,0.344432139023651,0,0,0.46412628287318924,0,0,0.2860484990685827,0,0,0.16497078208208518,0,1,0.7747521708971961,1
807,0,0.3289358583639467,0,0,0.19108019619907543,0,0,0.16038545962340023,0,0,0.3198350251670069,0,0,0.1707849161261964,0,0,0.20210990479218865,0
808,1,0.41226423985971405,1,1,0.5741528395113835,1,0,0.37075227864215893,0,1,0.30931755931498023,0,0,0.2625763659280691,0,0,0.27471772466718897,0
809,1,0.6009375240088778,1,0,0.38309389964529683,0,1,0.6178077467017424,1,0,0.34511657659249206,0,0,0.17769303512668225,0,1,0.2890494151914444,0
810,1,0.991607594571271,1,0,0.07009545554377192,0,1,0.9705821595562775,1,0,0.17373359697684762,0,1,0.9812488790994688,1,0,0.057989871304884914,0
811,1,0.8862043738842468,1,0,0.22689781766190995,0,1,0.9443937175518696,1,0,0.2500902911240524,0,0,0.255658351508452,0,0,0.15924061120871807,0
812,1,0.3454897280545444,0,1,0.6300192570471908,1,0,0.1208251095784985,0,0,0.5618733978614802,1,0,0.20013108645353617,0,0,0.20038866895025087,0
813,1,0.5874208221779805,1,0,0.1637121490962633,0,0,0.294803521246569,0,0,0.6979491118414141,1,1,0.6226762274319931,1,0,0.3613525692387789,0
814,1,0.43389418547997455,1,0,0.1881829420096941,0,1,0.7439213062104484,1,0,0.2705543269120932,0,0,0.2800226361178475,0,0,0.19322178450933888,0
815,1,0.7363424362921385,1,1,0.5093420917506911,1,1,0.7882204925845688,1,1,0.5599158920557189,1,0,0.20351356557418956,0,1,0.3645810894079662,0
816,1,0.5451307442811472,1,0,0.2083636890370357,0,0,0.2510290582817177,0,0,0.26351009868272396,0,1,0.47121101304403096,1,0,0.4272467572274469,1
817,1,0.7342013986729781,1,0,0.09928551432996924,0,1,0.8776043142894296,1,0,0.14411219620450325,0,0,0.15675341215895824,0,0,0.18481972686150766,0
818,1,0.5018519367556858,1,1,0.558673111557927,1,0,0.109906075473789,0,1,0.42175130581965137,0,0,0.10552229928230289,0,0,0.35208600332519546,0
819,1,0.5987995099128878,1,1,0.3786866733747137,0,0,0.2931767146484957,0,0,0.5683514146793601,1,0,0.24487422328911707,0,0,0.2594402072200998,0
820,0,0.4020234215688029,1,0,0.2289476630120228,0,0,0.34842605768847196,0,1,0.18956312387691698,0,1,0.45689791912379163,1,0,0.39651200566095807,1
821,1,0.6283472434935872,1,1,0.6678752742721807,1,0,0.24663117447576585,0,0,0.26293475756641815,0,0,0.11715248111611501,0,0,0.35962102815693425,0
822,0,0.670075081950072,1,0,0.6305972703987208,1,0,0.3378033007524073,0,0,0.45800997575924085,1,0,0.18162005167123565,0,0,0.5469085692556981,1
823,1,0.610828584543261,1,1,0.43767158808720796,0,1,0.5013301067584809,1,1,0.28942881975048557,0,0,0.15330460924899342,0,1,0.6660567187700868,1
824,1,0.5618082953206084,1,0,0.3958210491813301,0,1,0.41614907901305714,0,0,0.3110299359586513,0,0,0.21135194112378325,0,0,0.40773461300649094,1
825,0,0.23462115567041347,0,0,0.6410275790488335,1,0,0.13034051585622236,0,0,0.37841417196233307,0,0,0.159409854189118,0,0,0.12660047690589435,0
826,0,0.6980337517580337,1,1,0.7723855353158023,1,0,0.2562804728541441,0,0,0.39888408803187425,0,0,0.2443905351802881,0,1,0.2581426494392738,0
827,1,0.4455319059353192,1,0,0.16037369479046987,0,0,0.2087891232128623,0,1,0.8850563931750719,1,0,0.3493197302077725,0,0,0.31432305225579654,0
828,0,0.5420837696662172,1,0,0.5925507778017898,1,0,0.372707098564087,0,0,0.3451753378305367,0,0,0.18536313093438633,0,0,0.2794288171490477,0
829,1,0.3133252839777275,0,1,0.31777741443004925,0,1,0.45319586188402367,0,0,0.3242180004127554,0,0,0.13488663185396457,0,1,0.3927352044286862,1
830,1,0.8365895099225114,1,0,0.2785575721069196,0,1,0.644146004576408,1,0,0.38766607771326245,0,1,0.587905254938701,1,0,0.6153021603760995,1
831,0,0.5207444236257734,1,0,0.26790618139826555,0,0,0.28733439083841644,0,0,0.5135504172945888,1,0,0.12314783920609781,0,0,0.15284002949838885,0
832,1,0.6952340451027794,1,0,0.24094297672950235,0,0,0.19935745735786864,0,1,0.21736811038888817,0,0,0.18507342615167718,0,1,0.47229428982848415,1
833,1,0.47558887507645997,1,0,0.2907793691923815,0,0,0.3618456724121627,0,1,0.5949063738947064,1,1,0.6913710933176483,1,0,0.3109883330228924,0
834,1,0.6015360351120691,1,0,0.1299253095189345,0,0,0.528146232987101,1,0,0.2472845923356258,0,1,0.7403378251743666,1,0,0.11080974673501186,0
835,0,0.5163050135602852,1,0,0.7887807767023167,1,0,0.18455429298640522,0,0,0.11649577228996054,0,0,0.123983774543179,0,0,0.1946434540498917,0
836,0,0.47119368227070485,1,1,0.5599277052707181,1,1,0.2011075595469793,0,1,0.5364540291438837,1,1,0.07583628817435949,0,0,0.4092990915024181,1
837,0,0.44548290721442846,1,0,0.17846966790153265,0,0,0.3520731619058635,0,0,0.2418576991056124,0,0,0.49974794123632077,1,0,0.14579306375114184,0
838,1,0.6924565820244162,1,0,0.4957706915163917,1,1,0.5251324837272795,1,0,0.3998503735801371,0,0,0.35397827783857283,0,1,0.4290031023458008,1
839,1,0.5262268997027102,1,1,0.603552216973644,1,0,0.42562348124888316,0,0,0.3593466693703517,0,0,0.09270998282442573,0,0,0.18351961146823323,0
840,1,0.647008102388001,1,0,0.14389534413599123,0,1,0.6269405469000305,1,0,0.23847440151860613,0,0,0.2713729493654173,0,0,0.18662865003764723,0
841,0,0.788857362718206,1,0,0.41137550712280313,0,0,0.677017055221271,1,1,0.5114727782385943,1,0,0.2657594365253832,0,0,0.4569983069129587,1
842,1,0.6344624939186149,1,0,0.38840552370006703,0,1,0.3600305086624452,0,0,0.3275576748395021,0,0,0.2422273631353491,0,1,0.2895905601357487,0
843,0,0.3701622155804606,0,0,0.4162096182935777,0,0,0.26916233971386605,0,0,0.44997582844774636,0,0,0.24926515908740804,0,0,0.25893771166035756,0
844,0,0.3647538539089424,0,0,0.2471949998256217,0,0,0.11901365729670205,0,0,0.39637359330932814,0,0,0.1595664498964342,0,1,0.7619161106576574,1
845,0,0.3868212569341043,1,0,0.21893425637655428,0,0,0.2775966664027869,0,0,0.6992228357023932,1,0,0.10434307836674912,0,0,0.15769003273433244,0
846,1,0.6803063292725565,1,1,0.9260091240862152,1,0,0.18901379825193293,0,0,0.16705657517865805,0,0,0.18058961004551916,0,0,0.16016595401788006,0
847,1,0.4759198245069928,1,1,0.407870658219065,0,0,0.23208211895981679,0,0,0.16476822148087394,0,0,0.1095378216399089,0,0,0.22739959952253724,0
848,0,0.713580672442355,1,0,0.7928448617084113,1,0,0.31681053331841325,0,0,0.4961337582572263,1,0,0.12622704006168917,0,0,0.24036752897093194,0
849,1,0.6585001573377958,1,1,0.7949919711053235,1,0,0.386728493597803,0,0,0.4870753769686743,1,0,0.16037537440898705,0,0,0.19914313045550774,0
850,1,0.38205356399758345,1,0,0.4943981697214398,1,0,0.2256354067125294,0,0,0.2079959309679722,0,0,0.16126492284850039,0,1,0.6450261413457975,1
851,0,0.4680424289518817,1,0,0.44546200949154807,1,0,0.1322890617365769,0,0,0.34998670277577365,0,0,0.11319010804812109,0,0,0.31730280852177095,0
852,1,0.7059231739164511,1,1,0.3806243296485499,0,0,0.521760648594309,1,0,0.18635750418041336,0,0,0.1363382512824537,0,1,0.27335084947151983,0
853,0,0.7090857741117643,1,0,0.31626663655694487,0,0,0.25046865937375834,0,1,0.8306204549934784,1,0,0.163974781746194,0,0,0.1924841332964813,0
854,0,0.3505681992915752,0,0,0.263006402435512,0,0,0.26397108040878475,0,0,0.18188510153978274,0,0,0.8186428797118883,1,0,0.2633487027959366,0
855,1,0.4314954008164487,1,0,0.2634696919641171,0,0,0.16210604291380554,0,1,0.7810008687278708,1,0,0.23387300472407166,0,0,0.28553147603631496,0
856,1,0.909943376017297,1,1,0.9642295875203784,1,0,0.2054576443858704,0,0,0.486630083555508,1,0,0.19874196915120268,0,0,0.08454972128855215,0
857,0,0.37513863375561474,0,0,0.2590177706779089,0,0,0.15713337863525437,0,0,0.38077534757459747,0,0,0.12312033837144008,0,1,0.9004753259525542,1
858,1,0.8812979015608525,1,0,0.2826384411102874,0,0,0.8959029700453669,1,1,0.43234898701732916,0,1,0.24568486250760177,0,0,0.35347537546299973,0
859,1,0.5184065853175761,1,0,0.2529612806907068,0,1,0.7254882842140025,1,0,0.3594131514432235,0,0,0.18667814357791412,0,0,0.27975935984391626,0
860,1,0.743392224070406,1,1,0.9506705083154511,1,0,0.16909781290762527,0,0,0.18774298325128633,0,0,0.18368833881235921,0,0,0.4585424320822478,1
861,0,0.5227967983621916,1,0,0.23539319728580702,0,0,0.09040309291165295,0,0,0.15258455213992309,0,0,0.8518655818530713,1,0,0.21843079772005336,0
862,1,0.6001829374047274,1,0,0.495993579212823,1,0,0.2886253600198087,0,0,0.285530025206654,0,1,0.6162649837913553,1,1,0.2876117252766388,0
863,1,0.5097304517530569,1,0,0.2766909809807786,0,0,0.5539830762455035,1,0,0.6088503590752463,1,1,0.23079251876124265,0,1,0.544647944177825,1
864,1,0.5564793250931689,1,1,0.7005237389373649,1,0,0.38478579858786055,0,0,0.55873849706295,1,0,0.14296260891875745,0,0,0.119732897537154,0
865,0,0.8390132502656121,1,0,0.07717308930160754,0,1,0.853627091278935,1,0,0.25813737132161024,0,1,0.9222800562165593,1,0,0.10863666145385707,0
866,1,0.4451631530103783,1,1,0.44850944084671185,1,0,0.3488778815522286,0,0,0.33560679842466873,0,0,0.1700512034096151,0,0,0.4718989790266056,1
867,1,0.8923920218534356,1,1,0.7136979923315754,1,0,0.3254417456803083,0,0,0.3051952841367084,0,0,0.11362696317070922,0,0,0.34460849870438326,0
868,0,0.2758322543965041,0,0,0.1937787354647956,0,0,0.20075807972369605,0,0,0.5125346495290429,1,0,0.2258723955940061,0,0,0.18300772475255767,0
869,1,0.7911731981429199,1,0,0.48616967732074773,1,0,0.20990891956954463,0,1,0.637601348152848,1,1,0.41814248774283125,0,0,0.39273939351381604,1
870,0,0.49181321081797874,1,0,0.47120670556650596,1,0,0.23529964906516773,0,0,0.33978354277989914,0,0,0.15177206477583868,0,0,0.38542311396877493,1
871,1,0.6484096766314873,1,0,0.5869099919099553,1,0,0.7790807000186156,1,0,0.2561969129893295,0,0,0.08806071293238646,0,1,0.25291026919149534,0
872,0,0.29296625314460906,0,0,0.41998786833707114,0,0,0.1378065845237766,0,0,0.2489216995472174,0,0,0.18651366020063154,0,0,0.15629293906931488,0
873,1,0.7106768492992548,1,1,0.6292903447400597,1,1,0.5814676409317462,1,1,0.28132357842039035,0,0,0.3091553469790927,0,0,0.5424876838086015,1
874,0,0.630741973135027,1,0,0.4742997595641458,1,0,0.2698744275382193,0,0,0.4310724348234315,0,0,0.2127022683073485,0,0,0.33533242410749126,0
875,0,0.459639849494508,1,0,0.4089526829024793,0,0,0.4292492103443611,0,0,0.3288515523625021,0,0,0.24600029578349628,0,0,0.17809880477622989,0
876,0,0.42672164543768665,1,0,0.22838099366952885,0,0,0.24876493213582943,0,0,0.5386320174515918,1,0,0.17007542903791192,0,0,0.4404079600701347,1
877,1,0.4490750248503314,1,0,0.3245130247042942,0,1,0.6983788612882774,1,0,0.24726322410798382,0,0,0.14510432679910992,0,0,0.23751474347388432,0
878,1,0.6368464991097849,1,0,0.3565666741156433,0,0,0.14855503622977098,0,1,0.7646573423694457,1,0,0.13117627217393862,0,0,0.17282701316310717,0
879,0,0.4338356111354926,1,0,0.18785202311900312,0,0,0.2966616930083591,0,0,0.6559748301056624,1,0,0.2426179900838824,0,0,0.12626876389139008,0
880,1,0.5742439160875558,1,1,0.7976821853984322,1,0,0.22456550573402048,0,0,0.4679105091144072,1,0,0.09010104690016889,0,0,0.3827766539069503,1
881,1,0.281824216112548,0,0,0.23629529002443586,0,0,0.2526253394930843,0,1,0.4598411480580883,1,0,0.22515500141722994,0,0,0.3134243345191259,0
882,0,0.404648198649076,1,1,0.6351523174376894,1,0,0.24303571437853413,0,0,0.1343380605918431,0,0,0.10898359559908201,0,0,0.18796208818089638,0
883,1,0.646099402170118,1,0,0.22357869178362247,0,1,0.6868937449452694,1,1,0.4641136567786344,1,0,0.2966319145232404,0,1,0.43785704955209126,1
884,0,0.36971757330005434,0,0,0.22255933634133016,0,0,0.11946817233122134,0,0,0.41414506004395213,0,0,0.3436569831245749,0,0,0.3199144813477345,0
885,1,0.33709186367460564,0,1,0.4615198189586292,1,0,0.3694761053341076,0,0,0.31513992378762457,0,0,0.2473558045535284,0,1,0.2591829184574011,0
886,1,0.5161393931629992,1,1,0.6254732698752572,1,0,0.1850601850557901,0,0,0.27190643692005,0,0,0.19433349989666762,0,1,0.11794726518705831,0
887,1,0.7234866176137618,1,1,0.794335109744521,1,0,0.18681948598333115,0,0,0.29798885981147677,0,0,0.23962591737618266,0,0,0.2752832200700315,0
888,1,0.7312807954188552,1,1,0.25651599170093153,0,1,0.6789601977386813,1,0,0.2936103473378973,0,0,0.16949214289615144,0,0,0.3333595872604583,0
889,1,0.5420116896120578,1,0,0.2830633329053048,0,1,0.6814307090954355,1,0,0.3751948490925015,0,0,0.2262888660310829,0,0,0.32845966430364515,0
890,0,0.5300516283425135,1,0,0.3806734907342017,0,0,0.7035805432322156,1,0,0.3588258851722332,0,0,0.1357075580146058,0,0,0.46019485846771613,1
891,0,0.3913382376518138,1,0,0.3234253178670679,0,0,0.2191208872405152,0,0,0.5458459004389625,1,0,0.23084540486939953,0,0,0.2615556244420679,0
892,0,0.40755435085645775,1,0,0.40581563284534145,0,0,0.6366211638273889,1,0,0.29283218472675276,0,0,0.2017171463059482,0,0,0.29379874396654787,0
893,1,0.8299219359281769,1,0,0.43542797945228884,0,1,0.6071133116731813,1,0,0.5240594544390571,1,0,0.18730562496199243,0,1,0.411243565752328,1
894,1,0.7724186807825891,1,1,0.7745800485285612,1,1,0.43764439523717125,0,0,0.2846606353637718,0,0,0.07571886236266633,0,1,0.3161127617700611,0
895,0,0.4174138252254651,1,0,0.366636882025804,0,0,0.22864322889777294,0,1,0.29241001403352107,0,0,0.13663012257208046,0,0,0.275152494178813,0
896,0,0.3780533460602443,0,0,0.6666814772072389,1,0,0.15819522066178549,0,0,0.4836602343316967,1,0,0.13817677400500605,0,0,0.2576532628043634,0
897,1,0.9133718658064621,1,1,0.972901791955365,1,0,0.18382574934985682,0,0,0.28378863871691773,0,0,0.1564088802715849,0,1,0.15079051231413143,0
898,1,0.441363082720948,1,0,0.3875539904444486,0,0,0.2384579992088082,0,1,0.24390025897908055,0,0,0.1594312215433439,0,0,0.2785419270313603,0
899,1,0.4782816780069894,1,0,0.3050021118917011,0,0,0.3384288587155821,0,1,0.44372093971043974,0,0,0.13631080485547523,0,0,0.385338461422465,1
900,0,0.2956008160609739,0,0,0.1665565570886617,0,0,0.24844532504021294,0,0,0.7433743009454891,1,0,0.22703194215656164,0,0,0.15754821782270068,0
901,1,0.9697051671756869,1,0,0.09772900442134079,0,1,0.9969365276053367,1,0,0.15109271501992833,0,0,0.1952667946937262,0,0,0.1197145498669417,0
902,0,0.4169258738709746,1,0,0.43444068508000355,0,0,0.07049045654024372,0,0,0.7287601503642198,1,0,0.20338221948778756,0,0,0.11151789904979627,0
903,0,0.32970263023196955,0,1,0.5499014014725387,1,0,0.16342112310130041,0,1,0.30396977827424077,0,0,0.18212811462619477,0,0,0.18940512647385377,0
904,1,0.566022493200692,1,0,0.2461423515750715,0,0,0.0984081544607274,0,0,0.6855891999826551,1,0,0.08518798100830796,0,0,0.33629945753178503,0
905,1,0.43414263031448774,1,1,0.2856023550005299,0,1,0.827483913556814,1,1,0.2769711696258991,0,1,0.2114827234125526,0,1,0.3429302577145197,0
906,0,0.2449705261311201,0,0,0.5817458971307042,1,0,0.1530804577800214,0,0,0.13356203807111328,0,0,0.0627036476772084,0,0,0.4512187813735128,1
907,1,0.43986892317439175,1,1,0.6099726088942427,1,1,0.41412950522783776,0,0,0.2672418551746464,0,0,0.1220408712300987,0,0,0.18618959307282132,0
908,0,0.25049059040855376,0,0,0.5659751304834636,1,0,0.20559364245257047,0,0,0.47153597898756894,1,0,0.14731593562447284,0,0,0.1133393853226275,0
909,0,0.3109855246779855,0,0,0.3920798743493924,0,0,0.3334732383336582,0,0,0.2597330754654354,0,0,0.24799837915957335,0,0,0.3186592412976333,0
910,1,0.6422941277459804,1,0,0.76392017394493,1,0,0.49937878503931427,1,0,0.6473564320711678,1,0,0.2959872361706204,0,1,0.5583349734582777,1
911,0,0.41030979740504653,1,0,0.22086342523237457,0,0,0.36885517836003356,0,0,0.3199070511549873,0,1,0.9003279192870038,1,0,0.35262335001071765,0
912,1,0.4195674791315115,1,0,0.4858475590587685,1,0,0.18087830558693277,0,0,0.17235499197436474,0,0,0.2649201709148901,0,1,0.3954758363818135,1
913,1,0.6069342730793982,1,1,0.48213889670247434,1,1,0.8270442319438992,1,1,0.5030193818672128,1,0,0.17474214537031715,0,0,0.35401514367242,0
914,1,0.8405676682389406,1,1,0.7028687583328742,1,1,0.7136419474087284,1,0,0.32923696088824533,0,1,0.2893667068639371,0,1,0.5761492435261991,1
915,1,0.5977169849010657,1,0,0.6210322288190155,1,0,0.15646251026435362,0,0,0.5635560670888449,1,1,0.4334805121472009,0,0,0.3581553766167001,0
916,0,0.4604118678022362,1,0,0.49842102372520436,1,0,0.27492367761479064,0,0,0.2709368957391427,0,0,0.25571866575820645,0,0,0.3028902909265911,0
917,0,0.29948904748563837,0,0,0.2996500236447853,0,0,0.16720547313307385,0,0,0.42453099516703324,0,0,0.2891460729285358,0,0,0.17105287806803582,0
918,0,0.46737917174036125,1,0,0.40593962657157256,0,0,0.33904240818713394,0,0,0.3902430070589799,0,0,0.18644607446691105,0,0,0.2633772529822518,0
919,0,0.306143185545803,0,0,0.21079075237199155,0,0,0.16270780207477903,0,0,0.3357139075575685,0,0,0.15830713617155678,0,0,0.2649567381155675,0
920,1,0.3447155279160511,0,0,0.2848110711961705,0,0,0.1428483194725307,0,1,0.7428086304311823,1,0,0.13479021566334426,0,0,0.27930855432611523,0
921,1,0.7473353655696295,1,0,0.15631130510430954,0,0,0.23268166759144365,0,0,0.6894292059306316,1,1,0.9551634403719655,1,0,0.1240399510598078,0
922,1,0.6902493142155165,1,1,0.5548443609749042,1,0,0.19837594644337128,0,0,0.4392152686011292,0,0,0.2512921416561721,0,0,0.5968588039543766,1
923,1,0.7063117653305743,1,1,0.29613773546311617,0,1,0.39498544348234743,0,1,0.2383352673186926,0,0,0.19325602140625767,0,0,0.5887165920100188,1
924,1,0.7813541882790989,1,0,0.37574520349256973,0,0,0.24138750451537586,0,0,0.493904858547039,1,1,0.8375734807049369,1,0,0.41214802590379174,1
925,1,0.8225735525813741,1,0,0.4209882774460683,0,0,0.286631432189747,0,0,0.40461912511203635,0,1,0.9829402884569179,1,0,0.535895891171385,1
926,1,0.1764031630247036,0,0,0.33819089781692285,0,0,0.48852210266580326,1,0,0.2835072727676218,0,0,0.14058018309450504,0,1,0.21583255927368306,0
927,1,0.6121554347107014,1,1,0.5360982194457345,1,1,0.4573880730122119,0,0,0.42734741916846053,0,1,0.11993237345248227,0,1,0.17786324155825287,0
928,1,0.5636603321843329,1,0,0.35067204183135037,0,1,0.8089297939194839,1,0,0.311665107185014,0,0,0.23695886241723554,0,0,0.4018865064181323,1
929,1,0.6644214847315411,1,1,0.6190598908282496,1,1,0.7623531055137055,1,0,0.22258205464019287,0,0,0.21665986833310935,0,0,0.5406903493831595,1
930,0,0.4987557974856242,1,0,0.5872327771478824,1,0,0.1879868884708574,0,0,0.24426391710687434,0,0,0.20874070112938672,0,0,0.29348077339059375,0
931,1,0.7084321564671109,1,0,0.4399092016116593,0,0,0.2719594672461619,0,0,0.2766860057391173,0,1,0.2531276394735159,0,1,0.4088808092149262,1
932,1,0.3464026118800576,0,0,0.13903194666220506,0,0,0.24927183065348668,0,1,0.7054939944405384,1,0,0.2533231989024022,0,0,0.2942815672579342,0
933,1,0.6489933095474976,1,1,0.8189161671895485,1,0,0.3715148185415419,0,0,0.651497006329515,1,0,0.18344487622446257,0,0,0.1972647646403311,0
934,1,0.42512979219113695,1,1,0.291132093266242,0,1,0.6476413126856332,1,1,0.2858798126031957,0,0,0.18149631546540568,0,0,0.4005406076398825,1
935,1,0.46838136746438014,1,0,0.260232771466579,0,0,0.19543340614883942,0,0,0.3838289922728899,0,0,0.1923210390815981,0,0,0.6736771684531,1
936,1,0.5972990065864817,1,1,0.8021786645522772,1,0,0.09222433254932799,0,0,0.12347573950728302,0,0,0.7182552170258645,1,0,0.13426973534724615,0
937,1,0.7841165789741756,1,1,0.7842207392955144,1,0,0.2624423940541481,0,1,0.41124765140942215,0,0,0.10172345740884581,0,0,0.41201361262898817,1
938,0,0.49275395568059666,1,0,0.26044558116162364,0,0,0.1811416131078789,0,0,0.6699979063201361,1,0,0.8617479582782971,1,0,0.48415481329524646,1
939,0,0.6065804205228648,1,0,0.32952894373775227,0,0,0.5035720998506634,1,0,0.25214511614652024,0,0,0.25502525657549047,0,0,0.4177994268994307,1
940,1,0.4368732834573356,1,0,0.33419829811661306,0,1,0.6085904671816632,1,0,0.43534654792502664,0,0,0.22528857482984466,0,0,0.2497439126635824,0
941,0,0.5910110100102803,1,0,0.6330420535028647,1,0,0.27996906404875077,0,0,0.6186792898011338,1,0,0.1738199848328518,0,0,0.19750622613949542,0
942,1,0.7096782629986967,1,0,0.2929183574676363,0,0,0.13757137896481308,0,0,0.4687826802511638,1,0,0.18657950137325552,0,1,0.6407944995231181,1
943,1,0.6499791683934675,1,1,0.7934198221589741,1,0,0.25273882178168233,0,1,0.20889349803456983,0,1,0.1782974579318886,0,0,0.22082096691865236,0
944,0,0.20738482501036012,0,1,0.5612766369986325,1,0,0.14523459581701295,0,0,0.3366872437800788,0,0,0.2112772308239603,0,1,0.265753340961447,0
945,1,0.6037765078978233,1,0,0.45410870422237076,1,0,0.4527169433671784,0,0,0.4353054488436628,0,0,0.24934264154489422,0,1,0.3730763055243386,1
946,1,0.5336680485093489,1,1,0.20260242739766562,0,1,0.4537023577722148,0,0,0.3922957583999922,0,0,0.10232871356823965,0,1,0.31956345884280185,0
947,0,0.40151931893764997,1,0,0.7138739280256328,1,0,0.295394358412011,0,0,0.4388893362456662,0,0,0.09142114562040272,0,0,0.3366820071669248,0
948,1,0.8641109025674366,1,1,0.94993667027308,1,0,0.16001859287601822,0,0,0.3478880370438682,0,0,0.1334174610667552,0,0,0.3164893681798129,0
949,0,0.6591819129596797,1,0,0.3290463242021225,0,0,0.3702235296739261,0,1,0.5828682213214316,1,0,0.13228373323001938,0,0,0.1856761744372931,0
950,1,0.6465096054148809,1,0,0.2632785773073181,0,1,0.8145886239076567,1,0,0.39970333386815987,0,0,0.21133976872015378,0,1,0.38020064130155573,1
951,0,0.3708835043727374,0,0,0.2723951642848384,0,0,0.12090097774367496,0,0,0.20644823167281767,0,1,0.8331533861881313,1,0,0.16459242711449024,0
952,0,0.5217728178103261,1,0,0.2954847623590888,0,0,0.11683228076938747,0,1,0.48231603772545556,1,0,0.17341666355185786,0,0,0.6591386631261038,1
953,1,0.47581808360477756,1,0,0.22463332772684796,0,0,0.22252670620796913,0,0,0.2550872966983118,0,1,0.8032957184421964,1,0,0.21347152388716834,0
954,1,0.6544807003606014,1,1,0.6675753503538829,1,0,0.27803462120782335,0,0,0.22357895149625345,0,0,0.2579201883656474,0,0,0.5173181374990222,1
955,0,0.6079964489635938,1,1,0.6181404381956517,1,0,0.23855266729975566,0,0,0.1481762179960564,0,0,0.1252290625895291,0,0,0.2547425195706461,0
956,0,0.1805340726765828,0,0,0.2706419095340789,0,0,0.3087830472910584,0,1,0.2359555829334809,0,0,0.17094574393938644,0,0,0.13029793009272575,0
957,0,0.5679068128632092,1,0,0.731325736815442,1,1,0.6332317032745526,1,0,0.40969394050574104,0,0,0.17402827485266836,0,0,0.21401559508647397,0
958,1,0.5972265233121784,1,1,0.7949469232522787,1,0,0.14934996713630092,0,0,0.2535670979083433,0,0,0.15198443460203037,0,0,0.23171412582674245,0
959,0,0.7784771926886823,1,0,0.36715647562653453,0,0,0.26693410460337735,0,0,0.2688472591187813,0,0,0.19251856922660807,0,0,0.7140075386515592,1
960,1,0.5230435070311039,1,0,0.55868369787351,1,0,0.12424488816457606,0,1,0.33244990917388445,0,0,0.1927804870935673,0,1,0.37843220110108294,1
961,1,0.5163821264588441,1,1,0.4588894202314356,1,0,0.2270959545935958,0,0,0.4898369982258371,1,0,0.2396968484311653,0,0,0.1924099134960004,0
962,1,0.37289662909258053,0,0,0.33963209430388863,0,0,0.32469155815105105,0,0,0.422061746486886,0,0,0.21410821626025867,0,0,0.11138284385524788,0
963,1,0.659220004725983,1,1,0.8161582596549287,1,0,0.2860849252021113,0,0,0.23900210757243814,0,0,0.3007624510109944,0,0,0.1501255452083423,0
964,0,0.3334254767037125,0,0,0.22442504259304735,0,0,0.2870721314210713,0,0,0.6540377623609964,1,0,0.4119969536229724,0,0,0.39608563329295376,1
965,0,0.7158972068598126,1,0,0.6510343825138221,1,0,0.8639962276232735,1,0,0.4280677822477713,0,0,0.14218164612509251,0,0,0.46204333035667255,1
966,0,0.6168521825717258,1,0,0.8760866767229952,1,0,0.22573590315802733,0,0,0.33164372878140613,0,0,0.19690496159089232,0,0,0.24775886277339035,0
967,0,0.6718418186648021,1,0,0.5732888533417041,1,0,0.21848126704445286,0,0,0.40644951306957894,0,0,0.19040207174729115,0,1,0.3281486202967824,0
968,0,0.3372009480877247,0,0,0.28521602429570786,0,0,0.3387474806984776,0,0,0.14142929317160302,0,0,0.22755874289906838,0,0,0.13492571728456723,0
969,1,0.6438466481689967,1,1,0.4754682343253675,1,1,0.7238368493163738,1,0,0.16062127289087574,0,0,0.13691417204025955,0,1,0.568480113619638,1
970,1,0.3349891127303824,0,0,0.174085842511633,0,0,0.26422423573409054,0,0,0.20828126953855874,0,0,0.13446565450062356,0,1,0.29568012676895417,0
971,0,0.42326445171095717,1,0,0.29683381013994237,0,1,0.6695534799259846,1,0,0.2379016307856801,0,0,0.17144978260730281,0,0,0.2613309570056547,0
972,0,0.6516311063214942,1,0,0.21296524263698968,0,0,0.21000152411073905,0,1,0.6735898808897676,1,0,0.152875169083701,0,0,0.27331786088491006,0
973,0,0.3758404840422388,0,0,0.2321931852061022,0,0,0.24338195844353863,0,0,0.2601353777991698,0,0,0.10811671156140162,0,0,0.28210426375070435,0
974,1,0.6163243874359308,1,1,0.19232218945872126,0,1,0.9931541850602448,1,1,0.26145623223016073,0,0,0.18205943465138674,0,0,0.5464659397227868,1
975,0,0.5237574198086374,1,0,0.2534900798960485,0,0,0.6426871606042351,1,0,0.26638786867441466,0,0,0.13572392225457158,0,0,0.3645988496124231,0
976,1,0.4792034888396617,1,0,0.2490386282832267,0,1,0.48274399473979296,1,0,0.31802241586963254,0,0,0.12885599612760562,0,0,0.2594171621729161,0
977,0,0.32837425520935143,0,0,0.5832106266565082,1,0,0.19821361599376494,0,0,0.20684005437986577,0,0,0.19135196252588202,0,0,0.1787441772945576,0
978,1,0.5475851274659977,1,0,0.5349632597437843,1,1,0.3986063122373348,0,0,0.35469867233788677,0,0,0.17777666148220217,0,0,0.5325082635254137,1
979,1,0.27540445995867857,0,0,0.37154815810815567,0,1,0.5407948234056557,1,0,0.12643071125439395,0,0,0.06751132320720171,0,1,0.584922237797906,1
980,1,0.22240539153404498,0,0,0.4453229651954663,1,0,0.3000823156805859,0,0,0.3169692603656948,0,0,0.09290727489385434,0,1,0.4496792692036229,1
981,1,0.349923922144058,0,1,0.638986906342951,1,0,0.2629311544621542,0,0,0.1974999076219168,0,0,0.23510338110505946,0,0,0.34904281420941746,0
982,1,0.4710493957896178,1,1,0.6537404875062932,1,0,0.3221980842913479,0,0,0.3692346102409342,0,0,0.15578221329412348,0,0,0.28549951543390656,0
983,0,0.2292357792514759,0,0,0.7852991649510157,1,0,0.21362352396230488,0,0,0.18702569329429136,0,0,0.08702152318003428,0,0,0.07201723038627916,0
984,1,0.72584024679319,1,1,0.8775629550886275,1,0,0.20838686002137993,0,0,0.3590951113682752,0,0,0.15280562351449034,0,0,0.28357431632212754,0
985,1,0.8606814822140216,1,0,0.43428274369793934,0,1,0.6433158011430113,1,0,0.5995973665185954,1,1,0.45793145742617986,1,0,0.6797208781098697,1
986,0,0.29222758364451795,0,0,0.27230171883600135,0,1,0.5241776816331076,1,1,0.543946796359514,1,0,0.20100538435238827,0,0,0.11786376510306576,0
987,0,0.5250469684215279,1,0,0.2855334795780355,0,0,0.11929911564508991,0,0,0.6271111937820033,1,0,0.11195092658863029,0,0,0.3564840614015384,0
988,1,0.8087291470077225,1,1,0.7643781004984925,1,0,0.13296018602905038,0,1,0.7467424964553872,1,0,0.2954693410835054,0,1,0.23612205108656834,0
989,1,0.595242768089261,1,0,0.41467186106350407,0,0,0.20910783770143723,0,0,0.38166184902025596,0,0,0.25014384898943637,0,0,0.31373681797270947,0
990,1,0.36647295624112636,0,1,0.3123165160113695,0,0,0.4711086327040526,0,0,0.49816638507412214,1,0,0.2359111389152073,0,0,0.23969917378566852,0
991,1,0.5414911597278856,1,0,0.23102317995062813,0,1,0.46095330330565826,0,0,0.6007017596832869,1,0,0.3628623534890083,0,0,0.17091210338039903,0
992,0,0.3465005126808227,0,0,0.38573509105206144,0,0,0.18248047166560274,0,0,0.49301524769461963,1,0,0.28267741247114164,0,0,0.07781899198504533,0
993,1,0.7939605322261655,1,1,0.8982337112325811,1,1,0.7297744655133735,1,0,0.34569300070050696,0,0,0.10755800796423225,0,0,0.25914521576931154,0
994,1,0.5420554661410201,1,0,0.29318560999625537,0,0,0.4900892898442907,1,1,0.19786396212619864,0,0,0.16422837420649516,0,1,0.5456094333942939,1
995,1,0.5188379053227565,1,1,0.7563949988709695,1,1,0.6021423982865182,1,0,0.30415357976191393,0,0,0.078800022557284,0,0,0.36637354523512233,0
996,1,0.7265007392006488,1,1,0.4303337033253165,0,1,0.791134156540603,1,0,0.23362174848824135,0,0,0.1851497668958964,0,0,0.3660522159455846,0
997,0,0.4826568167956025,1,0,0.19653331485355516,0,0,0.6300142181938503,1,0,0.2715566306647485,0,0,0.2854002304302286,0,0,0.2034320325198415,0
998,1,0.2719609798778899,0,0,0.14990812327329497,0,0,0.19887147121618648,0,1,0.34881217807942033,0,0,0.24259467191125003,0,0,0.21390258844070437,0
999,1,0.7590082777444047,1,0,0.38850242329434764,0,1,0.9703255186310901,1,0,0.4511360666934245,1,0,0.20043959956944216,0,0,0.22100270924248067,0
1000,1,0.3472481016591418,0,1,0.33990969810422395,0,1,0.5405330341781494,1,0,0.24741680769599014,0,0,0.275666478970676,0,0,0.28314777427666904,0
1001,1,0.7061112265732232,1,0,0.3978744040181604,0,0,0.3793480643845811,0,1,0.8395195188766857,1,0,0.10604235255650822,0,0,0.24729654930925227,0
1002,0,0.33451522015877927,0,0,0.33112512379921105,0,0,0.3450814673713893,0,0,0.29675793007095136,0,0,0.1751305826660915,0,0,0.3695457125873081,0
1003,1,0.6196576709359785,1,1,0.7923744183459406,1,0,0.45196088526892275,0,0,0.3629185608500315,0,0,0.18762031739683807,0,0,0.380251435232023,1
1004,0,0.8150054701406426,1,0,0.2775570377375795,0,0,0.20845907329703967,0,0,0.3599361090466464,0,0,0.13127743306636733,0,0,0.5038838921348047,1
1005,1,0.23585009324312867,0,0,0.27556898289788884,0,0,0.25867984893273027,0,0,0.4863310605520663,1,0,0.2149003817388458,0,1,0.37420646415104863,1
1006,0,0.22548013038866319,0,0,0.1669824175828274,0,0,0.23732136042706434,0,0,0.3627251335966202,0,0,0.17056513210280028,0,0,0.1441877350053376,0
1007,0,0.44455501028458333,1,0,0.501027971463983,1,0,0.15952283242831533,0,1,0.32821106139305567,0,0,0.11339426719755884,0,0,0.22984395988987358,0
1008,1,0.8003386459085857,1,1,0.7821084735637426,1,1,0.833050309025646,1,0,0.17935297180925558,0,0,0.17005520254803932,0,0,0.19928121272768085,0
1009,0,0.629980920605506,1,1,0.8672585400712255,1,0,0.34592107866894545,0,0,0.19935414079862923,0,0,0.1926908127960092,0,0,0.44970575921400124,1
1010,0,0.3751940990725964,0,0,0.2135854305470441,0,0,0.06387697085306492,0,0,0.656468957501673,1,0,0.29929901995318187,0,0,0.1588539675634351,0
1011,1,0.7771346893622713,1,0,0.24819202623232153,0,0,0.18351785851875654,0,0,0.5209849175329492,1,1,0.7168960505286279,1,0,0.20691237769961762,0
1012,0,0.6243808653321707,1,0,0.7926079864270126,1,0,0.1795922675385543,0,0,0.2992729251912729,0,0,0.1811579186961152,0,0,0.1371504825029548,0
1013,0,0.5332626116872673,1,0,0.2676919492120624,0,0,0.2504889516843196,0,0,0.27520097716830416,0,0,0.12602839021433854,0,1,0.7906484754605589,1
1014,1,0.7724399333235334,1,0,0.24706464200271752,0,1,0.4927053376430972,1,0,0.3823510143999232,0,0,0.21012370575393055,0,1,0.7921636190262852,1
1015,1,0.45201433295928517,1,1,0.2952160337261977,0,1,0.2846852973800585,0,0,0.38751494588038254,0,0,0.23495439560080333,0,1,0.5527181532489577,1
1016,1,0.3958696329672904,1,0,0.4780140301351201,1,1,0.344319934079726,0,0,0.4110953381523059,0,1,0.52374913602806,1,1,0.3549886868842018,0
1017,1,0.7374658964232582,1,0,0.5244508325874105,1,1,0.7257622903873685,1,0,0.3816343297436878,0,0,0.13448208079104404,0,1,0.6564182163520769,1
1018,1,0.3803162933626725,1,1,0.3905097922491685,0,0,0.1028028907574963,0,1,0.72632377653508,1,0,0.07499743477097198,0,0,0.11515819746674816,0
1019,1,0.5954547747982559,1,1,0.8703386528805066,1,0,0.39167943137888306,0,0,0.38496768352916483,0,0,0.10599621943613755,0,0,0.29159030364603666,0
1020,1,0.7149425820105136,1,1,0.6873425792452845,1,1,0.6960799833179706,1,1,0.2893701936564874,0,0,0.09251551177126686,0,0,0.6509299092928523,1
1021,0,0.4726407954595795,1,0,0.4763305905642003,1,0,0.2208119295324647,0,0,0.17889065035102808,0,0,0.14940434656324533,0,0,0.47334286790526453,1
1022,0,0.2567289380821636,0,0,0.4487077185084904,1,0,0.1561200038824441,0,0,0.206061936641851,0,0,0.2148407168562411,0,0,0.11958899465575834,0
1023,0,0.5591618567379285,1,0,0.41948642218334303,0,0,0.3177800314367193,0,0,0.3338658706875323,0,0,0.38042127073641113,0,0,0.5560108236351182,1
1024,1,0.8914425982188713,1,1,0.39607339537739117,0,1,0.9604230877638826,1,1,0.15382207107508564,0,0,0.165521042041358,0,1,0.40205956809669857,1
1025,0,0.209487372823024,0,0,0.4851321077722008,1,0,0.13992916993541774,0,0,0.5242452952382944,1,0,0.200283217280547,0,0,0.1264925950800979,0
1026,0,0.3173332846150168,0,0,0.5738361333831654,1,0,0.11990285302446828,0,0,0.47770527718431777,1,0,0.06661898888280213,0,0,0.2821973415686167,0
1027,0,0.6455065522345739,1,0,0.38049059959561315,0,0,0.1882675234498615,0,0,0.5973918917862213,1,0,0.19817953299513053,0,0,0.47591090594482244,1
1028,1,0.8431578771342764,1,1,0.8017479146670633,1,0,0.41611919931121594,0,0,0.2082075823849903,0,0,0.20898867378603067,0,0,0.3760195369280023,1
1029,1,0.3321595127309961,0,1,0.35983217122631617,0,1,0.43527431776581915,0,0,0.24280218814596494,0,0,0.20109680003847424,0,0,0.211640643066462,0
1030,1,0.5337050969557888,1,0,0.19997659865399203,0,0,0.16104127057717216,0,1,0.7379678091014821,1,0,0.11099330637787479,0,0,0.1394891105161151,0
1031,0,0.45855905498340876,1,0,0.16262690875932756,0,0,0.21433941272154858,0,1,0.30994828062642904,0,0,0.23744301546178026,0,0,0.7961826491809654,1
1032,1,0.8279757637662309,1,1,0.7934800172273302,1,0,0.2730230935709489,0,0,0.5641220488159754,1,0,0.22422808737489225,0,0,0.25722635146537265,0
1033,1,0.4845717723676896,1,0,0.18670729930558108,0,0,0.3745170764178038,0,1,0.37295150595149706,0,0,0.4019034371226783,0,1,0.5789103788807606,1
1034,0,0.23477364349899865,0,0,0.2570728122279083,0,0,0.1266751286335382,0,0,0.15475103516300215,0,1,0.603290169416638,1,0,0.18483312048656123,0
1035,1,0.4761316934297336,1,0,0.3337623577682797,0,0,0.21161268106423287,0,1,0.5439196320238989,1,1,0.8103560023360756,1,0,0.1510683680947314,0
1036,1,0.4639309527926907,1,0,0.31545256912173514,0,1,0.3654412947483831,0,0,0.3123322797421245,0,0,0.4000255325645552,0,0,0.4528776695532309,1
1037,1,0.48620164009836964,1,0,0.4142323065758178,0,0,0.20470085288710346,0,0,0.38866778207658265,0,0,0.1977871474169351,0,1,0.4155298057998805,1
1038,0,0.5544918020056175,1,0,0.2626346495202559,0,0,0.26029397622073347,0,0,0.2441071581862813,0,0,0.27020497192271975,0,0,0.27710361063254674,0
1039,0,0.2996245908079276,0,0,0.6562447686589478,1,0,0.059428480210880465,0,0,0.29158593034214086,0,0,0.26877973047484727,0,0,0.07529757241856543,0
1040,1,0.3404791872456912,0,0,0.16997733168726123,0,0,0.18983714296673773,0,0,0.21307129149192428,0,0,0.10843173908017814,0,0,0.1182956368740383,0
1041,0,0.40147898802423027,1,0,0.39361603463336836,0,0,0.20997286170441348,0,0,0.3390807222857126,0,0,0.06007838219215559,0,0,0.25934447692399293,0
1042,0,0.558619365481546,1,0,0.328761131892147,0,0,0.3225341808732476,0,0,0.44278356595497464,0,0,0.2508464290060722,0,0,0.450178395701709,1
1043,1,0.7168359166959993,1,1,0.5234946605338823,1,0,0.6173840674765877,1,0,0.4774623133663393,1,0,0.1557229473108332,0,0,0.3917898677880094,1
1044,1,0.7444818901339729,1,0,0.13231597439655352,0,1,0.7973495910891727,1,0,0.24422990108113876,0,0,0.32273807255186865,0,0,0.38410977365849314,1
1045,1,0.891507797008349,1,1,0.8846814295307663,1,1,0.8356570006126042,1,0,0.1802388965049947,0,0,0.07607403115024189,0,0,0.29581309659417293,0
1046,1,0.3806429040772455,1,0,0.2816469511691687,0,0,0.26349081919352796,0,1,0.4875448979059227,1,1,0.4328414960150616,0,1,0.26453165002819856,0
1047,1,0.4425145907841476,1,1,0.5295333202154374,1,0,0.19229541516700055,0,0,0.2590520851112124,0,0,0.15107480446129468,0,0,0.324419837020135,0
1048,0,0.26682169065374617,0,0,0.4721259422491261,1,0,0.09394106406675262,0,0,0.6044902518327858,1,0,0.299589473909625,0,0,0.11220097590978893,0
1049,1,0.7592674636300484,1,1,0.8078863355846663,1,1,0.5377325325100212,1,0,0.18273440758702306,0,0,0.23162499580663162,0,0,0.3817338803999888,1
1050,0,0.30163926721681644,0,0,0.27067726572807216,0,0,0.07294237637824094,0,0,0.35254074475948566,0,0,0.29555247683697217,0,0,0.1559924928615595,0
1051,1,0.46129342106539944,1,1,0.7930138952015209,1,0,0.30344393941586867,0,1,0.2512200261289431,0,0,0.3082382980969073,0,0,0.3794971280679681,1
1052,1,0.3006213279757828,0,0,0.23407325285832267,0,0,0.31617108526456233,0,1,0.6261263552478036,1,0,0.20388108283318068,0,0,0.2891723446094247,0
1053,1,0.7628279121104435,1,1,0.8065897117797923,1,1,0.5929493494542214,1,1,0.6015694387636326,1,0,0.2184095130498137,0,0,0.19445937456121437,0
1054,1,0.6246084466052468,1,1,0.5973383098041405,1,0,0.36286903113107954,0,0,0.44175410246644375,0,0,0.1959387792599269,0,0,0.3764823465561057,1
1055,0,0.7077045074506817,1,0,0.4604698562482678,1,1,0.9433210363964409,1,0,0.26666426055599646,0,0,0.18947789242261642,0,0,0.46976433995992334,1
1056,0,0.19836464878954188,0,0,0.45944704726446733,1,0,0.2815577433271213,0,1,0.25162700178413533,0,0,0.1623816112390996,0,0,0.12855893735681856,0
1057,0,0.48035148744884204,1,0,0.1706341057105433,0,0,0.12897799746010935,0,0,0.20614348200826135,0,0,0.2225305825745608,0,1,0.8496073486070543,1
1058,1,0.5184029050281944,1,1,0.4502715233314408,1,0,0.34678079731650957,0,0,0.4685587417953196,1,0,0.35334759365020146,0,1,0.3086369062301966,0
1059,0,0.22248817427455014,0,0,0.5362296949891133,1,0,0.17193588046896524,0,0,0.2129583413301306,0,0,0.11746479431085977,0,0,0.16286111115023635,0
1060,1,0.6554840342904813,1,1,0.18240581365619798,0,0,0.30240978834422394,0,0,0.4067041660984904,0,0,0.29027588914432695,0,1,0.6802145895373929,1
1061,1,0.4268274188791676,1,1,0.45307195451538784,1,0,0.15999796290446236,0,0,0.47353723934318365,1,0,0.30590841173367483,0,0,0.17514620269815914,0
1062,0,0.39070710376363876,1,0,0.16656675463304046,0,0,0.21638172246147366,0,0,0.6498399982867413,1,0,0.3288512712458868,0,0,0.14761114717590823,0
1063,0,0.4678790966140066,1,0,0.31468186082640476,0,0,0.3720470022634293,0,1,0.7076763902614115,1,1,0.8188796230053786,1,0,0.33984453653770275,0
1064,1,0.6930409260873786,1,0,0.25998683755668295,0,0,0.20758516147584444,0,0,0.2518951154521512,0,1,0.7668226005099972,1,0,0.14818250519777187,0
1065,1,0.7331144797868195,1,1,0.787004167171951,1,0,0.25037274320085506,0,0,0.24832377009342,0,0,0.2579789651180993,0,0,0.19199445758814554,0
1066,0,0.45666878632897245,1,0,0.6444418033952376,1,0,0.3851364636676203,0,0,0.24591161314974802,0,0,0.09510913422938651,0,0,0.3951516180006311,1
1067,0,0.6126410477112029,1,0,0.24143136606560875,0,0,0.15808005090728666,0,0,0.4430797641845726,0,0,0.16271728704148194,0,0,0.18785406829416415,0
1068,0,0.6659405201983088,1,0,0.29369829443992934,0,0,0.4312523347558712,0,0,0.5903184629427619,1,0,0.43534333677943426,0,0,0.3374838393147017,0
1069,1,0.7576635856071531,1,0,0.5157118450670806,1,0,0.1661890091692856,0,1,0.8489432341430991,1,0,0.1990281816888259,0,0,0.2507993176625272,0
1070,0,0.19473164539811466,0,1,0.24914098295402545,0,0,0.10691890533073115,0,0,0.3446184077330937,0,1,0.749235220285032,1,0,0.10182971304074852,0
1071,1,0.45779115097468587,1,0,0.33476653126384814,0,0,0.35660233793816565,0,0,0.529907606350737,1,0,0.20764261035659848,0,0,0.36052193460225174,0
1072,0,0.7001546672448918,1,0,0.40460143632712087,0,0,0.36572655248767116,0,1,0.692538673036839,1,0,0.3074007177065992,0,1,0.3366121659926596,0
1073,1,0.6451167907118562,1,0,0.3667975486733038,0,0,0.4359169143335103,0,0,0.20585673866509369,0,0,0.2410420326632879,0,1,0.5409614592019798,1
1074,1,0.6767824387678733,1,0,0.17481391949956732,0,0,0.055364752445320624,0,1,0.6801771751185222,1,0,0.1296981837192638,0,0,0.24085440805419217,0
1075,0,0.4106497985176731,1,0,0.5798243104328134,1,0,0.18848177910367553,0,0,0.6221385424487134,1,0,0.2849085914673731,0,0,0.32697057940889773,0
1076,1,0.681732531597404,1,1,0.6370071945787,1,0,0.3092799802280381,0,0,0.5976719596784994,1,0,0.13971895272335869,0,0,0.10929890346160842,0
1077,1,0.8680894647269555,1,0,0.19163241326741504,0,1,0.9798533120668306,1,0,0.1383055720075391,0,0,0.11825943715366823,0,0,0.19133459333175362,0
1078,0,0.4907181306774495,1,0,0.4478787482562501,1,0,0.38536795631165965,0,0,0.26205094184907096,0,0,0.19421941300373702,0,0,0.7243616882970701,1
1079,1,0.6523723996188677,1,0,0.1875579071074988,0,1,0.8443844780500473,1,1,0.7529865271790085,1,1,0.4199439503985136,0,0,0.42427298137180613,1
1080,1,0.5439909241800402,1,0,0.2958398420530022,0,1,0.8438238057878202,1,0,0.20251159509236047,0,0,0.2478017447058663,0,0,0.32556388106679285,0
1081,1,0.7218408898454747,1,0,0.1722391897743347,0,0,0.1559810770731003,0,1,0.688280669037644,1,1,0.9209648009709898,1,0,0.19776003326867075,0
1082,0,0.4010541917947678,1,0,0.1950399458397008,0,0,0.06894831198782166,0,0,0.20798643482671458,0,0,0.20546532345522892,0,0,0.13772160894637522,0
1083,1,0.1487021712249652,0,1,0.24890024614705744,0,0,0.09028324853852471,0,0,0.09723816070307933,0,1,0.2517425719194635,0,0,0.08867416927833169,0
1084,0,0.380269554374312,1,0,0.825160812556253,1,0,0.4179530195517222,0,0,0.18616922672451286,0,0,0.08553401091848706,0,0,0.08422922285723794,0
1085,0,0.2023827894084315,0,0,0.3686830914303505,0,0,0.10423112532525694,0,1,0.42233407830173003,0,0,0.06593739338986768,0,0,0.1839166682216769,0
1086,1,0.5599789494150277,1,1,0.5770342602388042,1,0,0.3100499871767519,0,0,0.2724776519594774,0,0,0.14651247065959405,0,1,0.4354227732397686,1
1087,1,0.7282684703522222,1,0,0.2930192006096702,0,1,0.8262000397500592,1,0,0.1127842609451719,0,0,0.19216560278156328,0,0,0.35694201209560783,0
1088,1,0.5467301871495956,1,1,0.6096245905287698,1,0,0.21324288798522606,0,0,0.1685846449133264,0,0,0.1435451134858599,0,0,0.39282526937188755,1
1089,0,0.5568490944902504,1,0,0.7038373603628126,1,0,0.2972675026883336,0,1,0.44594595387291375,0,0,0.18349886661255313,0,1,0.40645529662410135,1
1090,0,0.5103024229168672,1,0,0.4278342458245202,0,0,0.32888855152740126,0,0,0.2913824535689351,0,0,0.196012475865149,0,0,0.22974955044510054,0
1091,1,0.5071808935687105,1,1,0.6059319940926526,1,1,0.457385778574411,0,0,0.3053575195482642,0,0,0.40063463817516254,0,0,0.3015299064227482,0
1092,1,0.6063694983524766,1,1,0.7494082258771667,1,0,0.3828805096336377,0,1,0.444884110450721,0,0,0.3640511969811011,0,0,0.3679266409060629,0
1093,0,0.3432185591277072,0,1,0.6784935156860458,1,0,0.31131946862272775,0,0,0.1851460349532589,0,0,0.09072700228890512,0,0,0.20059325749040086,0
1094,1,0.7133110708082955,1,0,0.21301341660404843,0,1,0.5838610603136236,1,1,0.74620027029351,1,0,0.22445141377115554,0,0,0.15906150185419052,0
1095,0,0.5830976143517107,1,0,0.5454693601764085,1,0,0.16616362701741327,0,0,0.3575693249764474,0,0,0.3291215358495978,0,0,0.2389861083375037,0
1096,1,0.4102302840822421,1,1,0.09972676720978438,0,1,0.6167427155359471,1,0,0.1467354518580699,0,0,0.22176840332485695,0,0,0.2593457244775153,0
1097,1,0.6599355131258821,1,0,0.21243116041364193,0,0,0.16257550027634526,0,0,0.5835945618161219,1,0,0.0959143444113041,0,0,0.7474471764272982,1
1098,0,0.2196449665649808,0,0,0.2474370777410899,0,0,0.326689626340135,0,0,0.1538270166615324,0,0,0.17907469685811184,0,0,0.289788472271819,0
1099,0,0.4556761910330685,1,0,0.14162428703596083,0,0,0.5893723224571763,1,0,0.14764372302643478,0,0,0.1578056572349495,0,0,0.7431049041067278,1
1100,1,0.895706046075608,1,1,0.9775382312653791,1,0,0.22444014453933575,0,0,0.15476834385903168,0,0,0.20771538235936213,0,0,0.5778532829121343,1
1101,1,0.7361378498432302,1,1,0.8280431418667954,1,0,0.19812851763667944,0,0,0.32328536239307765,0,0,0.18329112474272327,0,0,0.26292938811297845,0
1102,0,0.5049527493475495,1,0,0.4734557429203153,1,0,0.4249133706303828,0,0,0.4003570077058743,0,0,0.19637374071856878,0,1,0.5433512705146992,1
1103,0,0.8231479768935543,1,0,0.2693951684103904,0,0,0.16646582822832706,0,0,0.573008627369747,1,0,0.09754288939862574,0,0,0.5146338113351524,1
1104,1,0.7029037079989283,1,0,0.2725344547569506,0,0,0.12414937548850526,0,1,0.9131835545737477,1,0,0.14319437744904717,0,0,0.2094481478190411,0
1105,1,0.5261738141613982,1,0,0.64737443349684,1,0,0.14168333598704308,0,0,0.2798290410185174,0,0,0.10417282563052126,0,1,0.25301905226909166,0
1106,1,0.7136592579441295,1,1,0.7477237667163881,1,0,0.2847227059977948,0,0,0.2416668119516659,0,0,0.17827359737357684,0,0,0.3167485896882299,0
1107,1,0.8034705125002,1,0,0.23183367036467936,0,0,0.3618358569889383,0,1,0.5902193701555437,1,1,0.2399629426043359,0,1,0.44367830366723937,1
1108,0,0.4888926673868882,1,0,0.5751385052061129,1,0,0.2664629990889656,0,0,0.1136340162080797,0,0,0.174712712103852,0,0,0.07542829919858368,0
1109,1,0.3179680300858849,0,1,0.5120223682369079,1,0,0.13090778534785033,0,0,0.2774680617982044,0,0,0.11920415853266854,0,0,0.4814095842647802,1
1110,1,0.43792482751729006,1,1,0.4871534785874048,1,1,0.6876465874491708,1,0,0.35394869711547977,0,0,0.2813659347652747,0,0,0.30158425539601247,0
1111,1,0.5684827251865268,1,0,0.11472688935707911,0,0,0.15378351323222172,0,1,0.7189781999277569,1,0,0.18303600372142442,0,0,0.17859989816257713,0
1112,0,0.30128646999086517,0,0,0.2507353819257353,0,0,0.23540020190223726,0,0,0.24668993727266764,0,0,0.13288005410617806,0,0,0.19112522387710246,0
1113,1,0.7658873561926597,1,0,0.2291652694130144,0,0,0.15468303882005033,0,1,0.2754739588350503,0,0,0.2003032631475269,0,1,0.7172435702730924,1
1114,0,0.5337383335644795,1,0,0.45022129422229507,1,0,0.27732110167692403,0,1,0.5188099995606049,1,1,0.7673237589618929,1,0,0.32831495616207035,0
1115,1,0.7276821191905762,1,1,0.8974693151189556,1,0,0.23912971782533643,0,0,0.2332285307179491,0,0,0.3003189740485312,0,0,0.21886251007680355,0
1116,0,0.46384635779814865,1,0,0.17096242105336096,0,1,0.5875192735792125,1,0,0.2838237879973813,0,0,0.1541542870255373,0,0,0.11653039915614626,0
1117,1,0.6371944501260748,1,0,0.3287950589407333,0,1,0.2751518869843235,0,0,0.45224475367997896,1,0,0.1457652951746782,0,0,0.2532247345769039,0
1118,0,0.3951982326985276,1,0,0.21296974428787316,0,0,0.12861132419516555,0,0,0.34339773362391474,0,0,0.2933662206107484,0,0,0.163897581804098,0
1119,1,0.4969998829058908,1,1,0.5214419857227273,1,1,0.33766340908787534,0,1,0.3109209100826732,0,0,0.13232298560361302,0,0,0.6384326231828887,1
1120,1,0.7253664412811459,1,1,0.5654968790338373,1,0,0.4006568414515743,0,1,0.3826480393102315,0,0,0.1509360490801846,0,0,0.39707423801306996,1
1121,1,0.7483044292839569,1,0,0.3432964165837292,0,1,0.8652141280572859,1,0,0.1352698250431781,0,0,0.1405032928304842,0,0,0.39964393807225257,1
1122,1,0.6506007754403509,1,0,0.1744586060433553,0,1,0.11832984351806342,0,0,0.36165988212032973,0,1,0.7638296835507489,1,0,0.21695410662610287,0
1123,1,0.5941759299122669,1,0,0.26364933423941794,0,0,0.19329180202184787,0,1,0.8141830481300524,1,0,0.12614856594375726,0,0,0.14612883608707616,0
1124,1,0.8851109224930703,1,1,0.9335273484990548,1,1,0.591623088799391,1,0,0.23520234364167147,0,0,0.11939538612954104,0,0,0.12502230851790375,0
1125,1,0.43454439101138975,1,1,0.44085934571052604,1,0,0.18285347196514276,0,1,0.32661345245041795,0,1,0.2774081547966031,0,0,0.1813334239253473,0
1126,0,0.5033710674193679,1,0,0.14704907526652292,0,0,0.15772920669511944,0,0,0.3443987863162765,0,0,0.33938722194803894,0,0,0.23234941175065055,0
1127,0,0.463056700865255,1,0,0.39666010758708625,0,0,0.39856006758990187,0,0,0.3083899355125105,0,0,0.29135072645007104,0,1,0.6111296740020293,1
1128,0,0.5667815360206078,1,0,0.49430974790479865,1,0,0.41872557604848026,0,1,0.41850768954487966,0,0,0.32222237429844836,0,0,0.34870293865766916,0
1129,1,0.5471952980757487,1,1,0.6909841265969807,1,0,0.4575073610175325,0,0,0.1522818193274257,0,0,0.13435655501716184,0,0,0.4291655045023141,1
1130,1,0.5984440205019778,1,0,0.4280217474984556,0,0,0.14881583956736277,0,1,0.8683650294480193,1,0,0.1532030434998458,0,0,0.15090282183964007,0
1131,1,0.49258848034089975,1,0,0.32974163642495186,0,0,0.2852263960655132,0,0,0.44786657373878874,0,1,0.5435418415998192,1,1,0.2363755840646577,0
1132,0,0.7724009432566927,1,0,0.3090727492938277,0,0,0.10719937065975073,0,0,0.920307220992997,1,0,0.15826241700121854,0,0,0.2777645364101589,0
1133,1,0.41710209345000665,1,1,0.2430344126798313,0,1,0.6469811686689599,1,0,0.2889464117334059,0,0,0.31124438191807635,0,0,0.3073022171119483,0
1134,1,0.4019173017871012,1,1,0.4612749093617494,1,1,0.37980369276257997,0,1,0.22845425266540811,0,0,0.1090083813678827,0,1,0.6377530285490607,1
1135,1,0.79707676382982,1,0,0.21927864404698494,0,0,0.1948324998017869,0,1,0.2791082523949701,0,1,0.9618486744783806,1,0,0.2004363321441136,0
1136,1,0.45930393660709073,1,0,0.2624111034424004,0,1,0.47907727381256426,0,1,0.48310051255908554,1,0,0.31700296992854116,0,0,0.3489222602380297,0
1137,1,0.4792110398629832,1,1,0.6495336517032114,1,0,0.15230124432534808,0,0,0.1281278767834632,0,0,0.06425964440242679,0,1,0.6076327481297703,1
1138,1,0.6636121242250475,1,0,0.41744295319518254,0,0,0.6727268071272068,1,0,0.18625615230145995,0,0,0.22497921890125638,0,0,0.5138758943421822,1
1139,1,0.8421772526480648,1,1,0.8367780542809194,1,0,0.10267868196993124,0,1,0.5123916762586741,1,0,0.19208508031856605,0,0,0.5176413591355368,1
1140,1,0.6871437010495084,1,1,0.8391439013611647,1,0,0.23633070829233915,0,0,0.38953506414019756,0,0,0.2049066181784166,0,0,0.15977749029401664,0
1141,1,0.6207443457790919,1,1,0.3611389418867713,0,1,0.7801416326874754,1,0,0.25491097857278566,0,0,0.18053739222483214,0,0,0.2511836825696444,0
1142,1,0.46958076219428024,1,1,0.6813966135896738,1,0,0.2326311293917256,0,1,0.2847977880013086,0,0,0.10855837026189119,0,1,0.21484416209676746,0
1143,0,0.2865047965815249,0,0,0.3442545373939575,0,0,0.2286745081938756,0,0,0.2512046420890602,0,0,0.2126872418626604,0,0,0.30468511225076816,0
1144,1,0.5003831104552703,1,0,0.20017838729714396,0,0,0.12234100868808676,0,1,0.6193863984860806,1,0,0.1770428411408639,0,0,0.09955919875332521,0
1145,1,0.2970792486015391,0,0,0.2387783240319468,0,0,0.3820311554543803,0,1,0.47595275547321025,1,0,0.23947862643822332,0,0,0.31038548514491876,0
1146,0,0.6605583137042169,1,1,0.5778933759500271,1,1,0.7297377577246239,1,0,0.45437617202446,1,0,0.17854542159092002,0,0,0.4090841266043904,1
1147,1,0.6523180174673235,1,0,0.38130179066283215,0,1,0.616698047102064,1,0,0.21389793460719397,0,0,0.21630708498736662,0,1,0.3689765387263759,0
1148,0,0.47381151270106436,1,0,0.32327014683849703,0,0,0.46077528671864426,0,1,0.2984262914138422,0,0,0.10446787559663619,0,0,0.6320691887433636,1
1149,1,0.5307227132548001,1,0,0.1897513326689383,0,0,0.17351780544756634,0,0,0.3588436050433924,0,0,0.30104930035538574,0,0,0.4210017153670627,1
1150,0,0.46717550716896095,1,0,0.14734321861475355,0,0,0.21400040185650807,0,0,0.26300974806332467,0,0,0.3310822094765826,0,1,0.7003141226890435,1
1151,1,0.4642995557470432,1,1,0.44742760075545895,1,0,0.35644497405028436,0,0,0.2832660184739274,0,0,0.32412985575150655,0,0,0.29520463293931,0
1152,0,0.6439407399450963,1,0,0.5204308599971214,1,1,0.8582942597417237,1,0,0.1935944974908757,0,0,0.2243026398143357,0,0,0.2190402138684509,0
1153,1,0.88749134042208,1,1,0.959848975672265,1,0,0.3475557090525761,0,0,0.44043513573658305,0,0,0.0901350892963002,0,0,0.4589779799948221,1
1154,0,0.4227911337029846,1,0,0.6080635915087057,1,0,0.4364384550044311,0,0,0.33671201043551746,0,0,0.15374810324896693,0,0,0.1984097729093884,0
1155,0,0.4384054292774439,1,0,0.420999351872216,0,0,0.31345264335293055,0,0,0.1542233904291807,0,0,0.09147515738533052,0,0,0.41015261244440177,1
1156,0,0.4701213851961244,1,0,0.2555031673353488,0,0,0.16423184699160034,0,0,0.5433944708452951,1,0,0.34738078505465986,0,0,0.43915810430497637,1
1157,1,0.36047415014439,0,1,0.7632716442487087,1,1,0.18652386874426716,0,0,0.23034141438536965,0,0,0.3564490320956017,0,0,0.26025526152442535,0
1158,0,0.4910104791343671,1,0,0.3144510279984663,0,0,0.33361187926853625,0,0,0.3385275140504227,0,0,0.2403292606649947,0,0,0.2431438791488148,0
1159,1,0.8041458082916995,1,1,0.7615774344990826,1,1,0.48690470264678143,1,1,0.2668507856950429,0,0,0.13815086168328794,0,0,0.5223908533967065,1
1160,1,0.5494911321954868,1,1,0.3807791739003052,0,0,0.05377217802720908,0,0,0.42896472278712394,0,0,0.06747636635609626,0,0,0.23251089245669007,0
1161,1,0.4612891656948143,1,0,0.3776888916230864,0,1,0.5559369815704474,1,0,0.4265008831425077,0,0,0.17913948515582206,0,0,0.10917088512078374,0
1162,1,0.7285146130003638,1,0,0.3470947776364061,0,1,0.6304607894362362,1,0,0.5068306445046815,1,0,0.18920262369636606,0,0,0.4181687682299928,1
1163,1,0.4703165020272882,1,0,0.2341275293514731,0,1,0.5822379498606134,1,0,0.27083353365575197,0,0,0.2585012038531929,0,1,0.6719088578768,1
1164,0,0.3926796128483099,1,0,0.22226182019313448,0,0,0.31756442116615813,0,0,0.45376359509167813,1,0,0.2603876618081864,0,1,0.7813287706196943,1
1165,0,0.2836126192592887,0,0,0.19665330023151434,0,1,0.6984201514254496,1,0,0.27048155766256277,0,0,0.1603188912776787,0,0,0.12988382931197598,0
1166,1,0.6935972522008781,1,1,0.9072741284630675,1,0,0.2850379153540518,0,0,0.18165680038867074,0,0,0.11159560201136576,0,0,0.20701634169876165,0
1167,0,0.31444148539609806,0,0,0.2080977525200129,0,0,0.1775252077951928,0,0,0.2538765376759137,0,0,0.1749530840280817,0,0,0.4250407654232869,1
1168,0,0.3236243007524572,0,0,0.2704087463763987,0,0,0.27197490294805055,0,0,0.30378692260314627,0,0,0.6436882101424842,1,0,0.11739570562978735,0
1169,1,0.5070811140645549,1,0,0.18176633663833577,0,1,0.5463101401404936,1,0,0.47647530591658643,1,0,0.16647553077608307,0,1,0.33026053702660346,0
1170,0,0.31785632365422267,0,1,0.5544829000480277,1,0,0.2055319228778002,0,0,0.4660419549465176,1,0,0.1785130630736591,0,0,0.2972873043588206,0
1171,1,0.6237047694474561,1,1,0.7243454808443873,1,0,0.22513787624244877,0,0,0.28835318403779164,0,0,0.2123385386026938,0,0,0.4787161656678658,1
1172,1,0.581462623606994,1,1,0.7499910050852884,1,0,0.23131599874212314,0,0,0.2485116252634686,0,0,0.13380337116893376,0,0,0.38923909455941824,1
1173,0,0.2938014172067635,0,0,0.22931639218778666,0,0,0.33363554566727976,0,1,0.33239317824158665,0,0,0.14710686015078944,0,0,0.3759208210999064,1
1174,1,0.4497027476837337,1,0,0.2622527479743519,0,0,0.2883804266477998,0,0,0.1614721083551994,0,0,0.17353928712161806,0,0,0.18267702899929597,0
1175,1,0.8095829322707544,1,1,0.23236317304746198,0,0,0.8673635520114614,1,0,0.398310961274742,0,0,0.20226347098716524,0,0,0.12290737678662199,0
1176,1,0.5643064260203491,1,0,0.24753452664624642,0,1,0.7116824458044588,1,0,0.5079511242283075,1,0,0.4068765532850788,0,0,0.150507718792521,0
1177,0,0.5129473085962566,1,0,0.526765323156634,1,0,0.22241908107720748,0,0,0.30737438564270875,0,0,0.10460637196571118,0,0,0.7998645667358667,1
1178,1,0.5617314819987478,1,1,0.3592576189877883,0,0,0.13067261352015644,0,1,0.7241066714475284,1,1,0.7153537841076034,1,0,0.14808317409389507,0
1179,0,0.3691687107472063,0,0,0.2605177470795358,0,0,0.1695812635197291,0,0,0.22744216471150328,0,0,0.21551189905579596,0,1,0.7156017248408331,1
1180,0,0.37130118145839464,0,0,0.33441871910223886,0,0,0.2508681960242033,0,1,0.5607473028289346,1,0,0.3024907409694904,0,0,0.28163961407247373,0
1181,0,0.1675901873464866,0,0,0.17675177069296838,0,0,0.22130569890725596,0,0,0.39381244440671875,0,0,0.21190457172764313,0,0,0.1265365906321443,0
1182,0,0.7822602086260674,1,0,0.1753571283411472,0,1,0.8346320250179415,1,0,0.3278512465747726,0,0,0.25456878474297,0,0,0.2529953714944665,0
1183,0,0.42820956859602355,1,0,0.23400557705355185,0,0,0.32849583730854975,0,0,0.6025603565438084,1,0,0.24200780760559584,0,0,0.45827567258473145,1
1184,0,0.2874422078798874,0,1,0.4600209192383006,1,0,0.16898996768045557,0,1,0.31914115698685325,0,0,0.2793484593690377,0,0,0.2312256863012701,0
1185,1,0.6580708081532879,1,0,0.13437059519586317,0,1,0.9388562976643644,1,0,0.4233745309555537,0,0,0.14509044172153976,0,0,0.21624174321896864,0
1186,1,0.6424564518779281,1,1,0.455719499882586,1,0,0.3488897519317104,0,1,0.38794516892049746,0,0,0.2523845051668594,0,0,0.40260715986758056,1
1187,0,0.4140541154701381,1,0,0.2998246730916694,0,0,0.29121162924734467,0,0,0.40738659137185157,0,0,0.19903879048154396,0,0,0.3620042614254821,0
1188,0,0.3671802293000464,0,1,0.4154158187405634,0,0,0.14129021760860544,0,1,0.4748899530806324,1,0,0.1598294589091139,0,0,0.244169132097524,0
1189,1,0.7368925542970174,1,0,0.46512104320337444,1,0,0.7343445535478146,1,0,0.2700951892981999,0,0,0.1625181992340743,0,1,0.4208618565645539,1
1190,1,0.581078997946468,1,0,0.45969595755772613,1,1,0.6979471393129789,1,0,0.4662724254389435,1,0,0.13369580660205374,0,1,0.5114992872944973,1
1191,1,0.7921143053929053,1,0,0.32498495284487594,0,0,0.2504650392651027,0,0,0.23388230587782396,0,0,0.20883584100624147,0,0,0.4235688449610815,1
1192,1,0.4918245476512744,1,1,0.3650701135126696,0,1,0.5857216841426796,1,0,0.3102976969998695,0,0,0.14411235009673784,0,0,0.15504840520798122,0
1193,1,0.257135834460196,0,0,0.18861411488809054,0,0,0.1466781228151279,0,0,0.26061146398793783,0,0,0.20275010877588154,0,0,0.14597185838290364,0
1194,1,0.3448784157118581,0,0,0.42383000897239254,0,0,0.23896031350840602,0,0,0.7936408379532417,1,0,0.17300193194995772,0,0,0.1670051774637179,0
1195,0,0.4167091484414942,1,0,0.22200731379678332,0,0,0.14036392597576336,0,0,0.44626000585757336,0,0,0.17161330407018793,0,1,0.720467013739232,1
1196,0,0.3735496530021385,0,0,0.4512018151523323,1,0,0.278328321243298,0,0,0.32403741123767316,0,0,0.20774642882832056,0,0,0.22441122673421265,0
1197,1,0.4355549566384474,1,1,0.5643466540398504,1,0,0.39904744886071136,0,0,0.3019780947042186,0,0,0.20378716469276917,0,1,0.47809915639276795,1
1198,0,0.5432245992840349,1,0,0.3876630629824643,0,0,0.3430350522851693,0,0,0.2605220109544598,0,0,0.13159620906980726,0,0,0.6117696042402102,1
1199,1,0.9195110529515773,1,1,0.2990854403179172,0,1,0.6853043560627247,1,1,0.3315736225080255,0,1,0.7226064840123533,1,1,0.24845666498106023,0
1200,1,0.7092291985986618,1,0,0.2724308033511107,0,0,0.2775002198512592,0,0,0.3335403732369514,0,0,0.25063402248961164,0,0,0.35420045878918927,0
1201,1,0.22907951960197367,0,0,0.138376580212854,0,0,0.17626219013177447,0,1,0.4562525634364691,1,1,0.39442359362894136,0,0,0.21866714759943076,0
1202,1,0.9174826154363495,1,1,0.7642879720033945,1,1,0.7098821977285706,1,0,0.22199864438006064,0,0,0.27136185898049975,0,0,0.1684823685171838,0
1203,1,0.4444536181151016,1,1,0.6277765208697437,1,1,0.4607544792150166,0,0,0.17967850805340982,0,0,0.10554547233610108,0,0,0.29192470095339934,0
1204,1,0.8704934971232436,1,0,0.24702653405697791,0,1,0.8902006505224542,1,0,0.29830978078842824,0,0,0.16387410897939883,0,0,0.2306546909571175,0
1205,1,0.6118926624484533,1,0,0.411413994624088,0,0,0.1712899604124442,0,1,0.6488728589137622,1,0,0.21495648249863578,0,0,0.306235166476672,0
1206,1,0.7182556828030386,1,0,0.2089144812019663,0,0,0.1084450200510027,0,0,0.5010586945264793,1,1,0.9580923986805914,1,0,0.1495584420266655,0
1207,1,0.2215418071205021,0,0,0.19681099705657806,0,1,0.3936936924651584,0,1,0.25124945786960945,0,0,0.12040147662342177,0,0,0.27079814887797515,0
1208,1,0.6901173011082875,1,0,0.22454818355775774,0,0,0.17059524373559354,0,0,0.4072921707081866,0,1,0.8614672107562972,1,0,0.12448363358472127,0
1209,1,0.7634574139135007,1,0,0.16486565561539337,0,1,0.7222498920732353,1,0,0.3936422528318521,0,0,0.19968162731781944,0,0,0.4002441507670615,1
1210,1,0.22249211534980487,0,1,0.4405602592861725,1,0,0.12843523031635018,0,1,0.35655603535984925,0,0,0.339773341752381,0,0,0.09337513582568042,0
1211,1,0.6869513634049503,1,0,0.21042386419208298,0,1,0.8223951898554221,1,0,0.5314898243358614,1,0,0.3181113710132984,0,0,0.41483344746168965,1
1212,1,0.4790571302538702,1,0,0.2275394037484003,0,0,0.44365411654090825,0,1,0.6951319509122232,1,0,0.18352380266207782,0,1,0.42314801982626454,1
1213,1,0.469305161200346,1,0,0.2860386050655398,0,0,0.4852282481829735,1,0,0.3061869151525499,0,0,0.3462239367169732,0,1,0.784158757009349,1
1214,1,0.8523033324945848,1,0,0.2824552415031128,0,0,0.1097156050442607,0,0,0.26709329092328155,0,0,0.4498289322055764,0,0,0.6123418739982494,1
1215,0,0.18659175512089676,0,0,0.42830169803144175,0,0,0.1918548309097348,0,0,0.18860930611741736,0,0,0.19239132572471282,0,0,0.1936922343818765,0
1216,0,0.3666387551622504,0,0,0.39596782736121694,0,0,0.21319463388155308,0,0,0.42739717341865335,0,0,0.07830146817829302,0,0,0.6152805549542586,1
1217,0,0.5646401319563064,1,0,0.43346514805377834,0,0,0.34846621494540675,0,0,0.1616554685367769,0,0,0.18675769127727773,0,0,0.4159760524727493,1
1218,1,0.5993205383762165,1,1,0.3916443197710638,0,0,0.06236380570788117,0,1,0.7705875583353867,1,0,0.179699299805323,0,0,0.08136064930978991,0
1219,1,0.7021975759665123,1,1,0.788578569094216,1,0,0.17633236518102366,0,0,0.37987657687077886,0,0,0.22102447644154544,0,0,0.398905147064252,1
1220,1,0.861067801484388,1,0,0.15341914932155074,0,0,0.1741407959860738,0,0,0.4470366007588819,0,0,0.19326669789353249,0,1,0.7972982994838631,1
1221,1,0.4558750240035144,1,0,0.2932586944529105,0,0,0.2298344138664445,0,0,0.2826887606898754,0,0,0.3467446292481307,0,0,0.5133575056746413,1
1222,1,0.5238585359596566,1,1,0.6526555844475933,1,0,0.32114921944239194,0,0,0.3017738814901116,0,0,0.09809280035899709,0,0,0.6251540302393944,1
1223,1,0.7105259462404208,1,1,0.8022166106361367,1,0,0.2401883683152273,0,0,0.40532222159954534,0,0,0.17377538148699756,0,0,0.5830083554557993,1
1224,0,0.4728141120201373,1,0,0.15324930270467807,0,0,0.2685560224901183,0,0,0.40960808995006265,0,0,0.6731961819646092,1,0,0.23127195914568116,0
1225,0,0.7772989155531526,1,1,0.9265527583830314,1,0,0.4731984216772352,0,0,0.18347546455096933,0,0,0.12897586944995593,0,0,0.08028895148186212,0
1226,1,0.8426306427802842,1,1,0.9164957557252239,1,0,0.18855339899723414,0,0,0.2646182237303364,0,0,0.209484256947526,0,0,0.2105746410381031,0
1227,1,0.3877559021068604,1,0,0.20823786561453173,0,0,0.2778167736184941,0,1,0.24597982203714147,0,0,0.20979621008629296,0,1,0.6609939326282006,1
1228,1,0.8610307061782441,1,0,0.24108565827223274,0,0,0.25125384389116157,0,0,0.29819916839523103,0,0,0.38238742773653545,0,1,0.7725727009179962,1
1229,1,0.40015204535754684,1,0,0.2557543672848436,0,1,0.6297184053686055,1,0,0.2404420895304198,0,0,0.26205166686532316,0,0,0.4021339773712708,1
1230,1,0.5635805897716233,1,0,0.4827469728256336,1,0,0.45165092228465825,0,0,0.44760883797984796,0,1,0.18859541714728328,0,0,0.23814776249966943,0
1231,1,0.3833100002569975,1,1,0.5343024783274072,1,1,0.23506861019525255,0,0,0.2638454094587857,0,0,0.2567800912674719,0,0,0.3186161207091566,0
1232,1,0.7511820482735995,1,0,0.38014328934989794,0,0,0.12947761530173343,0,0,0.2143712384684805,0,1,0.38967465494843906,0,1,0.357264941827445,0
1233,1,0.9019117382018419,1,1,0.9233122026952781,1,0,0.6779282129119603,1,0,0.34306179191324837,0,0,0.2791431222043207,0,0,0.577111832057879,1
1234,0,0.36894935879258983,0,0,0.36879150701274915,0,0,0.21681944265985362,0,0,0.322883141958202,0,0,0.20048379851866924,0,0,0.15046249002890555,0
1235,1,0.5290690439506398,1,0,0.2522780453341463,0,1,0.496901116790976,1,0,0.37414288526182277,0,0,0.13416249961762658,0,0,0.4359746858846119,1
1236,1,0.7841394642875124,1,0,0.4197706382472763,0,1,0.8522132377413757,1,0,0.5436781470822953,1,0,0.15073790174395,0,0,0.3781420759786309,1
1237,1,0.47184262655471887,1,0,0.11704036185494568,0,0,0.1512216308696844,0,0,0.802335186104206,1,0,0.099831146804356,0,0,0.11693335846715971,0
1238,1,0.6210322186649081,1,0,0.21034070903590874,0,0,0.14667363334969608,0,0,0.8207830815027187,1,0,0.45920613732558846,1,0,0.22454357251747525,0
1239,0,0.42365817637290176,1,0,0.32773937635744316,0,0,0.3317085593445002,0,0,0.42364685733422025,0,0,0.16430392229635032,0,0,0.4309840556020217,1
1240,0,0.26017430085913346,0,1,0.6427096057611332,1,0,0.18334535357637924,0,0,0.2278282370499521,0,0,0.18629822662903775,0,0,0.20382697325849683,0
1241,0,0.4875364991486654,1,1,0.3093837708872498,0,0,0.16327464879969164,0,0,0.4382897677676383,0,0,0.23758880639593463,0,0,0.2912199290221173,0
1242,0,0.6283192638840694,1,0,0.2644141303764331,0,1,0.7546940805966935,1,0,0.4048177687202621,0,0,0.30107363367075834,0,0,0.3154170403678959,0
1243,1,0.44659255859699803,1,1,0.39916264671228996,0,0,0.17572528968032677,0,0,0.18617370576558862,0,0,0.2168439127813331,0,0,0.26302578583759495,0
1244,1,0.3022049245415543,0,1,0.2923900575189983,0,1,0.46219674866889504,0,0,0.16883294564124096,0,0,0.16318925672535906,0,0,0.21791148361101775,0
1245,1,0.8053608577729912,1,0,0.4776494230259449,1,1,0.7701180570780999,1,0,0.2821875911801882,0,0,0.29714515142503484,0,0,0.28975213035127023,0
1246,1,0.5064225838339741,1,1,0.7276594750986287,1,0,0.19375424002172467,0,1,0.3486386399964131,0,0,0.11945389777435145,0,0,0.5996089718283742,1
1247,0,0.3415425600245893,0,0,0.20873980522212918,0,0,0.31268112551861177,0,0,0.5194384689787759,1,0,0.25873061688696747,0,0,0.20787017155150692,0
1248,0,0.7037882264940002,1,0,0.3506430715049635,0,0,0.6687117072873181,1,0,0.2763899475547753,0,0,0.1732960046461832,0,1,0.4661878343507268,1
1249,1,0.5645094086856739,1,0,0.24723398719366316,0,0,0.26980491740504087,0,1,0.4496229489094344,0,1,0.596293727596817,1,0,0.2858787402192098,0
1250,1,0.8112521896176047,1,0,0.4996649202175035,1,1,0.7941392427001489,1,0,0.26635668304257937,0,0,0.10890602940605465,0,0,0.28222349030689864,0
1251,1,0.5629290167729337,1,0,0.38358246452776157,0,0,0.16515832888251894,0,1,0.7772423223802017,1,0,0.1760488622696661,0,0,0.2813408540074747,0
1252,0,0.7328964012043588,1,1,0.9751769634724509,1,0,0.0745387946691031,0,0,0.12870835543923537,0,0,0.2305230076409039,0,0,0.12453792529386466,0
1253,0,0.49035013119838194,1,0,0.34918298741692066,0,0,0.3047499380234745,0,1,0.3431231499914902,0,0,0.21262284878716523,0,0,0.3127660609185176,0
1254,1,0.5162037277177528,1,0,0.370588658259554,0,0,0.3363028523420582,0,0,0.3323729931266013,0,1,0.6900053923093136,1,0,0.30006498285308697,0
1255,0,0.4323770342837157,1,0,0.43012579926879674,0,0,0.27863224622887167,0,0,0.18477739437807536,0,0,0.28818914933864115,0,0,0.28842127464335676,0
1256,1,0.7971417786848032,1,0,0.23198951232594583,0,1,0.5080322075083809,1,1,0.8454454583384002,1,0,0.057122933600547675,0,0,0.1454246708259792,0
1257,0,0.36827537310892033,0,0,0.3334755301104591,0,0,0.31129514436152633,0,0,0.36102868932006127,0,0,0.24377073265984528,0,0,0.14675415181057394,0
1258,0,0.34893536869432046,0,0,0.435076075493495,0,1,0.5201316102055111,1,0,0.1628834092764053,0,0,0.12935829375993582,0,0,0.2507191021070371,0
1259,1,0.7543846093779487,1,0,0.8392640799795517,1,1,0.7813028022195166,1,0,0.25580453545039505,0,0,0.1985073170291626,0,0,0.3757034972856738,1
1260,0,0.5584724268956697,1,0,0.31234604652509057,0,0,0.541183897471521,1,0,0.285938856212354,0,0,0.46204285750527513,1,0,0.2736058496902457,0
1261,0,0.4786158139046147,1,0,0.35057785654336415,0,0,0.31008494143694276,0,0,0.5523412816974785,1,0,0.23716825037606531,0,0,0.2240464886701708,0
1262,0,0.39663677799199726,1,0,0.36930352793428506,0,0,0.23805599395447008,0,0,0.2211735154159337,0,0,0.36623800220869496,0,0,0.2896592030938767,0
1263,0,0.346800913113126,0,0,0.1843659491901363,0,0,0.1605033920781018,0,0,0.43990386682319815,0,0,0.8326109773086012,1,0,0.12825711319946947,0
1264,1,0.6493921268619846,1,1,0.866335985489061,1,0,0.09148390132078554,0,0,0.07973127466436357,0,0,0.20422823101875062,0,0,0.22124591681357372,0
1265,0,0.5771105446327947,1,0,0.09537425393613552,0,0,0.43294437730223195,0,0,0.4131949040886939,0,0,0.11325428283746004,0,0,0.5222918089375951,1
1266,1,0.6349291564909171,1,0,0.4868717936456018,1,0,0.39469700430174726,0,0,0.5267167524658525,1,0,0.3297300165407419,0,1,0.41953628285692485,1
1267,1,0.5293817402727529,1,1,0.7318819914197014,1,0,0.12894824258356616,0,1,0.22721804932678316,0,0,0.13056773481331702,0,0,0.4450781943386341,1
1268,1,0.5547354446231324,1,0,0.3580416394250905,0,1,0.38382488308785717,0,0,0.19904252294946675,0,0,0.17369296182596033,0,0,0.14628257538783618,0
1269,1,0.6651103879149952,1,0,0.35162429407707896,0,1,0.8394453837032693,1,0,0.2825018710881712,0,0,0.33829348247949464,0,0,0.34240659249648364,0
1270,0,0.2118244534438216,0,0,0.15809193982307962,0,0,0.15820446385910497,0,0,0.21930161184231994,0,0,0.8642440165039258,1,0,0.10883104695043132,0
1271,1,0.7167746048709235,1,1,0.6783913416198739,1,0,0.3502775150193363,0,0,0.5432885337625765,1,0,0.2955346698783935,0,1,0.3927957565662621,1
1272,0,0.47006567271929933,1,0,0.4368576392451271,0,0,0.42509517971799643,0,0,0.34979884042813664,0,0,0.12741324130858236,0,0,0.26131180544189364,0
1273,0,0.467481322851696,1,0,0.563048808207361,1,0,0.16684436017689575,0,0,0.39655601495072906,0,0,0.3481410395884894,0,0,0.15305052797215082,0
1274,0,0.6542764391095417,1,0,0.29255834448425216,0,1,0.8427977484559769,1,0,0.3343554890182106,0,0,0.14963551191298965,0,0,0.16650499108127065,0
1275,0,0.1409210437473182,0,0,0.1990975115295719,0,0,0.12931953451382577,0,0,0.18696359111528832,0,0,0.16047202172028346,0,0,0.23780253211828306,0
1276,1,0.5827808752795072,1,1,0.9117404585698204,1,0,0.5875603458091359,1,0,0.15853734500100547,0,0,0.05965611540194513,0,1,0.20993984016432007,0
1277,1,0.847624817888562,1,1,0.9211850706679543,1,0,0.704569381042226,1,0,0.17524738577265692,0,1,0.2807056373982858,0,0,0.16982351205031654,0
1278,1,0.7221789362814199,1,0,0.20597014142530598,0,0,0.24362211367981734,0,1,0.3970230413857431,0,1,0.4853024581373099,1,1,0.7824714906224374,1
1279,0,0.48555574930352163,1,0,0.32416720583399444,0,0,0.21649199695721935,0,0,0.20022534013500076,0,0,0.2201735264441195,0,0,0.4776389288419118,1
1280,0,0.5393798042209866,1,0,0.2757217290521454,0,0,0.37889864011429,0,0,0.7334115895516112,1,0,0.195404446389019,0,0,0.20473607304095284,0
1281,1,0.2769709214379399,0,1,0.363337592697107,0,0,0.16080130814807905,0,1,0.6487381024733905,1,0,0.23317899575028742,0,0,0.18586425091414857,0
1282,1,0.5659439488225794,1,1,0.44925237146251856,1,1,0.9057747465968221,1,0,0.2970463604424142,0,0,0.3054922693994619,0,0,0.24089106339517433,0
1283,0,0.7334481736598887,1,0,0.6461762994255775,1,0,0.9122934059085782,1,1,0.2587485318345712,0,0,0.3681719705388039,0,0,0.3491357899603119,0
1284,1,0.5655286396890405,1,0,0.14703088193851288,0,0,0.15389151270596016,0,1,0.7389825451208593,1,0,0.1206842154163445,0,0,0.3161509739012639,0
1285,0,0.25132802257323433,0,0,0.4486958908675763,1,0,0.1963399440239285,0,0,0.24023828369044992,0,0,0.5022611582670259,1,0,0.09978827809066494,0
1286,1,0.7132205036265645,1,1,0.68487635286208,1,0,0.0694031468969162,0,1,0.4308720968719172,0,0,0.11717181314086907,0,0,0.3939429353670834,1
1287,0,0.6852885964894084,1,0,0.7159426352063356,1,0,0.21344567062334882,0,0,0.25215387880415413,0,0,0.184535171474104,0,0,0.5936092229301392,1
1288,0,0.5455129550289808,1,0,0.6311749808061762,1,0,0.32276799996036554,0,0,0.4588628882804623,1,0,0.15215171799394842,0,0,0.28750750058410174,0
1289,0,0.3263407061499772,0,0,0.15463050085580438,0,0,0.3159670038072452,0,0,0.1910494897022097,0,1,0.6731993770574966,1,0,0.2581786917468816,0
1290,1,0.8282962576736418,1,0,0.4049839150926155,0,0,0.31075460186928705,0,1,0.6315773153007838,1,0,0.207964887611059,0,0,0.3925708718388213,1
1291,1,0.4323505297875274,1,1,0.40993011061779155,0,0,0.29346370446781667,0,0,0.1595457005814001,0,0,0.1696288009793013,0,0,0.3159065598772849,0
1292,1,0.28264915236150245,0,1,0.23144241305368143,0,0,0.1371753008548754,0,0,0.2613876508938998,0,1,0.7879669601783539,1,0,0.08332395983869972,0
1293,1,0.780726590384306,1,0,0.21517483376771718,0,0,0.1523530593543318,0,0,0.40229995492316123,0,0,0.25627613436752056,0,1,0.7929079896172627,1
1294,0,0.3560012831781741,0,0,0.24794118783587954,0,0,0.17699590967646378,0,0,0.29611346174946923,0,1,0.6334463141233468,1,0,0.15648888555837184,0
1295,0,0.2961985687725265,0,0,0.22626782028873252,0,0,0.2859370838159283,0,0,0.6707630633595045,1,0,0.15844203200680043,0,0,0.20719846711400494,0
1296,0,0.27683211365663907,0,0,0.28129568606693883,0,0,0.23907090574431641,0,0,0.27729055335052705,0,0,0.11278073572530375,0,0,0.18762751640725464,0
1297,1,0.4407146906791379,1,1,0.37117723327571517,0,0,0.396047247625604,0,0,0.5556955709297694,1,0,0.15720562517632772,0,0,0.37536628496756946,1
1298,1,0.6775699580516541,1,0,0.30518170840498643,0,1,0.7863790489974051,1,0,0.36434448910174005,0,0,0.12102255899875546,0,0,0.3069216482613503,0
1299,0,0.44879665231740157,1,0,0.35606152613580644,0,0,0.38053904625557317,0,1,0.6427717471623159,1,0,0.18038478964365692,0,0,0.20890309430737214,0
1300,0,0.5091467352144317,1,0,0.5528985065888533,1,0,0.4177310299379514,0,0,0.3178028280422709,0,0,0.1807590098782916,0,0,0.3026203252139766,0
1301,0,0.6972659907263026,1,0,0.40154540562643976,0,0,0.7737520940210404,1,0,0.21564371049164352,0,0,0.3776502194304955,0,0,0.23620101536064944,0
1302,0,0.48859603625402126,1,0,0.31897775447692456,0,0,0.09350748962736172,0,0,0.16801227390601284,0,0,0.14835189337171187,0,0,0.2843234922350118,0
1303,0,0.5537901400929905,1,0,0.3844471918359355,0,0,0.35937329416159747,0,1,0.47903820594199054,1,0,0.24835923754612657,0,0,0.6685547031533465,1
1304,1,0.7664810755326827,1,1,0.8860838363279996,1,1,0.6586241200405136,1,0,0.3182238264728953,0,0,0.14359743846769174,0,0,0.6141640483252806,1
1305,1,0.5702658891169237,1,0,0.19085418984849203,0,0,0.11497884099904605,0,1,0.6293886392342143,1,0,0.14728352132451245,0,0,0.13453232276810634,0
1306,1,0.49298042089351135,1,0,0.4019357792256878,0,1,0.31394656487433087,0,0,0.30158116792135126,0,0,0.24717290775590295,0,0,0.23928602657964812,0
1307,0,0.668255801243709,1,0,0.3082100047288492,0,1,0.9065698354975098,1,0,0.3463291667772712,0,0,0.11000185975578873,0,0,0.4302853236443745,1
1308,1,0.6602006312724384,1,0,0.3568655230525949,0,0,0.23892126966135457,0,0,0.6058249385552834,1,0,0.12070488594740215,0,0,0.23383016879026308,0
1309,1,0.7144764360898386,1,1,0.8513316375017447,1,0,0.37801097694622976,0,0,0.3247236290711289,0,0,0.13622084245535557,0,0,0.23036086206564196,0
1310,0,0.5197769445350532,1,0,0.3437780958023031,0,0,0.33040740999781965,0,0,0.3864627905419903,0,0,0.25327092494019743,0,0,0.32342155594301114,0
1311,1,0.4855921366310721,1,0,0.42499720142434105,0,0,0.3486332527418763,0,1,0.45083718873751993,1,0,0.24797650341846295,0,0,0.19502104234138162,0
1312,0,0.1959056323791024,0,0,0.18268736757794907,0,0,0.24342319346645636,0,0,0.5696084565452875,1,0,0.17110774588801564,0,0,0.28898692868123976,0
1313,1,0.6078987884609005,1,1,0.4044105250333478,0,1,0.6848094348065624,1,0,0.4166685499285334,0,0,0.23128360793584374,0,0,0.5154305902823509,1
1314,0,0.3931913568508347,1,0,0.5080976070853318,1,0,0.27453433332593713,0,0,0.2953337333721996,0,0,0.16647391830608171,0,0,0.2530862709347656,0
1315,1,0.35626676069017765,0,1,0.5431965800196369,1,0,0.21248233606675626,0,1,0.2326284023635386,0,0,0.19457066509742046,0,0,0.28425783613743594,0
1316,1,0.7732568979230063,1,0,0.2518848978307065,0,0,0.24277544494984893,0,0,0.41855019566604457,0,1,0.9475720573637518,1,0,0.15296008005496295,0
1317,1,0.566723924927688,1,1,0.29325861314141366,0,1,0.3565551690121564,0,0,0.31066535365570497,0,0,0.19785416377262047,0,0,0.27806491806699546,0
1318,0,0.30139821732133354,0,0,0.31849158639430125,0,0,0.27698290833173006,0,0,0.47006152982946564,1,0,0.16666423082058826,0,0,0.17993691916765336,0
1319,1,0.7246968996073576,1,0,0.4865079956508589,1,1,0.5678333555617617,1,0,0.2585848733046374,0,0,0.15172206388159193,0,0,0.25163301625226736,0
1320,0,0.5015132677703943,1,0,0.4120594045392686,0,0,0.3039648316836813,0,0,0.3231515890299708,0,0,0.22338459808156066,0,0,0.30966714158970854,0
1321,0,0.6218520010527852,1,0,0.31887438291093123,0,0,0.1384538737191337,0,0,0.47511761558365984,1,0,0.7536288786630022,1,0,0.1619992009121301,0
1322,0,0.6033720316917689,1,0,0.2835120186954082,0,0,0.3167755088365801,0,0,0.3543047139005163,0,0,0.26990901867741596,0,0,0.29333257766917487,0
1323,1,0.5861424056231265,1,0,0.42909966141575956,0,1,0.7587817736616985,1,0,0.23399703669844352,0,0,0.2661297177750847,0,0,0.27877738688654435,0
1324,1,0.3960387468450201,1,0,0.357966799963919,0,0,0.3356821665980843,0,1,0.5130886303625314,1,0,0.1659786237870683,0,0,0.28538817838464914,0
1325,0,0.5026779286711477,1,0,0.6052553316141496,1,0,0.27655096613152347,0,0,0.18669267631990522,0,0,0.25979806748852796,0,0,0.41831872175912654,1
1326,1,0.6838331515722482,1,0,0.3011036931274449,0,0,0.19520974184334772,0,1,0.4397566192410882,0,1,0.6956306191692538,1,0,0.29526906349858184,0
1327,0,0.36742277547374536,0,0,0.2295941149938497,0,0,0.4589427361643318,0,0,0.4766902208595013,1,0,0.06988336133177063,0,0,0.12712296715360735,0
1328,1,0.8286561549269712,1,1,0.794201479500701,1,0,0.2806002275952611,0,0,0.1926224450194698,0,0,0.20625314811294582,0,0,0.5529422452710231,1
1329,1,0.46070519302237944,1,1,0.6427754524066618,1,0,0.06227818292307264,0,0,0.3773334594136757,0,0,0.0887066480644476,0,0,0.2863905908517219,0
1330,0,0.4360665106974281,1,1,0.4834443048630098,1,0,0.5849048090333983,1,0,0.41839055482377646,0,0,0.08541988959122133,0,1,0.5735149470609332,1
1331,0,0.23495990385368867,0,0,0.40440979593366805,0,0,0.22081703905245434,0,0,0.3387167207630729,0,0,0.09071187812212013,0,0,0.1845357521739521,0
1332,1,0.2937037547567363,0,0,0.2782189013142821,0,1,0.742074079868483,1,0,0.30579410140982805,0,0,0.26129814922317185,0,1,0.30678072556567376,0
1333,1,0.6634985411862839,1,0,0.11466954794642219,0,0,0.08440118928154726,0,1,0.7050523633083302,1,0,0.1715894223081398,0,0,0.16368728635413496,0
1334,0,0.20149028816963843,0,0,0.31528974399499843,0,0,0.22253425839739946,0,0,0.3382676355974848,0,0,0.16924933035869177,0,0,0.1732948814762691,0
1335,1,0.6204114447899558,1,1,0.3832808392923363,0,0,0.3237816842355279,0,0,0.42147749219160546,0,0,0.2909852008537105,0,0,0.47390452171047115,1
1336,0,0.716109121759209,1,0,0.449802411332634,1,1,0.817872721379403,1,0,0.32464713412427004,0,0,0.13413700776779183,0,0,0.1638148138153238,0
1337,1,0.7644958880955386,1,1,0.3630345825050844,0,1,0.7579763937432628,1,0,0.5694062306956746,1,0,0.21680303541413706,0,0,0.25874113978158225,0
1338,1,0.6233980025043859,1,1,0.302690838599066,0,0,0.16094142238207534,0,0,0.48992343725734894,1,0,0.2875477000845773,0,1,0.3715520536663475,1
1339,0,0.5668830159143524,1,0,0.30055118301656547,0,0,0.7652898820788687,1,0,0.36227150464000496,0,0,0.14626607136049694,0,0,0.8938209644339254,1
1340,1,0.8401724600356205,1,0,0.3880082036356955,0,1,0.9325245469228263,1,0,0.5280067655563404,1,1,0.37381320431827836,0,0,0.33254778690434694,0
1341,0,0.34320737186019395,0,1,0.32603839304499777,0,0,0.3075892525184238,0,0,0.23786030854705606,0,0,0.14122733217066957,0,0,0.2471866466638113,0
1342,0,0.521996683607185,1,0,0.29005305758364003,0,0,0.3553419520393236,0,0,0.34986219578146127,0,0,0.18772539609858532,0,0,0.37843298323401475,1
1343,0,0.534235161448375,1,0,0.378026808662756,0,0,0.2192726757662786,0,1,0.21185602070220436,0,0,0.1786556245325955,0,0,0.26897979985557446,0
1344,1,0.5727819148339486,1,1,0.4694562433771298,1,0,0.2849618979075436,0,0,0.4649230434090046,1,0,0.19172730656859002,0,1,0.5575315530929699,1
1345,0,0.6709555891719324,1,0,0.5429305205039251,1,0,0.24324526078123024,0,0,0.7006303778401061,1,0,0.33282113909563743,0,0,0.43086186883145206,1
1346,1,0.41066553939456907,1,1,0.6592352176340365,1,0,0.1699153132364115,0,0,0.3188242387627376,0,0,0.12909943682511021,0,1,0.3638511655155139,0
1347,1,0.4004755068355074,1,0,0.3561539792833971,0,1,0.6105659831323945,1,0,0.2590425870723665,0,0,0.17461011591878453,0,0,0.18138783319083454,0
1348,1,0.7205841971225824,1,0,0.19403908838608294,0,0,0.21011206113747244,0,0,0.4694190500316367,1,0,0.39948512252803553,0,0,0.6438641756874816,1
1349,1,0.9237653622597066,1,0,0.318932776034361,0,1,0.9592666972978969,1,0,0.11593857048685842,0,0,0.1229202864645679,0,0,0.30672362677721515,0
1350,1,0.8753097485890137,1,1,0.9655086650930764,1,0,0.11316039898329591,0,0,0.21264246681324375,0,0,0.14137986317878098,0,0,0.24509860630673677,0
1351,1,0.5309553744563179,1,0,0.30773726647079763,0,1,0.6042851685809447,1,1,0.6036941062789973,1,0,0.2247201490987551,0,1,0.550317932211131,1
1352,0,0.4633834274705571,1,0,0.15804951267460746,0,0,0.07487495807950159,0,0,0.17069953649869885,0,0,0.0692539945966604,0,0,0.09703072933520115,0
1353,1,0.7430029072183205,1,0,0.4766949908340791,1,1,0.516595773318504,1,0,0.38101055179710025,0,0,0.5338073378573714,1,0,0.6600034099977092,1
1354,1,0.6038070668907218,1,0,0.2841691799279784,0,0,0.19153868484280462,0,0,0.4765439347665571,1,0,0.3366711912861333,0,0,0.45193600106081355,1
1355,1,0.26943006665672786,0,1,0.3199791046287214,0,0,0.21417597533712582,0,1,0.20600116325457873,0,0,0.21050267707402012,0,0,0.13304434895674994,0
1356,0,0.4993917922516441,1,0,0.32070342566532806,0,0,0.3552038338836283,0,1,0.7637200963463676,1,0,0.1666498431535451,0,0,0.19973469882420472,0
1357,1,0.6011441229013474,1,1,0.6439119294390759,1,0,0.3141521823288802,0,0,0.3322646060158249,0,0,0.365638355396431,0,0,0.1677618018649705,0
1358,1,0.5963564625971832,1,0,0.3718278807714324,0,1,0.6602330232861902,1,0,0.38554418239934457,0,0,0.19502465793835824,0,0,0.33068834655858437,0
1359,0,0.4750432169659374,1,0,0.2140500029271685,0,0,0.36576595403565787,0,0,0.31560273085638174,0,0,0.41937317924875783,0,0,0.11517669840638468,0
1360,1,0.639089514776317,1,0,0.5146809572808108,1,1,0.5191817122828307,1,0,0.2214489729665661,0,0,0.1117403416214311,0,0,0.5220094818890761,1
1361,0,0.34817742822175146,0,0,0.2574427614517195,0,0,0.23870777338030638,0,1,0.804267752523079,1,0,0.17140570441911593,0,0,0.4595033465682859,1
1362,1,0.5079713438160941,1,1,0.31826294869826544,0,1,0.8115762433306606,1,0,0.20087764625602672,0,1,0.23646617500253672,0,0,0.5342301424996455,1
1363,1,0.5017555275275452,1,0,0.45487019882325097,1,0,0.4116989329213144,0,0,0.285300170759943,0,0,0.1367955163400241,0,1,0.40205745589491926,1
1364,1,0.46333455150487846,1,0,0.22218410275185133,0,0,0.27067175480465405,0,0,0.37919244168118876,0,0,0.27855223460533785,0,1,0.4557704774368454,1
1365,0,0.4482998212875386,1,0,0.3497517797905826,0,0,0.30324248417887534,0,0,0.2501124201734712,0,0,0.14674582761073557,0,0,0.34540390269194365,0
1366,0,0.3396359191891596,0,0,0.4290077446835997,0,0,0.14755006201589907,0,0,0.6060318625740071,1,0,0.16687254664386503,0,0,0.2576524816262818,0
1367,1,0.4320971260007888,1,1,0.7694431759966259,1,0,0.22647022251329554,0,0,0.35325599164776594,0,0,0.09029097088660747,0,0,0.16301393258389774,0
1368,0,0.522430214124711,1,0,0.41222079108524606,0,0,0.3722195095189674,0,0,0.41085964512272166,0,0,0.17157986143084888,0,0,0.3927002933673891,1
1369,1,0.5821975138059283,1,0,0.3026076775299304,0,1,0.312465981234511,0,0,0.44023333368242684,0,0,0.20108969926589287,0,0,0.4946165225520353,1
1370,0,0.3397297128565109,0,0,0.6028099828184968,1,0,0.250575654788394,0,0,0.20074382087400713,0,0,0.1153694388388436,0,0,0.14630483146538453,0
1371,0,0.35521700707835896,0,0,0.2083770697127934,0,0,0.3347320089217662,0,0,0.1838797783311226,0,0,0.19537312024876227,0,0,0.7614660272093702,1
1372,0,0.6638664855809042,1,0,0.187937922664093,0,0,0.15662089428056045,0,0,0.519318402836678,1,0,0.15378757213559727,0,0,0.418263094134472,1
1373,1,0.7778532971382308,1,0,0.2973893624045782,0,0,0.2237978760879762,0,0,0.7302215369488624,1,0,0.3384866757173275,0,0,0.46932341418972645,1
1374,1,0.6898220623782687,1,0,0.14796728957299538,0,1,0.6723321440145864,1,0,0.30930006013511735,0,0,0.20437869725799107,0,0,0.4145482304311202,1
1375,0,0.5350598734076472,1,0,0.2804392846285078,0,0,0.27274551467419866,0,0,0.6749313513265565,1,0,0.41390774904719096,0,0,0.25273862826684207,0
1376,1,0.5169139658320115,1,1,0.7064215739271447,1,0,0.09934024097113564,0,0,0.09216238383418697,0,1,0.6116089040388225,1,0,0.34679881109930866,0
1377,1,0.9051921837173117,1,1,0.9822841252699368,1,0,0.133126208196402,0,1,0.37819860566554625,0,0,0.11646614813843972,0,0,0.5871808595976358,1
1378,0,0.4720911967879391,1,0,0.38702216477198087,0,1,0.7336576992748657,1,0,0.7034747581096835,1,0,0.1914391507751171,0,1,0.6219412987052085,1
1379,1,0.8804712562059459,1,1,0.8221759358077549,1,0,0.23559600988857085,0,0,0.38290886782502986,0,0,0.1925679013922916,0,1,0.19515433194048165,0
1380,1,0.423252687586087,1,0,0.40846641585040183,0,0,0.18193655652375412,0,1,0.37688337850249076,0,1,0.4896227286256302,1,0,0.1441421668387804,0
1381,1,0.4580294708719351,1,0,0.29025442390602746,0,0,0.23984997905079306,0,0,0.3246719143279017,0,0,0.2280747573820998,0,1,0.7988453063462934,1
1382,0,0.2438093225147055,0,0,0.38015559882182587,0,0,0.23582288697331555,0,0,0.218055507325184,0,0,0.11689072407779655,0,0,0.22441266988795672,0
1383,1,0.5379411272993724,1,1,0.6341560168898996,1,0,0.32144871935815583,0,0,0.2724447329756831,0,0,0.216423192251501,0,0,0.5439792654929855,1
1384,0,0.37207913391202085,0,0,0.4113475892520292,0,0,0.1969091409456547,0,1,0.5531600650859293,1,0,0.40230354543180374,0,0,0.2743420847559081,0
1385,0,0.35783645301606565,0,0,0.3918698221437923,0,0,0.29784798750472985,0,0,0.36447562467092215,0,0,0.14763758799012403,0,0,0.36112532400425607,0
1386,0,0.34641355980900757,0,0,0.23260937738894308,0,0,0.14234964381397744,0,0,0.13768992850697032,0,0,0.13937781852258066,0,0,0.6792409101053257,1
1387,1,0.4849452787150304,1,1,0.5549627647354102,1,0,0.15623988464099503,0,1,0.698304934477616,1,0,0.10614507769098097,0,0,0.17292904333426531,0
1388,1,0.4894826476771684,1,0,0.38184285743052454,0,0,0.3082470439909619,0,0,0.4028309095850637,0,0,0.15802088049417365,0,1,0.5169826090120929,1
1389,0,0.4764906187606223,1,0,0.3609206264962871,0,0,0.3208044519644669,0,0,0.34624069721364714,0,0,0.23292792465554554,0,0,0.29968971120735133,0
1390,1,0.49897069156422236,1,0,0.22839777849835158,0,1,0.6714383908194375,1,0,0.2655083477753698,0,0,0.15751388391470547,0,0,0.23261984070818556,0
1391,1,0.6150902149614028,1,1,0.5760225314677337,1,1,0.5535649027475127,1,0,0.39163487424679416,0,0,0.18190773779145591,0,0,0.2332017330630644,0
1392,1,0.4160530620101362,1,0,0.18547363985739931,0,0,0.13666626640547883,0,0,0.5093090142040635,1,0,0.5816425535383875,1,0,0.14424736798753432,0
1393,1,0.5781506398312817,1,0,0.14569798853217278,0,1,0.8988726595973806,1,0,0.30548832097549145,0,0,0.09911294058761913,0,0,0.2331182433653486,0
1394,0,0.3686314360896785,0,0,0.4676806329468877,1,0,0.5459848736377566,1,0,0.34516587194630577,0,0,0.10662659650180682,0,0,0.2937218870896511,0
1395,1,0.41643807043511055,1,1,0.42455012813789794,0,0,0.3123510324557719,0,0,0.320184501272212,0,0,0.22546756056849368,0,1,0.29578754079049135,0
1396,0,0.3753119224405491,0,0,0.2846335683823717,0,0,0.2674282629341827,0,0,0.668245895684839,1,0,0.2794797251702825,0,0,0.2658558512699872,0
1397,1,0.4727085339603329,1,0,0.4320826251233622,0,1,0.785737903766413,1,0,0.34065508305936043,0,0,0.1881720915010672,0,0,0.2756846799372959,0
1398,1,0.44565026367465405,1,1,0.30003168631235233,0,0,0.20679644278112724,0,1,0.2738975524418273,0,0,0.31104130178175826,0,0,0.2952428895360261,0
1399,1,0.7980689806773482,1,1,0.9566054085684299,1,0,0.35697281832706174,0,0,0.171954279687192,0,0,0.20614495770885694,0,1,0.25985672465084864,0
1400,0,0.6457618063113294,1,0,0.18236375622561482,0,0,0.31483554344646464,0,0,0.6455704074228641,1,0,0.1752391569617136,0,0,0.20607821459143832,0
1401,1,0.7258490902617917,1,0,0.3503200955303407,0,1,0.6901708676686885,1,0,0.3407446569765163,0,0,0.2390757105616663,0,0,0.23336415056255674,0
1402,1,0.2523043341589124,0,1,0.32548090565792676,0,0,0.05818927654026702,0,0,0.07337017654935608,0,0,0.046507244047176724,0,0,0.06928905653137125,0
1403,1,0.5184882345914629,1,0,0.21521155520765775,0,0,0.25398284504732876,0,1,0.33266424003675965,0,0,0.10335922384666237,0,0,0.17969747058751032,0
1404,0,0.3119729656765148,0,0,0.18022726887598237,0,0,0.21349661420781477,0,0,0.6555339209348526,1,0,0.2260482567408513,0,0,0.31274258662077115,0
1405,1,0.8826150956002838,1,1,0.9525091150169995,1,1,0.7591866497993855,1,0,0.2076024635085422,0,0,0.13548481167247084,0,0,0.3086593927477141,0
1406,0,0.46929064098617873,1,0,0.3654169308784544,0,0,0.3048294319884404,0,0,0.3984529573034036,0,0,0.18199899457493612,0,0,0.25223593769132874,0
1407,1,0.5221992879362182,1,0,0.22701654003045837,0,1,0.4242615680536356,0,0,0.5746931223111162,1,1,0.3801955295060202,0,0,0.3099208674840864,0
1408,1,0.6861070926431014,1,1,0.784192619017483,1,0,0.3233747467286833,0,0,0.35984102911107635,0,0,0.10819513289878066,0,0,0.14542239126727008,0
1409,1,0.846150890771881,1,0,0.21637411697865186,0,0,0.10882505248617406,0,1,0.3123617349265775,0,1,0.09723130663864218,0,0,0.6407788341802698,1
1410,1,0.7303031794622954,1,0,0.25913115185787694,0,1,0.649211461146425,1,0,0.21058212843964505,0,0,0.16348709192784025,0,0,0.35784491884540676,0
1411,1,0.5971722722484666,1,1,0.41321495091113775,0,1,0.2863997138468068,0,1,0.2938957887634323,0,0,0.17005848863615874,0,0,0.26400871987241237,0
1412,0,0.5722658196394153,1,0,0.2944194795289957,0,0,0.3255440809378503,0,0,0.30078061274078627,0,0,0.25477877174627994,0,0,0.6446585167260844,1
1413,0,0.40397157591335714,1,0,0.30367569186414733,0,0,0.22902967526047888,0,0,0.3506133343988102,0,0,0.641675193206687,1,0,0.21984960432062148,0
1414,1,0.6822043542912476,1,1,0.47290343714860367,1,0,0.3770704919074592,0,0,0.3617490707365181,0,0,0.22743997481085454,0,0,0.2516628645924589,0
1415,1,0.5806769499820732,1,0,0.4180129691750131,0,0,0.21807466061765596,0,0,0.30989053938528516,0,0,0.1556779109779996,0,1,0.48196764966130584,1
1416,1,0.6286026237006189,1,1,0.501991863930601,1,0,0.2566767046655552,0,0,0.5923653249234626,1,0,0.20390086428387674,0,0,0.17307262291086725,0
1417,0,0.36640595912712615,0,0,0.4014810954839371,0,0,0.2665429654014467,0,0,0.15245634319692186,0,0,0.7369283043641995,1,0,0.22242078604434265,0
1418,1,0.48391116393125894,1,0,0.17646122328036776,0,0,0.1397611051645465,0,0,0.3184491102715299,0,0,0.16662504588179616,0,1,0.7384905109755795,1
1419,0,0.4257370562858173,1,0,0.5581232429522255,1,0,0.14345306314051498,0,0,0.35080971495206964,0,0,0.341587259642323,0,0,0.1464057107719531,0
1420,0,0.4149183002080915,1,1,0.17892938832246488,0,0,0.35136914094733046,0,0,0.28164255923573817,0,0,0.25790887405870005,0,0,0.5290440427295974,1
1421,0,0.3153297329767802,0,0,0.3959828368762344,0,0,0.38165555643053123,0,0,0.3528793450125171,0,0,0.30682178868986426,0,0,0.19090778314952261,0
1422,1,0.885648542019788,1,1,0.9243063580312252,1,0,0.22795701835026402,0,0,0.19149681051123013,0,0,0.23703058369578514,0,0,0.1987895235457108,0
1423,1,0.605245220632061,1,0,0.5005434591888697,1,1,0.5857021730761154,1,0,0.18339517914343853,0,0,0.20375166197521977,0,0,0.2639975087971826,0
1424,1,0.8687737699724208,1,0,0.4242693259645319,0,1,0.9605791687796408,1,0,0.4211129516068344,0,0,0.2527261949508294,0,0,0.3086958573973562,0
1425,1,0.566475987511356,1,1,0.6329904360456171,1,0,0.30374452444732053,0,0,0.32690036819484597,0,0,0.10927408166956926,0,0,0.245308005127773,0
1426,0,0.5416405734000376,1,0,0.25321568766508223,0,0,0.4633972579945599,0,0,0.40945359024878747,0,0,0.35941474835143794,0,0,0.17564191271558297,0
1427,1,0.38356139071685597,1,0,0.13974369640886408,0,0,0.12175702281035389,0,0,0.21347137532568128,0,0,0.07144992929256254,0,1,0.9694725579010334,1
1428,1,0.8227402026966045,1,0,0.43493429099900244,0,1,0.8281851538999062,1,0,0.21910727206783223,0,0,0.09925582290828369,0,0,0.24553435260605794,0
1429,0,0.46234735872320765,1,0,0.3298633174287933,0,0,0.4998581495120557,1,0,0.29881080323207143,0,0,0.12774184955409687,0,0,0.10614621387096503,0
1430,0,0.4407483236290371,1,0,0.22021565642029756,0,0,0.41148254265506334,0,0,0.3736735099352042,0,0,0.2298187655971495,0,0,0.4160948213809172,1
1431,1,0.5950550346672466,1,0,0.17388926869660368,0,0,0.24908550563667545,0,0,0.3843497324368388,0,1,0.7732903381812267,1,0,0.19245287586102436,0
1432,0,0.37827088444909934,0,0,0.41203251316663236,0,0,0.22184999567937208,0,0,0.38178441554128717,0,0,0.19654796254412793,0,0,0.42481439225655937,1
1433,0,0.5837137664872495,1,0,0.3450414361642862,0,1,0.7718144455720138,1,0,0.17513845653370008,0,0,0.20735679632584164,0,0,0.5550120039236478,1
1434,0,0.38211783923255543,1,0,0.37111366020027486,0,0,0.4117189715902811,0,0,0.43194299672361064,0,0,0.3074630760697292,0,0,0.45389622639982524,1
1435,1,0.8127199115495188,1,1,0.6870352648495122,1,1,0.700518539337789,1,1,0.29622326369025115,0,0,0.19908208697847052,0,1,0.28561335917185576,0
1436,1,0.6823305222797101,1,1,0.5947047864534218,1,0,0.0974062618175338,0,0,0.39041152947530455,0,0,0.1686795271801848,0,1,0.28093827552692596,0
1437,1,0.5310696390629204,1,1,0.6559116894238385,1,0,0.4265310584054436,0,0,0.30396096810685225,0,0,0.27441153393700196,0,0,0.3054108870482702,0
1438,0,0.29448793731121187,0,0,0.14532649849263465,0,0,0.17233963490684023,0,0,0.1983047146121827,0,0,0.09129709909205276,0,0,0.8408390788753326,1
1439,1,0.3693074658239162,0,0,0.24520210315030036,0,1,0.3625218023292158,0,0,0.5958734730654122,1,0,0.23203571618515403,0,0,0.15430131075098444,0
1440,0,0.49011088581238915,1,0,0.33707244126300384,0,0,0.35928461757913616,0,0,0.22261893948275022,0,0,0.15780179486754287,0,1,0.591683841849486,1
1441,1,0.5389059149946739,1,0,0.28955391614045317,0,0,0.1733066219682029,0,0,0.21183961772926083,0,0,0.23537490108216227,0,0,0.22216886288907858,0
1442,0,0.4265282928730629,1,0,0.07666173101496,0,0,0.10162420061357239,0,1,0.9823484558560052,1,0,0.3262591828571468,0,0,0.10811734877439305,0
1443,0,0.3595619346274387,0,0,0.2532092867099606,0,0,0.26479559812421444,0,0,0.21799984945464404,0,0,0.40871602459595047,0,0,0.20489676816928737,0
1444,0,0.3790143338280265,0,0,0.20737987924696707,0,0,0.28938869783485643,0,0,0.20120848375260172,0,0,0.24683251091327782,0,0,0.4102345115897496,1
1445,0,0.5922789071503674,1,0,0.4037579025822246,0,0,0.1638757758761683,0,0,0.6282354454852788,1,0,0.2394530882373695,0,0,0.256460821223893,0
1446,0,0.4554823810876243,1,0,0.2303698109038572,0,0,0.14883787162563228,0,0,0.21324907704633492,0,0,0.1482446064525863,0,0,0.12444249059832135,0
1447,1,0.8659493587749444,1,1,0.9426544560493014,1,0,0.20723952768645504,0,0,0.254922377033295,0,0,0.1425930501412649,0,0,0.2702927617935412,0
1448,1,0.742763820362599,1,0,0.33415030263278833,0,0,0.28939741799381785,0,0,0.22140542720332462,0,0,0.8947959200663818,1,0,0.4389489800333977,1
1449,1,0.47385057393865826,1,1,0.5107104215491988,1,0,0.2938409154192103,0,1,0.4850323944960976,1,0,0.2820511589682747,0,0,0.20893600043411065,0
1450,1,0.599032511158223,1,0,0.3221211147632751,0,0,0.27044045747754836,0,0,0.24391276008699445,0,1,0.6687420841560616,1,0,0.521416647858802,1
1451,0,0.5579120105765462,1,1,0.36800077725591823,0,1,0.42347052420668774,0,0,0.27784834617129334,0,0,0.150418660780054,0,0,0.34263846908393186,0
1452,0,0.6106501600812986,1,0,0.20873120920505447,0,0,0.2102951970292572,0,0,0.6619042738491778,1,0,0.2869459062008432,0,0,0.23093606616822285,0
1453,1,0.49014709539868384,1,1,0.48973005661099595,1,0,0.12599160698004008,0,1,0.4995282608746842,1,0,0.10660223237139392,0,0,0.12513008926736133,0
1454,0,0.5250469684215279,1,0,0.2855334795780355,0,0,0.11929911564508991,0,0,0.6271111937820033,1,0,0.11195092658863029,0,0,0.3564840614015384,0
1455,0,0.46906107753681653,1,0,0.41139387960671786,0,0,0.26729022346879566,0,0,0.4167468338885091,0,1,0.7131280026202939,1,0,0.4047304376483457,1
1456,0,0.290077419774246,0,0,0.2305901611376891,0,0,0.6035679068286088,1,0,0.3901721028574105,0,0,0.19395902856177963,0,0,0.29265425207525825,0
1457,1,0.7502357576262493,1,0,0.5566643756599619,1,1,0.8097976918683739,1,0,0.24187093643372776,0,1,0.35908003135405403,0,0,0.23787317605146607,0
1458,1,0.4255124750769063,1,1,0.39690197687137013,0,0,0.167028761327917,0,1,0.623481961324265,1,0,0.2163536868575826,0,0,0.12844457427647524,0
1459,0,0.3152445609218199,0,0,0.21534427287329058,0,0,0.2235576902047314,0,0,0.09268040366413302,0,0,0.6531907894742677,1,0,0.2586794669107439,0
1460,0,0.3176654889027797,0,0,0.1423386961866283,0,0,0.2268246603685982,0,0,0.7876133179926734,1,0,0.15233682248226452,0,0,0.2864033610173509,0
1461,1,0.8075968785629098,1,0,0.2953134557899957,0,0,0.4290746413609257,0,0,0.43256571514403575,0,0,0.265616282202493,0,1,0.8271136192897037,1
1462,0,0.4721349668706898,1,0,0.5512911529642882,1,0,0.3489772994983844,0,0,0.18794069384849138,0,0,0.09337635761752945,0,0,0.35626489993847676,0
1463,0,0.4203073415643409,1,1,0.5051467484248098,1,0,0.3803901551392095,0,1,0.3028540216360783,0,0,0.23287621739879427,0,0,0.19480313705648947,0
1464,1,0.7473508939491128,1,0,0.23097222703734055,0,0,0.2986670250439025,0,1,0.7469219436841243,1,0,0.25568996811307765,0,0,0.37439417471718456,1
1465,0,0.44443727693689095,1,0,0.3159816738714541,0,0,0.4105420147344382,0,0,0.1751917974534941,0,0,0.13348871134353504,0,0,0.3167190025922421,0
1466,1,0.8501675487684704,1,1,0.6120254592167951,1,0,0.20185121745022347,0,1,0.3072199034406618,0,0,0.24106100084929474,0,1,0.6026437599392274,1
1467,0,0.41550464090541095,1,0,0.4120501315222623,0,0,0.3764739076273693,0,0,0.47010499724190774,1,0,0.3233004004574166,0,1,0.25181961951006804,0
1468,0,0.280223955808203,0,0,0.13823579094758912,0,0,0.4119534516503808,0,0,0.1781520190223004,0,0,0.20283008066546698,0,0,0.37841190044543327,1
1469,0,0.1390726834593747,0,0,0.38497673163724816,0,0,0.06943259659757796,0,0,0.20210838238450285,0,0,0.1213058351470919,0,0,0.13458900116194092,0
1470,1,0.7548607627397319,1,1,0.8127313481313004,1,0,0.11775175420190473,0,0,0.21660552938810926,0,1,0.7141191345622955,1,0,0.11993608305557321,0
1471,1,0.1522618420575065,0,1,0.46476581257654953,1,0,0.1535949798895137,0,0,0.2266123634414109,0,1,0.1622085628680791,0,0,0.12523538585714458,0
1472,0,0.37419574950836776,0,0,0.423550724625557,0,0,0.25910655469056193,0,0,0.25163338439583094,0,0,0.2509017022248317,0,0,0.3163015102740477,0
1473,0,0.4348873285967819,1,0,0.29542033782864435,0,0,0.3398503351320954,0,0,0.18715420619817177,0,0,0.1446880069063149,0,0,0.43652583976026654,1
1474,1,0.35434637935871116,0,0,0.1600123510038363,0,0,0.13352348689242483,0,0,0.14154448061464037,0,1,0.7163559202933193,1,0,0.12019337520705084,0
1475,1,0.6871871974874153,1,1,0.7863665912988238,1,0,0.09978595517302422,0,0,0.15101130504338117,0,1,0.741853816534266,1,0,0.24739467486342698,0
1476,0,0.4733082015411355,1,0,0.47911018779611614,1,0,0.35981530120619615,0,0,0.2988574659433788,0,0,0.15767735442616201,0,0,0.2739239178927302,0
1477,1,0.5947434322171624,1,0,0.2772208804594462,0,0,0.2464943219149646,0,0,0.28151421053339043,0,1,0.8063047928557647,1,0,0.24002226428899387,0
1478,0,0.3039374995615096,0,0,0.4652053371863203,1,0,0.2952425738478563,0,0,0.2664982967893826,0,0,0.1188310070086636,0,0,0.31431940931825136,0
1479,1,0.6612879234491988,1,1,0.5473173889122142,1,1,0.698857845043946,1,1,0.3403388074020706,0,1,0.2447271571632925,0,0,0.16735205670431283,0
1480,1,0.4421375257451863,1,1,0.5853376982301568,1,0,0.15800921483758662,0,1,0.16911102682703408,0,0,0.22397083575753174,0,0,0.20167780361763257,0
1481,0,0.26343390874573575,0,0,0.2794832865116943,0,0,0.1463821155293994,0,0,0.3934892971501875,0,0,0.7452686426294937,1,0,0.1003277715802505,0
1482,0,0.5097196099866885,1,0,0.39369777818204355,0,0,0.5406682264127132,1,0,0.3768593959739046,0,0,0.23170509957001245,0,0,0.22219558162275735,0
1483,1,0.7913567885324478,1,1,0.8158914906144765,1,0,0.3558448982115251,0,1,0.41530413641868474,0,0,0.16180649441235914,0,0,0.7019427770193315,1
1484,1,0.5855774707790271,1,0,0.17406847816844992,0,0,0.12938571959424153,0,1,0.6233054047959855,1,0,0.1659107347729302,0,0,0.2999560353576824,0
1485,1,0.8037289303735922,1,0,0.7399748523383755,1,1,0.6559360369563871,1,0,0.28743363319610576,0,0,0.11785334155109216,0,0,0.13762083551229143,0
1486,1,0.40954775962625584,1,0,0.25113711366611285,0,0,0.10068010204416859,0,0,0.2026951487601378,0,0,0.09474312004180152,0,1,0.9427673805419315,1
1487,1,0.8323842517246139,1,0,0.22070664924334626,0,0,0.35144727972327644,0,1,0.335564761028902,0,0,0.9272157446651007,1,1,0.11498112039727318,0
1488,1,0.7499716080844518,1,1,0.5928621739467289,1,0,0.10676095569923794,0,1,0.7041707851155087,1,0,0.09917803223341963,0,0,0.15055862330836153,0
1489,1,0.3064038050003087,0,1,0.5417700163543654,1,0,0.21626324795621302,0,0,0.5704538664025242,1,0,0.29914284615266606,0,0,0.15025889361480552,0
1490,0,0.29831540713785853,0,0,0.4745948616419788,1,0,0.21958155926270911,0,0,0.21836402494499174,0,0,0.18655600776370168,0,0,0.177000115681719,0
1491,1,0.6597030736176286,1,1,0.7235093374814275,1,1,0.6497115527898976,1,0,0.19414385275330856,0,0,0.2226640417866891,0,0,0.14375267089586047,0
1492,0,0.30167922852522766,0,0,0.629611898261791,1,0,0.10777177992110297,0,0,0.16754452396380307,0,0,0.11104541701826513,0,0,0.21151558803757348,0
1493,1,0.6485095273898758,1,0,0.5586525630630899,1,1,0.41808210979570043,0,0,0.47928942972142174,1,0,0.20969664033300506,0,0,0.17018983720562816,0
1494,1,0.6928607113856513,1,1,0.3711568951647562,0,1,0.48586187899558636,1,1,0.8412197978477836,1,0,0.2045276241465873,0,0,0.2896203668684213,0
1495,0,0.26596737471588855,0,0,0.4427735518901174,1,0,0.12141929073873235,0,0,0.3929927968381015,0,0,0.1271525934493101,0,0,0.25525758330435566,0
1496,0,0.31064530799055445,0,0,0.46691927422417795,1,0,0.29390031296153785,0,0,0.1511885994809026,0,0,0.17378127846774194,0,0,0.1968983966266178,0
1497,1,0.2535685813652875,0,1,0.2631675532541525,0,0,0.2065177498226648,0,0,0.48595231178473425,1,0,0.1711815627936694,0,0,0.23140509153092761,0
1498,1,0.7205429895950837,1,0,0.49318863348576664,1,1,0.6889477600560117,1,0,0.33307119965153303,0,0,0.34760009294888666,0,0,0.35569204447786257,0
1499,1,0.6043389943256628,1,0,0.2860904182742944,0,1,0.7564458478635666,1,1,0.18322382267893086,0,0,0.16315495195010699,0,0,0.2242624149968204,0
1500,0,0.4761183781217638,1,0,0.56982216808977,1,0,0.46100555533232807,0,0,0.21835487502812745,0,0,0.4934631221551548,1,0,0.5653595688727896,1
1501,1,0.6379191506654315,1,1,0.8810197739156186,1,0,0.13075919532975755,0,0,0.161756894557621,0,0,0.14126347780087128,0,0,0.29017506539884264,0
1502,1,0.5785632012172999,1,1,0.4854594774984013,1,1,0.2997433309732539,0,1,0.2800786966682658,0,1,0.21253800849138194,0,1,0.2571638824434129,0
1503,1,0.6690890380726786,1,0,0.27888351972740294,0,0,0.3829384175719055,0,0,0.2644392600460009,0,0,0.1374818987163502,0,1,0.3658609979630051,0
1504,0,0.3452326278945391,0,0,0.23951522198663097,0,0,0.4480444563162178,0,0,0.2611137100281702,0,0,0.30341681686103683,0,1,0.2616796186673628,0
1505,0,0.5686448886359573,1,0,0.28528975224877423,0,0,0.3131126373762404,0,0,0.3791823894604149,0,0,0.813967002886202,1,0,0.5397221123295465,1
1506,1,0.7760438539932948,1,1,0.5963827524259788,1,0,0.27745408112845643,0,0,0.6087944628715782,1,1,0.4614784638549581,1,0,0.22923110023411972,0
1507,1,0.45423542319987176,1,1,0.6599584941743935,1,1,0.3056682880861703,0,0,0.34482835983693083,0,0,0.1479714663594065,0,0,0.18344451014766117,0
1508,0,0.5133718298256681,1,0,0.18514332056742017,0,0,0.3861244972247345,0,1,0.3323640930148607,0,0,0.22277935210422978,0,0,0.4015210337279326,1
1509,0,0.512917675538584,1,0,0.26484676626780135,0,0,0.4089716028521716,0,0,0.3472583841094801,0,0,0.06850103293933595,0,0,0.30665363266951445,0
1510,1,0.48402530067865684,1,1,0.482518121055378,1,0,0.28168336251476284,0,1,0.49110811896007533,1,0,0.24080406429254939,0,0,0.3834969839063008,1
1511,1,0.8308571693269656,1,1,0.6354508108772432,1,1,0.60273129001874,1,0,0.22321231494674101,0,0,0.2662154744010345,0,0,0.3623827383915149,0
1512,1,0.8445405812201344,1,0,0.27753616108513157,0,1,0.9497792497995339,1,0,0.35571816835735137,0,0,0.11930664246797813,0,0,0.2100293428204947,0
1513,0,0.24922360396062715,0,0,0.22246269710067948,0,0,0.32145813319038213,0,1,0.363481339527056,0,0,0.08082154211535515,0,0,0.23473469884747097,0
1514,0,0.474447201556581,1,0,0.21925733170536413,0,0,0.23822500089842105,0,0,0.2617772478988915,0,0,0.14503263148221646,0,0,0.1851031738805117,0
1515,1,0.5591227001802723,1,0,0.256761489055284,0,0,0.11557622279483919,0,0,0.691069284153252,1,0,0.18051259976558415,0,0,0.15378160263110693,0
1516,1,0.48859797026873164,1,0,0.27580005285448234,0,0,0.3557298463280577,0,0,0.24573678079000666,0,0,0.08839075366519653,0,0,0.38702985343556545,1
1517,1,0.5770016467240046,1,0,0.34285361906670336,0,0,0.3360028327808392,0,0,0.8069092232689262,1,0,0.537569253814009,1,1,0.43744944506785194,1
1518,1,0.7955014767797642,1,1,0.4597420712299754,1,1,0.8356145841487668,1,0,0.24458323612138644,0,0,0.33792785101284367,0,1,0.28876780093707904,0
1519,0,0.6995699502598017,1,0,0.5168964495991073,1,0,0.2610960854805076,0,0,0.8137006279437639,1,0,0.18154366690281784,0,0,0.3653243684640534,0
1520,0,0.3879566890633075,1,1,0.20817570389436202,0,0,0.11630409827122412,0,0,0.49587635839419286,1,0,0.13588530768243037,0,0,0.16074948071647951,0
1521,0,0.17149438115350152,0,0,0.5150297339149128,1,0,0.07323717044619994,0,0,0.29766328551424065,0,0,0.08178385946733763,0,1,0.2722153330743495,0
1522,1,0.9337176358587747,1,1,0.9406793454813153,1,0,0.6645477591928977,1,0,0.238218763795626,0,0,0.11964374398298269,0,1,0.2891598329881876,0
1523,1,0.3813258037101509,1,0,0.5656139056956218,1,1,0.43072287840794654,0,0,0.25283469921008134,0,0,0.13058722052619456,0,0,0.3835090656667612,1
1524,1,0.240215371264191,0,1,0.13130837496546596,0,0,0.09988948706773938,0,0,0.11672634885576512,0,0,0.08112520123142614,0,1,0.9005928276127668,1
1525,1,0.7497614766811905,1,0,0.5222874534778014,1,1,0.816767286113644,1,0,0.4406349744615115,0,0,0.22877628790105167,0,0,0.30939029663620055,0
1526,1,0.2689158674839706,0,0,0.12318958308053919,0,0,0.10020924431656932,0,1,0.8864754186400134,1,0,0.5196966566193485,1,0,0.25431486092830413,0
1527,0,0.534350323926273,1,0,0.2465975015301006,0,0,0.36283383247212203,0,0,0.31469046387388994,0,0,0.18719214562767428,0,1,0.7747218676883865,1
1528,1,0.7054210224861218,1,1,0.7936058316412277,1,0,0.4433258559218064,0,0,0.500449086943666,1,0,0.18684929706206127,0,0,0.4367526697892353,1
1529,1,0.8447094002790375,1,1,0.9087278750842483,1,0,0.37679047689538797,0,0,0.3983187384811825,0,0,0.3352692377225928,0,0,0.196225753184768,0
1530,1,0.47031691464445735,1,1,0.38464561812326425,0,0,0.44162673239100775,0,1,0.2306602084286977,0,0,0.07285605343598252,0,1,0.781166228567221,1
1531,1,0.6182967102287601,1,1,0.4710765505248014,1,0,0.48595211546814665,1,0,0.2793933738891744,0,0,0.2090482061066774,0,0,0.3319446513324044,0
1532,0,0.5453350066411672,1,0,0.34377270656769826,0,0,0.6530373975345234,1,0,0.34540273336033334,0,0,0.24959328119566312,0,0,0.5355976121759171,1
1533,1,0.7197147446783337,1,0,0.20919506000625715,0,0,0.18749046404081873,0,0,0.3187931402343142,0,0,0.24750930158122822,0,0,0.7596656659130852,1
1534,1,0.43950699177509606,1,0,0.3698407439818016,0,0,0.5148243989666506,1,0,0.503597473913933,1,0,0.1906664129195722,0,1,0.4074529391096643,1
1535,0,0.3514558313078312,0,0,0.1473091230620925,0,0,0.4605755774007237,0,0,0.17830303569253286,0,0,0.13288615275490398,0,0,0.2660914935320764,0
1536,0,0.1863072970702791,0,0,0.6010345820238961,1,0,0.15466073897902075,0,0,0.2917020410590216,0,0,0.09112911435209879,0,0,0.10492361258015138,0
1537,1,0.5674508740170534,1,1,0.48045394880226194,1,0,0.28573427397895135,0,1,0.6013800671632293,1,0,0.12551386176441248,0,0,0.5450880215982884,1
1538,1,0.6886907786857773,1,1,0.7936656662780481,1,0,0.26385699416646513,0,0,0.5413430083933478,1,0,0.11555217671654891,0,0,0.2502520605539437,0
1539,1,0.5362129113916201,1,1,0.41865622768820104,0,0,0.21214237668774016,0,0,0.23443003453529596,0,0,0.19499405985375792,0,0,0.3286161563906218,0
1540,1,0.6478497062619988,1,0,0.21802560130037732,0,1,0.4500966823396249,0,0,0.21292956271237812,0,0,0.16921319543746988,0,0,0.5033493856180509,1
1541,0,0.46306658379144083,1,0,0.3683802680041884,0,0,0.2663123444612599,0,0,0.20067975937951346,0,0,0.06223324501374492,0,0,0.6704675958112922,1
1542,0,0.3437025722519784,0,0,0.8106322394237621,1,0,0.10119854343539002,0,0,0.17503106624577325,0,0,0.10572516936323488,0,0,0.1572440388273978,0
1543,0,0.2966103560584268,0,0,0.22789849348766503,0,0,0.2661314955411882,0,0,0.4719701009628298,1,0,0.1661303881178324,0,0,0.17628591450969086,0
1544,0,0.5836217404071734,1,0,0.7879717464487519,1,0,0.47673209469871364,0,0,0.40218295619881417,0,0,0.16356004168094274,0,0,0.16874953265475315,0
1545,0,0.46429559881196014,1,1,0.4645707030320496,1,0,0.2522040000216461,0,1,0.48522404645042094,1,0,0.22711478345045227,0,0,0.10545393311924478,0
1546,0,0.5344563992672453,1,0,0.2527476690026097,0,0,0.8139498542497583,1,0,0.4302204930688286,0,0,0.2282922225070184,0,0,0.4576215520843319,1
1547,0,0.49985157459099216,1,0,0.560697465080726,1,0,0.23216124911086353,0,0,0.5071461449733158,1,0,0.14328221775163072,0,0,0.38746672328120846,1
1548,0,0.3249213813434557,0,0,0.3051865766385531,0,0,0.2003020843852282,0,0,0.15254707660929956,0,0,0.1522245822245466,0,0,0.2811168519417292,0
1549,1,0.7819144826279497,1,1,0.5886420897672345,1,0,0.12738721743884773,0,0,0.36858711579600983,0,0,0.5620962530338102,1,0,0.2910018100857392,0
1550,1,0.5956274341290291,1,1,0.48506399628040403,1,1,0.5858889570794329,1,1,0.4946585927515387,1,0,0.12938212924270898,0,0,0.3382127468480528,0
1551,0,0.3269717761896486,0,0,0.49630715134326675,1,0,0.20948599802341666,0,0,0.5136703811538479,1,0,0.4116664927318959,0,0,0.25280436367592957,0
1552,1,0.6044684440601118,1,0,0.16553370714343488,0,0,0.16244905032960122,0,1,0.6209355056246849,1,0,0.10731588109453695,0,0,0.18193268214514785,0
1553,0,0.4959330054098373,1,0,0.3611178241705001,0,0,0.5333080539111206,1,1,0.15652897828507462,0,0,0.11451903820005664,0,0,0.47518476353671213,1
1554,0,0.22199107744079916,0,0,0.37743106803186194,0,0,0.14683125430531258,0,0,0.23693403369741622,0,0,0.18148906564855685,0,0,0.1915088595035674,0
1555,0,0.5881216647553743,1,0,0.3637719583994235,0,0,0.2939743212070976,0,0,0.2110149524137032,0,0,0.0703185682090677,0,1,0.5457889562791582,1
1556,0,0.4411916375651151,1,0,0.4627207808555008,1,0,0.6583648973461541,1,0,0.26404007617477476,0,0,0.2057563700867049,0,0,0.16893733826924517,0
1557,0,0.1578685644142509,0,0,0.31727264975451464,0,0,0.24506364521737903,0,0,0.08619862220224507,0,0,0.14110422991771668,0,0,0.1608192656096952,0
1558,0,0.6170528738085616,1,1,0.7783412554378191,1,0,0.1827057445849763,0,0,0.4800674929781777,1,0,0.32945477291069186,0,0,0.5101151726924124,1
1559,1,0.308801303466426,0,1,0.534652890687218,1,1,0.4865620723456483,1,0,0.3777413487953263,0,0,0.163490547350194,0,0,0.34394659051083853,0
1560,1,0.41703274827637593,1,0,0.28270791657333877,0,0,0.2045800690425235,0,0,0.5751365984435337,1,0,0.09947158669111553,0,0,0.4095374569474708,1
1561,1,0.6498975837175487,1,1,0.7194846438099154,1,1,0.3971621730830384,0,0,0.38544511219761046,0,0,0.1653582088484456,0,0,0.1353481159961046,0
1562,0,0.4151192830476675,1,0,0.35504450344183436,0,0,0.18552427259974352,0,0,0.4817439830755237,1,0,0.1626254088919424,0,0,0.2372236829375965,0
1563,1,0.6250543816751605,1,0,0.3064676510200031,0,1,0.6182372108801805,1,0,0.3739611715563155,0,0,0.06506772242801026,0,0,0.3164049962856545,0
1564,1,0.8612534826919072,1,0,0.3484002235318065,0,0,0.3775568174632964,0,0,0.48675752472892775,1,1,0.9435683621688874,1,0,0.3075952861933861,0
1565,1,0.6706217290734733,1,1,0.9170868670761493,1,0,0.07469683798883259,0,0,0.1796265046399373,0,0,0.08736748197624898,0,0,0.3244858471470614,0
1566,1,0.38207748228238886,1,1,0.29041672042155225,0,1,0.553354881336985,1,0,0.23007815218825245,0,0,0.19142022314219032,0,0,0.22554918316574493,0
1567,1,0.4608877076282752,1,1,0.5184570735940834,1,0,0.2686905391323303,0,0,0.2697146797617566,0,0,0.09716038219616381,0,1,0.7551275658199955,1
1568,1,0.35321496246886647,0,1,0.33539791489298176,0,1,0.6406137726790814,1,0,0.203647296134157,0,0,0.19322430267167778,0,0,0.18034985510559035,0
1569,1,0.5518731339720397,1,1,0.38196273669942693,0,0,0.326132415513295,0,0,0.36291959573708144,0,0,0.4204782647767359,0,0,0.6310117807919113,1
1570,1,0.23149730657986392,0,0,0.19916968693105616,0,0,0.26898786681681575,0,0,0.27295007393809234,0,0,0.11530935919431003,0,1,0.9096043427694781,1
1571,0,0.37276591581075846,0,1,0.30674703461743524,0,0,0.1763464785589628,0,0,0.1870582202567265,0,1,0.46167983538248836,1,0,0.13613801988889465,0
1572,1,0.6508765487232975,1,1,0.9081063137607088,1,0,0.11872337212113394,0,0,0.6442151939917433,1,0,0.213302838811622,0,0,0.07771518948856646,0
1573,0,0.47583107001216324,1,0,0.27614046785790525,0,0,0.34217216861009275,0,0,0.5559764956258114,1,0,0.27688349373570054,0,0,0.40153238794655616,1
1574,0,0.33121951216572376,0,0,0.5240418739273816,1,0,0.2318806901854642,0,0,0.3013506365716236,0,0,0.25373839218928385,0,0,0.16937926290346647,0
1575,1,0.3730183167615674,0,1,0.3440733077785359,0,1,0.6637861250298761,1,1,0.3816247327687373,0,0,0.17335009388156916,0,0,0.17538263286970354,0
1576,0,0.7182635503240152,1,0,0.6601081072352046,1,0,0.17327336328613283,0,0,0.3241746494533269,0,0,0.20625009431975797,0,0,0.45310187610655606,1
1577,1,0.9145446421470813,1,1,0.9579381767128028,1,0,0.3146646861241407,0,0,0.33021576770289823,0,0,0.14711618434386262,0,0,0.22676837912686365,0
1578,0,0.713742536194128,1,0,0.6220980108215083,1,0,0.889521081867136,1,0,0.4701931124342412,1,0,0.14567368951733328,0,0,0.25698714223217484,0
1579,0,0.33598305834613734,0,0,0.354894579937614,0,0,0.17631452209388557,0,0,0.35937497721817246,0,0,0.12258570857998217,0,0,0.18952823151176895,0
1580,1,0.6627842694729236,1,0,0.08047524672752003,0,0,0.019123743620471173,0,1,0.5970237877728076,1,0,0.06057064766184874,0,0,0.10804263496131429,0
1581,0,0.40650875891055205,1,0,0.24748842892733872,0,0,0.2522674543250975,0,1,0.5999409331645593,1,1,0.7928036902245025,1,0,0.39522617956128425,1
1582,1,0.47369626975374113,1,1,0.3428506830529557,0,0,0.2704520457824262,0,0,0.4342947246690429,0,1,0.5048004692314564,1,0,0.2160645527940725,0
1583,1,0.38963593493530024,1,1,0.6953077516964485,1,0,0.4428547717504761,0,0,0.36661325194831046,0,0,0.2481777805909618,0,0,0.33023613401043456,0
1584,1,0.9451084323625276,1,1,0.9363270865071383,1,1,0.8457126847658972,1,0,0.17441980451931813,0,0,0.07616260825786354,0,0,0.23772746227373637,0
1585,1,0.7616069139084561,1,1,0.716811516769808,1,0,0.09881297188092182,0,1,0.5831754225215081,1,0,0.10813778917809411,0,1,0.44713905917690705,1
1586,1,0.6975053895715779,1,1,0.5731263704604402,1,1,0.7289557487613133,1,0,0.3085864484525542,0,0,0.1674586065775818,0,0,0.20209811645618855,0
1587,0,0.7130945493052755,1,0,0.41743035626351244,0,0,0.590816980689637,1,0,0.33608267293821475,0,0,0.23864238945742033,0,0,0.5098368107094596,1
1588,1,0.736779114782695,1,0,0.2973093359051093,0,1,0.8207422733025308,1,0,0.25490416550432926,0,0,0.11897755845056601,0,0,0.3749174156747154,1
1589,1,0.5292457231925365,1,0,0.5708546975065674,1,0,0.4595376156515203,0,0,0.30277396299304604,0,0,0.17925916679830028,0,1,0.34934710450336737,0
1590,1,0.8765011921039817,1,1,0.76074031974639,1,0,0.37958641888205874,0,1,0.3260442644653723,0,0,0.3828155868258713,0,1,0.6982390848303315,1
1591,1,0.8934943690762139,1,1,0.9735714044447091,1,0,0.09281098474557174,0,0,0.22377851849748534,0,0,0.11635800287864496,0,0,0.08332113241256008,0
1592,1,0.8551487435776486,1,0,0.2823354878644171,0,1,0.9097291492412913,1,1,0.6222457374948616,1,0,0.2936213758759714,0,0,0.17610715937772062,0
1593,0,0.5617482384218637,1,0,0.4229628502729129,0,0,0.3020830335397089,0,0,0.29062977354413844,0,0,0.8331143319491817,1,0,0.28483322440736764,0
1594,0,0.6361588703871293,1,0,0.24244307248168495,0,0,0.20729039345931718,0,0,0.2941738412298087,0,0,0.15543432774236957,0,1,0.8562738083723104,1
1595,0,0.24970482601670604,0,1,0.48309062018891175,1,0,0.19140913391204,0,0,0.4331641548318752,0,0,0.18361185184955497,0,0,0.11758446127630243,0
1596,0,0.6617839867908699,1,0,0.14804689269815677,0,0,0.254871626344516,0,0,0.36377907255493985,0,0,0.17103691555322786,0,1,0.4439067322915833,1
1597,1,0.8889543162793486,1,0,0.20356039926830402,0,1,0.9496882752512168,1,0,0.2725632749503246,0,0,0.12352792058608228,0,0,0.1727958827491767,0
1598,0,0.16253649780798976,0,1,0.4615047965659948,1,0,0.30226309128674245,0,1,0.40118111154401104,0,0,0.16292052063407855,0,0,0.09703092385496062,0
1599,0,0.30706225757877237,0,0,0.2949936835184359,0,0,0.46221406019420214,0,0,0.2734804723158638,0,0,0.14172943662564613,0,0,0.18739180770205885,0
1600,0,0.47961868377372013,1,0,0.32249452320400124,0,1,0.8433893441268354,1,0,0.39800030052463664,0,0,0.1674006912969136,0,0,0.2630768794157476,0
1601,1,0.8293095056356512,1,1,0.9536024052211005,1,1,0.7069923816000018,1,1,0.3322070755533325,0,0,0.06627843556416049,0,0,0.43702335422874833,1
1602,0,0.8078534535043723,1,0,0.8474005241650934,1,0,0.26451370397386453,0,0,0.3338953030511666,0,0,0.271200922581262,0,0,0.3782323843633059,1
1603,1,0.6219939947301385,1,1,0.49922758218188984,1,1,0.6990540449499806,1,0,0.28703159283769714,0,0,0.19633620349825207,0,0,0.3050329466570973,0
1604,1,0.43227226353489706,1,1,0.38631027811203605,0,0,0.2944484683351383,0,0,0.24459320591691297,0,0,0.09891547106284396,0,0,0.603793446632677,1
1605,1,0.5994430157880971,1,0,0.5848456916673472,1,1,0.714675465085576,1,0,0.42184708681535665,0,0,0.26032000642576164,0,0,0.2608130668642606,0
1606,1,0.20499947780441377,0,0,0.1436012922599185,0,0,0.188761332526826,0,1,0.399610746510367,0,1,0.6135213742469535,1,0,0.36718636229738244,0
1607,0,0.4063550902517034,1,0,0.5366616938474751,1,0,0.43253607382818177,0,0,0.3167467757945661,0,0,0.11811112228681117,0,0,0.41018793718757013,1
1608,1,0.7182875769215444,1,0,0.17536954399941837,0,1,0.7821716573351027,1,0,0.44031124321525106,0,0,0.2641416634947082,0,0,0.19828651000550163,0
1609,0,0.5581191155631154,1,0,0.32705152729956116,0,0,0.424227173095356,0,0,0.6098869402298986,1,0,0.1531983684366366,0,0,0.32086189575925633,0
1610,1,0.7592083720927998,1,0,0.3204287128924834,0,0,0.5937696439002564,1,1,0.24778337170012366,0,0,0.6763070066135783,1,1,0.503302250760393,1
1611,1,0.49306942251187585,1,0,0.31340067556897117,0,1,0.861501573305924,1,0,0.24420665464186492,0,0,0.28628042621972943,0,0,0.3466934257082739,0
1612,0,0.6944382472707972,1,1,0.48681367589774643,1,1,0.7618516196231749,1,0,0.39262170531661883,0,0,0.1493263328561117,0,0,0.3575025058624382,0
1613,1,0.4232049577006262,1,0,0.17929244975372058,0,0,0.2359981786369778,0,1,0.3305948570467314,0,0,0.22067939762223515,0,1,0.3232221164613851,0
1614,1,0.7461397945469694,1,0,0.40047630179763766,0,1,0.7697263065105274,1,0,0.35751878908393214,0,0,0.2878716519185316,0,1,0.3944111474821352,1
1615,0,0.32347117887548216,0,0,0.21536717562693242,0,0,0.328951641725424,0,0,0.27992714509421496,0,0,0.2394830030602482,0,0,0.17385523062728986,0
1616,1,0.4789752365910665,1,0,0.25919324956327094,0,1,0.8160941713645865,1,0,0.39047028559458524,0,0,0.10889292221613489,0,0,0.28162947982739545,0
1617,1,0.6122642738733219,1,0,0.24972899160723008,0,0,0.3178548195628873,0,0,0.490687131254692,1,0,0.2583036817212312,0,0,0.44982193186710345,1
1618,0,0.552234339628519,1,0,0.4755021760115158,1,0,0.597256452730008,1,0,0.20521686807073214,0,0,0.2019221064970752,0,0,0.25497231852975405,0
1619,1,0.327441229270005,0,0,0.3214539657445054,0,1,0.8452254015596713,1,0,0.3425116926423897,0,0,0.1904157807464168,0,0,0.25401667616457557,0
1620,0,0.5791870047433393,1,0,0.33190307329866625,0,0,0.3122006169104585,0,0,0.3600423008397565,0,1,0.5895049791745458,1,0,0.3499698838444361,0
1621,0,0.2200198653959414,0,1,0.31916389232355385,0,0,0.1218428620287628,0,1,0.3738055485329633,0,0,0.1985414227822304,0,0,0.15137056266742957,0
1622,1,0.7744574264864844,1,0,0.27130910749576725,0,0,0.18068575963549005,0,0,0.315022769505853,0,1,0.9298623310904861,1,1,0.3675850126202869,0
1623,0,0.6216569342678661,1,1,0.6913516488912863,1,1,0.6012956634367376,1,0,0.2507852479884434,0,0,0.24308026554647594,0,0,0.3736805821061551,1
1624,1,0.3176139898361572,0,0,0.2462775615947643,0,0,0.20655301811901555,0,1,0.7662768281158813,1,0,0.20964583483558488,0,0,0.2618294813843021,0
1625,0,0.5469518809865797,1,0,0.28814513858708335,0,0,0.41100250695422724,0,0,0.19085380623361237,0,0,0.19825395201993046,0,0,0.5570069307074766,1
1626,0,0.6453117924413507,1,0,0.6327331617140466,1,0,0.6186787608677309,1,0,0.23155572721749745,0,0,0.20444054815335844,0,0,0.15916309926827624,0
1627,0,0.46769797748173386,1,0,0.5692087620449799,1,0,0.3249949347639352,0,0,0.4633486601654822,1,0,0.12165748253272696,0,0,0.3741808936482529,1
1628,0,0.6770118166098792,1,0,0.5105154771177406,1,0,0.6405504766357848,1,0,0.42746419232313854,0,0,0.08426217122734139,0,0,0.6426917991344289,1
1629,1,0.18662528810538795,0,0,0.24698369652783575,0,0,0.12619551974116003,0,0,0.21441385244429673,0,0,0.8570013755539614,1,0,0.06520564372903878,0
1630,1,0.4835218464848079,1,0,0.31182663596246574,0,1,0.6085832798592965,1,0,0.2954451513691103,0,0,0.29106221692328677,0,1,0.7368018359925647,1
1631,0,0.35443349091468573,0,0,0.42081556625346156,0,1,0.8425432547789633,1,0,0.4707658483923354,1,0,0.1738377466981472,0,0,0.14379949427129335,0
1632,0,0.5538430109875716,1,0,0.6453178035106747,1,0,0.42949467367580846,0,0,0.16282048579337943,0,0,0.11320018186937858,0,0,0.25100542468253656,0
1633,0,0.34563081106005544,0,0,0.4300226869718648,0,0,0.2156739718110197,0,0,0.2839340016333942,0,1,0.3811408060967468,0,0,0.19450136252894895,0
1634,1,0.4603569544949958,1,0,0.33792198902379955,0,0,0.1666017425330474,0,1,0.7378698860234796,1,0,0.14805305354878046,0,0,0.5003674025643896,1
1635,0,0.344780045957421,0,0,0.27339646000834383,0,0,0.25644304368270865,0,0,0.5001961139485119,1,0,0.5937774714839841,1,0,0.26371936092810994,0
1636,1,0.6317970299088757,1,1,0.18497654648496908,0,1,0.8522534182099368,1,1,0.10736024782311705,0,0,0.11178171689854444,0,0,0.38720066105361695,1
1637,1,0.5598811814131637,1,0,0.19961944678204108,0,0,0.6344370261377406,1,1,0.2368766655103374,0,0,0.1757307221246129,0,0,0.6421330785227403,1
1638,1,0.4954777493661719,1,0,0.3355848319569265,0,1,0.43909042063579656,0,0,0.2328664217986939,0,0,0.19295308358424276,0,0,0.35667035540979913,0
1639,0,0.17441274306863902,0,0,0.54868062477843,1,0,0.15855567939129342,0,0,0.258321808307228,0,0,0.15457025526884438,0,0,0.09786458142741687,0
1640,1,0.8270158628588168,1,0,0.16016627890805715,0,0,0.25705035615413196,0,0,0.3700459544758946,0,1,0.9847644641927491,1,0,0.13684433848299923,0
1641,0,0.7175605861342302,1,0,0.20617694433322678,0,0,0.10839219863335593,0,0,0.7824104646719449,1,0,0.10524116667751908,0,0,0.2648778208671189,0
1642,0,0.27047021098639756,0,0,0.10393818470827054,0,0,0.2087978886176708,0,0,0.2436412357054416,0,0,0.10484017057905855,0,0,0.09165784522717037,0
1643,1,0.619235102450652,1,0,0.32620062693440743,0,0,0.44167238379354135,0,0,0.5042738670757094,1,0,0.1519838135302658,0,1,0.7372022232301216,1
1644,1,0.8359156361069958,1,0,0.4277875542606941,0,1,0.9798311029392617,1,0,0.27472961989848926,0,0,0.14195258252090828,0,0,0.22960343962577323,0
1645,1,0.6259127603652755,1,0,0.3283464111557729,0,1,0.8228853914642427,1,0,0.2758784781547321,0,0,0.31225640895297313,0,0,0.1161064366370298,0
1646,1,0.6985231508827805,1,0,0.14788557052229653,0,0,0.10480546938762472,0,0,0.8272761320148503,1,1,0.3535085743208225,0,0,0.3337468796658518,0
1647,1,0.6358704344733983,1,0,0.3132554603810748,0,0,0.06963658560909844,0,0,0.3393124666832139,0,0,0.11357232881237814,0,0,0.6575796785976802,1
1648,0,0.09432710227017241,0,0,0.3181687724093125,0,0,0.18135010914420396,0,0,0.2377859397988637,0,0,0.47387494125030577,1,0,0.1628551556897411,0
1649,1,0.36452186741102083,0,1,0.6362215253891379,1,0,0.3433975222215585,0,1,0.5343319436504735,1,0,0.19932540084760536,0,0,0.34600003137078766,0
1650,0,0.3965503506845711,1,0,0.456323372156237,1,0,0.26010597542939107,0,0,0.1031769527543804,0,0,0.21105954568124952,0,0,0.31664251788157727,0
1651,0,0.6352953482402103,1,0,0.3073110646502689,0,1,0.8244643067805202,1,0,0.2552652403521902,0,0,0.21886159919532305,0,0,0.30178311131897534,0
1652,1,0.3359275216497651,0,1,0.2880523919001261,0,0,0.13334093430097882,0,0,0.24861640729869686,0,1,0.6886390556316783,1,0,0.27471031279358554,0
1653,0,0.4541651212331141,1,0,0.4814870744255862,1,0,0.3326877940040844,0,0,0.19417821734438853,0,0,0.18083554842135482,0,0,0.3220224703746159,0
1654,1,0.9136940987165783,1,1,0.8876158955586264,1,0,0.3583111330580664,0,0,0.32181575936189366,0,0,0.23366273769892584,0,0,0.26235705754623967,0
1655,1,0.2671966535967666,0,1,0.5199826831946477,1,0,0.1816986088319256,0,0,0.21870582864300497,0,0,0.08081593683825075,0,0,0.23514698920912389,0
1656,1,0.7605586884743853,1,1,0.9117010447315325,1,1,0.4197770736264553,0,0,0.18897595737038544,0,0,0.1361716379597656,0,0,0.15234417182909202,0
1657,1,0.47477724043606534,1,0,0.3862936093240725,0,0,0.2086407127062125,0,0,0.2908766570387406,0,0,0.09351301161207042,0,1,0.5829583502384863,1
1658,0,0.6063595435963123,1,0,0.19128590098972567,0,0,0.7271222918672664,1,0,0.2745914855716009,0,0,0.1640636082043484,0,0,0.6301134346511926,1
1659,0,0.25609666014087545,0,0,0.7257827414463507,1,0,0.11942344316957093,0,0,0.21626745225271835,0,0,0.19032525067201314,0,0,0.2375152784867771,0
1660,1,0.37756643798620615,0,1,0.5094613667723659,1,1,0.6197766679392167,1,0,0.29048047579592806,0,0,0.10135623593691716,0,0,0.264607084826647,0
1661,1,0.7096237482927575,1,0,0.08830188133971414,0,0,0.12138911168029154,0,0,0.37237283294677126,0,0,0.26941328893455085,0,1,0.8812562797885207,1
1662,1,0.7482245015126975,1,0,0.2436592018788318,0,1,0.8223346826690497,1,0,0.32880173412199465,0,0,0.1894629799485567,0,0,0.29032054597018253,0
1663,0,0.21540697070079676,0,0,0.3162558578563625,0,0,0.17123880198204658,0,0,0.3676832881943581,0,0,0.3179128639972322,0,0,0.14996884460187968,0
1664,0,0.49342227701637004,1,0,0.2012331631266293,0,0,0.2291571410785022,0,0,0.41931323637643136,0,0,0.17442309119665786,0,0,0.6368683199446098,1
1665,1,0.6933029517540418,1,1,0.7988280287960695,1,1,0.3551417048361773,0,0,0.4435271206174565,0,0,0.11973205147259947,0,0,0.2807008493557488,0
1666,0,0.4232413639069869,1,0,0.30481101827324014,0,0,0.18461675271417446,0,0,0.2146170468913812,0,1,0.7624267210727976,1,0,0.14741131075592753,0
1667,0,0.3650069389446159,0,0,0.18280035199404027,0,0,0.2874904867065029,0,1,0.3077254031641362,0,0,0.176454618453254,0,1,0.3830162543938491,1
1668,0,0.4140162301870539,1,0,0.3412637009585743,0,0,0.5778053495310965,1,0,0.42605594267976965,0,0,0.22942049052710223,0,0,0.3240649875896813,0
1669,0,0.40017949601198494,1,0,0.36369955019757133,0,0,0.3411201553489205,0,0,0.23669106210650798,0,0,0.19244816556504957,0,0,0.338110441375328,0
1670,0,0.338914401954606,0,0,0.30695498629688556,0,0,0.2593855452977561,0,0,0.16571162221654728,0,0,0.09978646753759782,0,0,0.33985598084225804,0
1671,1,0.4887425296828472,1,1,0.48816779090125423,1,0,0.7141384098626159,1,0,0.33672091921661734,0,0,0.09846911803751915,0,1,0.3265717053587623,0
1672,1,0.43445632976086546,1,0,0.2263668314888511,0,0,0.5851472511873366,1,1,0.1943556166961555,0,1,0.6602452182253371,1,0,0.2607721144413715,0
1673,1,0.8865955633076903,1,1,0.9261629747048635,1,0,0.22610513039763366,0,0,0.23108211643718016,0,0,0.32528163581299174,0,0,0.6098339089867281,1
1674,1,0.34628305473115517,0,0,0.14053032780570607,0,0,0.16018590329491406,0,0,0.2611564734074052,0,0,0.1495928724131492,0,0,0.24278850979584346,0
1675,1,0.5183211940032385,1,1,0.7448789505976379,1,0,0.23424767204964203,0,0,0.47300404883540825,1,0,0.17754361348099626,0,0,0.22126547139763017,0
1676,1,0.4035381639910472,1,1,0.5164184415805559,1,0,0.15266993885729102,0,1,0.6355765708375155,1,0,0.1797412197443652,0,0,0.2093613307534723,0
1677,1,0.5700857203638932,1,1,0.6921132217237237,1,1,0.5655068963202947,1,0,0.44317240042228323,0,0,0.10633008870181823,0,0,0.5179196692493631,1
1678,0,0.4081092818065987,1,0,0.10593289008775258,0,0,0.09547620317499979,0,0,0.15762261566116956,0,0,0.06565783036253332,0,0,0.11674356432687763,0
1679,0,0.5682585581105296,1,0,0.28275960928098404,0,0,0.8741850897259212,1,0,0.440587685246364,0,0,0.10376137502676921,0,0,0.27024816444802685,0
1680,1,0.8897023902540796,1,0,0.2344430457346402,0,0,0.18088411774235996,0,0,0.5791899535415275,1,1,0.9874328301594104,1,0,0.09261870852842755,0
1681,1,0.602491616791133,1,0,0.3170060338410966,0,0,0.3957239893614908,0,0,0.3596867241066264,0,0,0.3232025593880476,0,0,0.5440182846868373,1
1682,1,0.5149607472840906,1,1,0.5757885238323276,1,0,0.531285620267051,1,0,0.29853968897606126,0,0,0.28921778044994567,0,0,0.44846623091538323,1
1683,1,0.8151337092366013,1,0,0.4436182349597626,1,1,0.7683438293071072,1,0,0.23749667601502744,0,0,0.26319460332672423,0,0,0.2553002875141122,0
1684,0,0.5457820399706248,1,0,0.21486240115783328,0,0,0.3249921166100491,0,0,0.24727178976086295,0,0,0.7087886364012698,1,0,0.19915977914843933,0
1685,0,0.4661640382594179,1,0,0.32387378412762446,0,0,0.22594298958886921,0,0,0.14495647415428545,0,0,0.16515887979130267,0,0,0.46390516154705785,1
1686,0,0.26147600821949213,0,1,0.5115597559415772,1,1,0.1117808549582757,0,0,0.28860019357165406,0,0,0.1768167957209882,0,1,0.4173330022843185,1
1687,0,0.5803495321151961,1,0,0.31950209257255435,0,0,0.31505079529147495,0,0,0.4130417260590976,0,0,0.2715057794973,0,0,0.2665766808063693,0
1688,1,0.9518488419551419,1,0,0.3091747762548165,0,1,0.9985877432123427,1,0,0.5838593349556788,1,0,0.1093217145509056,0,0,0.15844706144572346,0
1689,1,0.8038197981442178,1,0,0.4914135712623021,1,0,0.12030407516629249,0,0,0.8149950018915703,1,0,0.4289174117633383,0,1,0.5145663473990539,1
1690,1,0.44323596321910264,1,1,0.3712087773950444,0,0,0.25677509505083196,0,0,0.3828725334055411,0,0,0.09547422915740185,0,0,0.22221651729767852,0
1691,1,0.6933297926904747,1,1,0.5621656488028942,1,0,0.548112870329277,1,0,0.37842955149288054,0,0,0.22706050709914138,0,0,0.33902051708677916,0
1692,1,0.6872038893066956,1,1,0.4272387862437813,0,1,0.728152855184448,1,0,0.33713933502817667,0,0,0.12589116478035156,0,0,0.28783128336333835,0
1693,1,0.34104823739932366,0,0,0.6725727566067321,1,0,0.22254102093266484,0,1,0.4852087870310721,1,0,0.13424846573341875,0,0,0.15484723296850064,0
1694,1,0.5604701798547942,1,0,0.21108416001786848,0,0,0.19617663640816904,0,1,0.5375381740651848,1,0,0.08372343457149833,0,0,0.08730494152071705,0
1695,0,0.5763580450592966,1,0,0.2654162789948919,0,0,0.23279577437671928,0,0,0.8801976039622325,1,0,0.3379528875459037,0,0,0.45080381216463755,1
1696,0,0.4662291382131489,1,0,0.24569295860540372,0,0,0.0899213905594815,0,0,0.20953143676559824,0,0,0.155935472586499,0,0,0.1582178774028523,0
1697,0,0.4688933340041539,1,0,0.24400276910467242,0,0,0.26772063054924017,0,0,0.2592842074515874,0,0,0.4260425897544471,0,0,0.40108027540228425,1
1698,1,0.342740211003307,0,0,0.12450038977697526,0,0,0.1111051002841968,0,1,0.31164189999308806,0,0,0.4908124153837415,1,0,0.16739411347022853,0
1699,1,0.4091291716456944,1,1,0.5592911162195945,1,1,0.3207663674292272,0,0,0.24068487959296792,0,0,0.08893371937038026,0,1,0.23569260326944744,0
1700,0,0.6124655220012307,1,0,0.4694798339853765,1,0,0.35803693698092526,0,0,0.13790322520643333,0,0,0.2269476405920763,0,0,0.41167502663843586,1
1701,1,0.33473873694517814,0,0,0.31846939670267815,0,0,0.07341498513441523,0,0,0.26190298205903983,0,0,0.1870636370757107,0,0,0.13539179188890732,0
1702,1,0.3689859192627133,0,0,0.21907306824446504,0,1,0.5495436954383681,1,1,0.39404910975118457,0,0,0.26986868926200214,0,0,0.18497656580469662,0
1703,1,0.360790852893272,0,0,0.2848028078467913,0,1,0.15349303125797958,0,0,0.2972402607678911,0,0,0.2562008341561317,0,1,0.4352342141407427,1
1704,1,0.5293673640292745,1,1,0.6003910214727609,1,0,0.29683988333289635,0,0,0.2966810360656132,0,0,0.1455074821026979,0,0,0.34318051884685186,0
1705,1,0.39002099426301085,1,1,0.4247400414955229,0,0,0.1437227203764199,0,0,0.1884128480567054,0,0,0.15620943706043547,0,0,0.16571779079008045,0
1706,1,0.5055472108195231,1,0,0.271993282292915,0,1,0.5153744937740583,1,0,0.3420455217237675,0,0,0.23917566242168675,0,0,0.4102550043306078,1
1707,1,0.6390028366865576,1,1,0.43657191747394414,0,1,0.7040487458238668,1,0,0.36194049581193843,0,0,0.15760894711896178,0,1,0.25486962479808567,0
1708,1,0.5557908252219106,1,0,0.21937762463904156,0,0,0.2719071756411462,0,0,0.49689330223887884,1,1,0.9344928128976124,1,0,0.21037632235471646,0
1709,1,0.5390843926622014,1,0,0.20402189659308795,0,0,0.1616079397195034,0,1,0.6063746178363176,1,0,0.12839482750763942,0,0,0.225090501191814,0
1710,1,0.3536683423044159,0,0,0.5775426143165201,1,0,0.145604317054992,0,0,0.22374917901190433,0,0,0.21731502718720858,0,1,0.18676608546751639,0
1711,1,0.6421593553007899,1,0,0.5168731621680037,1,1,0.4910470683048248,1,0,0.21380662787164517,0,0,0.2708432506846638,0,0,0.3877594474202761,1
1712,0,0.5327520198562814,1,0,0.412402948869957,0,0,0.27719299141585413,0,1,0.8922998353382064,1,0,0.20792647251557186,0,1,0.35255193152137604,0
1713,0,0.3920361275889718,1,1,0.9276213213175719,1,0,0.2314230956511917,0,0,0.301723486796198,0,0,0.09748546323497595,0,0,0.16863341173418533,0
1714,1,0.5758074610589528,1,1,0.40413602705459545,0,1,0.5155703211189561,1,0,0.39584786259017907,0,0,0.17637329766469526,0,1,0.43903526326441444,1
1715,0,0.468746021562626,1,1,0.7715672045986881,1,0,0.214484321383845,0,0,0.3235257180837416,0,0,0.1711908118229199,0,0,0.17061825873779402,0
1716,0,0.5275463524850175,1,0,0.2041898428049648,0,0,0.32569307912621176,0,0,0.14427795237447275,0,1,0.4622193268899677,1,0,0.2138836018857862,0
1717,0,0.20708204618200718,0,0,0.33092397203389745,0,0,0.23956564889462106,0,0,0.35768505362871744,0,0,0.1474837061884894,0,0,0.17090062718223553,0
1718,1,0.5878634360934567,1,0,0.528589310315345,1,0,0.4699319922618701,0,0,0.1528318799919531,0,0,0.13091017834188642,0,0,0.4394889007985939,1
1719,0,0.4549762116466983,1,0,0.5136841379738092,1,0,0.09918604144754659,0,0,0.7969471133024376,1,0,0.09555936781515895,0,0,0.12157506494473465,0
1720,0,0.23153892813862534,0,0,0.5105547866590607,1,0,0.28337487559635477,0,0,0.2008053275628851,0,0,0.12169059064955225,0,0,0.179370572287784,0
1721,1,0.5674088824319549,1,1,0.4342055541549305,0,0,0.2999483169893636,0,0,0.3347140778359209,0,0,0.14433487425612143,0,0,0.33799648458304626,0
1722,1,0.5149300673942374,1,1,0.35334467961547544,0,1,0.6069823570247398,1,0,0.3065935643744704,0,0,0.14357514161423726,0,0,0.3013475717689453,0
1723,1,0.6699356120882236,1,0,0.37091724375983975,0,0,0.25252778855746205,0,1,0.82317533818039,1,0,0.13470087581728002,0,0,0.25383298884896055,0
1724,1,0.45849874288535214,1,0,0.21024333911814455,0,0,0.16406951270887024,0,1,0.45777708694273767,1,0,0.2955863793488388,0,0,0.21952046885923698,0
1725,0,0.5713691387729091,1,0,0.16702021117082805,0,0,0.2364268528047968,0,0,0.8714495367226655,1,0,0.314580196304936,0,0,0.13231833186346442,0
1726,1,0.5996421855988786,1,1,0.5654867281737538,1,1,0.6944617854088029,1,0,0.17384415312682908,0,0,0.142345674102322,0,0,0.3472008978449955,0
1727,0,0.3748756360341805,0,0,0.4062549213587063,0,0,0.14330781186920302,0,0,0.11098745484337255,0,0,0.8227602312732931,1,0,0.36386832999458096,0
1728,1,0.33296895405847754,0,0,0.2798871175090827,0,1,0.3863152660252101,0,0,0.22911547870817356,0,0,0.1653617845675638,0,0,0.29550118190013447,0
1729,1,0.9169975161233038,1,1,0.9444755928087408,1,0,0.21610283557882,0,0,0.3426854205881369,0,0,0.3824175781806074,0,0,0.4188025585398473,1
1730,1,0.5520194723581334,1,1,0.8577494979037595,1,0,0.16031651678601913,0,0,0.3234922789048188,0,0,0.12041691932347945,0,0,0.10725563639124183,0
1731,1,0.7181658805059601,1,1,0.5521631612670121,1,0,0.3099381332474525,0,0,0.3375080630496953,0,0,0.38260229091994663,0,1,0.3889874695907523,1
1732,1,0.5981195817069433,1,1,0.6413409055318388,1,0,0.18528613499423752,0,0,0.5282826445142849,1,0,0.4509282091363954,1,0,0.14622454670537963,0
1733,0,0.38401741411646273,1,0,0.2736102975432414,0,0,0.2413808604211331,0,0,0.3564178665642035,0,0,0.21367532939738987,0,0,0.23709508175975857,0
1734,1,0.5055273631504242,1,0,0.4615544731771568,1,1,0.8104369745234188,1,0,0.3947735012098499,0,0,0.16414780248227276,0,0,0.2615354680702366,0
1735,1,0.7288844026101853,1,0,0.5546833584338124,1,1,0.3721129345431606,0,0,0.5158445260204974,1,0,0.15012255270972377,0,0,0.4640795382508227,1
1736,1,0.6990383876043865,1,0,0.2688663798098021,0,0,0.23476828650332954,0,0,0.514484314070519,1,1,0.801077145483428,1,0,0.32648792435950574,0
1737,1,0.2915181242443892,0,0,0.31673062061112844,0,0,0.39999068126415344,0,1,0.46444328935718304,1,0,0.25440852750871695,0,0,0.12282331209431277,0
1738,0,0.3690906567126086,0,0,0.2790066612051934,0,0,0.3368760270310424,0,0,0.5807359003466759,1,0,0.18069386848345295,0,0,0.2684643822192725,0
1739,1,0.4051894134756988,1,1,0.341372882686128,0,0,0.2700283028583684,0,1,0.5191969376110876,1,0,0.1555560496226445,0,0,0.2298270777003066,0
1740,1,0.6745501494657835,1,0,0.38845401624623005,0,0,0.25583577741414765,0,0,0.4170220401379488,0,0,0.18275425114658775,0,1,0.4487925492811497,1
1741,1,0.4584953975565871,1,1,0.8118777410739533,1,0,0.04243388295129654,0,0,0.28822009669588344,0,0,0.04818985589500106,0,0,0.7052675225910015,1
1742,1,0.4913489267927918,1,0,0.33301231668777354,0,1,0.8050698992740681,1,0,0.18201270440650696,0,0,0.15576549753822017,0,0,0.24191908616096322,0
1743,0,0.4037705437051537,1,0,0.5109728171553257,1,0,0.28422224552938813,0,0,0.2959455061132187,0,0,0.1361292721510525,0,0,0.10881613280486511,0
1744,0,0.3335906237273881,0,1,0.5603003842517578,1,0,0.19295484412940397,0,1,0.24303236271225723,0,0,0.14506620847052248,0,0,0.12183835720408621,0
1745,1,0.38776672051540934,1,1,0.6025855317718584,1,0,0.2650469263937893,0,1,0.6697900330794394,1,0,0.13281998893235522,0,0,0.2921862871660413,0
1746,1,0.4916668948906931,1,0,0.22490587755378913,0,0,0.25794689206521587,0,0,0.28867777165576197,0,0,0.21217782686295877,0,1,0.7708113528163698,1
1747,1,0.49443090616196467,1,1,0.16961176805240386,0,1,0.5612515200283478,1,1,0.1717852751167577,0,0,0.13493884826507516,0,0,0.19970562012449994,0
1748,1,0.4986046538074079,1,0,0.21718542414480274,0,0,0.18449112695817677,0,1,0.4555729477155708,1,1,0.8769131235069152,1,0,0.14693503721430812,0
1749,1,0.7239619900724049,1,0,0.3216674876895797,0,0,0.1968451840202897,0,0,0.5071901779811739,1,0,0.14320365652742842,0,0,0.6015200948342307,1
1750,1,0.23767387002338042,0,0,0.16897100228358947,0,0,0.13367143539204304,0,1,0.5123151226847545,1,0,0.09539739237853834,0,0,0.11730671136681113,0
1751,1,0.5703018341880528,1,0,0.32520623794959963,0,0,0.33813708212120275,0,0,0.30485949147844854,0,0,0.22504187092200614,0,0,0.4559647936189887,1
1752,1,0.6523996642417287,1,1,0.48811861055638994,1,1,0.8417105029303391,1,1,0.2374734971001307,0,0,0.21598205803274942,0,1,0.5002381333949956,1
1753,0,0.5744682342850111,1,0,0.29774429011317294,0,1,0.6968289203611756,1,0,0.2973406088906214,0,0,0.20512217192630725,0,0,0.4766409666914827,1
1754,0,0.403640907918797,1,0,0.6423215722014982,1,0,0.22469650232079882,0,0,0.4899757845418234,1,0,0.4615549569684319,1,0,0.2056991608681994,0
1755,1,0.8915607969206908,1,1,0.9541673840756426,1,0,0.7974894353094187,1,0,0.21679284067768573,0,0,0.12762929429345984,0,0,0.15629669280700434,0
1756,1,0.6356099950349029,1,0,0.249621933882215,0,0,0.2395650946412966,0,1,0.3436880601098007,0,0,0.2399363906344,0,1,0.5072270209498643,1
1757,0,0.5036696645143145,1,0,0.5072777397533736,1,0,0.31794454603702105,0,0,0.3470188418869366,0,0,0.3113982194636807,0,0,0.18929734435581738,0
1758,1,0.9599561646427371,1,0,0.17304144068074595,0,1,0.8747535863139527,1,0,0.2580890879303043,0,1,0.9491268474803318,1,0,0.11337161176736513,0
1759,1,0.6229591413292416,1,1,0.6574878866017467,1,0,0.23340618757446627,0,0,0.15024906458469411,0,0,0.1041086043743432,0,0,0.651447793768136,1
1760,0,0.576397729914333,1,0,0.2970679177070137,0,0,0.30975255593885387,0,0,0.35072432937900994,0,0,0.23363335399694507,0,0,0.5936619071069185,1
1761,1,0.9231500880038535,1,1,0.930853609522399,1,0,0.18147167244670812,0,1,0.6903887628056037,1,0,0.1645971175064315,0,0,0.4043375488338614,1
1762,1,0.5318685291441746,1,1,0.7150247565235469,1,0,0.21403798861169235,0,0,0.4848751428417237,1,0,0.26197907562753014,0,0,0.4096309805750232,1
1763,1,0.6253634045721693,1,0,0.3066154408211225,0,1,0.4921043099089919,1,0,0.37013983892236835,0,0,0.22353077273034014,0,0,0.3458012315494567,0
1764,1,0.39070755765185583,1,0,0.26096700160400915,0,0,0.2507712647169467,0,0,0.38462485879353353,0,1,0.2732177011681699,0,0,0.2840693430511688,0
1765,1,0.6005554876922847,1,0,0.4303237659370235,0,0,0.28128402591372803,0,1,0.6172184875072424,1,1,0.7118426845392978,1,0,0.161678950179559,0
1766,1,0.337262192903938,0,1,0.5415081064037766,1,0,0.10709564208548386,0,1,0.8708321143954848,1,0,0.21447269710738268,0,0,0.10706259603577654,0
1767,0,0.7726739050214169,1,0,0.44884305483655534,1,1,0.7047166899292192,1,0,0.3237920254849208,0,0,0.2792859442274142,0,0,0.3853432285896047,1
1768,1,0.7068314955523697,1,1,0.8453161052625816,1,0,0.22214798291053808,0,0,0.29284967545512913,0,0,0.18026741942939742,0,1,0.1708119233145319,0
1769,0,0.4677513794789809,1,0,0.3669720810182492,0,0,0.4789243455939359,0,0,0.3147626832424193,0,0,0.08742950711063321,0,0,0.3395340434275965,0
1770,1,0.692676379231781,1,0,0.14499730590815196,0,0,0.23875195862386234,0,1,0.28234177271046734,0,1,0.07181453181758894,0,0,0.7261758691552148,1
1771,1,0.5746805932512646,1,0,0.18535563173086128,0,1,0.7137197841945218,1,1,0.6889490746423053,1,0,0.25395335222811016,0,0,0.1412083557359003,0
1772,1,0.5045503422279844,1,0,0.30342814262960216,0,1,0.4908062670918514,1,1,0.517852736075211,1,0,0.1939572468809422,0,0,0.27072478033005254,0
1773,0,0.26055934990602364,0,0,0.48182719093364246,1,0,0.18860412721203457,0,0,0.5008883254087547,1,0,0.27060809515853423,0,0,0.14415829700487398,0
1774,1,0.8074391492591461,1,0,0.33094268187603154,0,1,0.9796914286881194,1,0,0.21232483964023657,0,0,0.13829807105999634,0,1,0.2243288264954092,0
1775,1,0.32978285300580706,0,0,0.6191044627619434,1,1,0.6707059924722304,1,0,0.13111339041679254,0,0,0.1258011097978915,0,0,0.0911551300325654,0
1776,1,0.9863630677606974,1,1,0.9817786418291767,1,0,0.0688158637994081,0,1,0.7639815772914302,1,0,0.08809339880877652,0,0,0.22733719235549013,0
1777,0,0.4470009122652175,1,0,0.24618822417603944,0,0,0.38982154243962536,0,1,0.2109265959005804,0,0,0.15518928329088877,0,0,0.5343918427192856,1
1778,1,0.8078713041816548,1,1,0.8678169159765223,1,0,0.09524127088398938,0,0,0.5706430099694133,1,0,0.22958205458358347,0,0,0.2297341397054309,0
1779,1,0.5418054615615788,1,1,0.7713448334189524,1,1,0.35840899458286607,0,0,0.20319371386423096,0,0,0.20554792321646104,0,0,0.39571940409001777,1
1780,0,0.39720223276445354,1,1,0.28199102543054533,0,0,0.19811281474741088,0,1,0.30685776672872117,0,0,0.29743419127180815,0,0,0.2566824459112746,0
1781,1,0.5780343067642764,1,0,0.3873853714243469,0,0,0.29669148937315604,0,0,0.4212430557551978,0,0,0.09984337939759567,0,1,0.3963786738923932,1
1782,0,0.6545679035437901,1,0,0.730836368750906,1,0,0.42795784450773444,0,0,0.26564218924555016,0,0,0.17001860513145087,0,0,0.3849103071244079,1
1783,1,0.3767617518343389,0,1,0.4083624430318315,0,0,0.1004849162463654,0,1,0.5198782785710213,1,0,0.06906685629204665,0,0,0.31861771375544923,0
1784,1,0.8086586943105531,1,0,0.2444373208067911,0,0,0.28444518920383777,0,0,0.19080447757755037,0,0,0.17560432972117657,0,1,0.48319044036482584,1
1785,1,0.6831300218054389,1,1,0.60334292541677,1,0,0.28419384762001293,0,0,0.17624387960101193,0,0,0.14398164018512044,0,0,0.257124800924536,0
1786,0,0.4104132428115029,1,0,0.7936400593527251,1,0,0.16346549274787406,0,0,0.2286042504186998,0,0,0.13641470258692923,0,0,0.3777920388905134,1
1787,1,0.7156696682661944,1,0,0.3882793372949338,0,1,0.9704317343310427,1,0,0.34366045146925833,0,0,0.19069776280936798,0,0,0.14604729542972322,0
1788,0,0.5645492388044578,1,0,0.41378049187281646,0,0,0.1685125763235382,0,0,0.2448362428914967,0,0,0.16002490480305157,0,0,0.21274593933369365,0
1789,1,0.4624235102665393,1,0,0.24006349790349762,0,0,0.37031970768462064,0,1,0.5708531469152484,1,0,0.2136175859304073,0,0,0.2049887379508842,0
1790,0,0.6318308287374763,1,0,0.3796499731884336,0,0,0.25184784922789705,0,0,0.6069329251291005,1,0,0.13195201627412964,0,1,0.9738014354210953,1
1791,0,0.3695338409213815,0,0,0.38645392740455803,0,0,0.31962161368603914,0,0,0.28143140478011397,0,0,0.1886290219430077,0,0,0.18059561558010256,0
1792,1,0.8257067263684075,1,1,0.9070123383189936,1,0,0.4925800515257946,1,0,0.39365276137350824,0,0,0.23190374862120178,0,0,0.20325926794819132,0
1793,0,0.5503145278704858,1,0,0.16975662077706258,0,0,0.12413632122137877,0,0,0.6039289020662452,1,0,0.12893012411358223,0,0,0.22904556180985766,0
1794,0,0.6070495360416901,1,1,0.7457070286741259,1,1,0.6000538770712857,1,0,0.29897082500204547,0,0,0.06171966428831395,0,0,0.35023197113491467,0
1795,1,0.525153160849629,1,0,0.39554857768648677,0,0,0.1342429600814578,0,0,0.4581318789486902,1,1,0.5836550177474296,1,0,0.24012033440053102,0
1796,1,0.564394238361252,1,0,0.26735929358792004,0,0,0.2659832112883623,0,0,0.31862071924755253,0,1,0.45025768350866097,1,1,0.5350859517130974,1
1797,1,0.6443252809184922,1,1,0.3922735097244497,0,1,0.6829959162571269,1,1,0.35696554781718914,0,0,0.10826585413154415,0,0,0.5466445241104588,1
1798,1,0.7790812771738,1,0,0.43365879604862134,0,1,0.6648244943496169,1,0,0.20188980597609574,0,0,0.17607194352417066,0,0,0.4289483521441344,1
1799,0,0.3496972243891584,0,1,0.5956420294812651,1,0,0.18128238763683335,0,0,0.36210364650483307,0,0,0.2655697379701785,0,0,0.13167806975410679,0
1800,0,0.44190355605267523,1,0,0.43180944295709683,0,0,0.4390295655512569,0,0,0.49341724013036015,1,0,0.23637507227198382,0,0,0.3746323924022139,1
1801,0,0.7707589286824008,1,0,0.19676601264827312,0,0,0.23556345805926962,0,0,0.7091321650135122,1,1,0.8229304957197052,1,0,0.26154926320972965,0
1802,1,0.4923526764582487,1,1,0.5718262637150531,1,0,0.5519779741863603,1,0,0.2683317885835514,0,0,0.12158216595359458,0,0,0.287339541797792,0
1803,0,0.4739139190111126,1,0,0.33605251678666215,0,0,0.44082681947503644,0,0,0.3136327971576341,0,0,0.13644336943911162,0,0,0.31654636065081787,0
1804,1,0.4154402242167293,1,0,0.24338740311341753,0,0,0.27231375469043934,0,0,0.5743159604585735,1,0,0.17383598489149676,0,0,0.2757637397546247,0
1805,1,0.5555787023256338,1,0,0.12845710685581033,0,0,0.06747437518521426,0,0,0.7617627112980632,1,0,0.08941282430030723,0,0,0.40419789574749426,1
1806,1,0.621707659370046,1,0,0.1774919731255406,0,0,0.1545917437256493,0,0,0.40219784578607704,0,0,0.33970369314625415,0,0,0.5184137412371007,1
1807,0,0.5107324465855362,1,0,0.5500458011277388,1,0,0.4380163396560037,0,0,0.2106706139445588,0,0,0.17103966697905393,0,0,0.2888545177250034,0
1808,1,0.6824079952816143,1,1,0.3800372310298925,0,0,0.16735409110320315,0,0,0.5426585211996369,1,0,0.46751891722440847,1,0,0.13485270249020173,0
1809,1,0.3256569487202256,0,1,0.46986269484289916,1,0,0.18491784294808178,0,0,0.203037384370925,0,0,0.10104443332253646,0,1,0.3526191305730303,0
1810,1,0.5707482730954916,1,0,0.4389405306655059,0,1,0.5105641881615062,1,0,0.2786094899199652,0,0,0.17126089837480404,0,0,0.18409149217125637,0
1811,1,0.7662369489238532,1,0,0.413243101128928,0,1,0.6585017489404159,1,0,0.22171907632633106,0,0,0.35670601660243045,0,0,0.3285051243369982,0
1812,0,0.12442177675722217,0,0,0.42645733037147815,0,0,0.14167341321141153,0,0,0.2940546624601113,0,0,0.20713332687345387,0,0,0.17238892729912858,0
1813,0,0.22986329006207995,0,0,0.5397487669565212,1,0,0.12280192571122706,0,0,0.30613561371234854,0,0,0.1940923983302901,0,0,0.15749877736433265,0
1814,0,0.6306380886864009,1,0,0.4674526133463003,1,0,0.3731595759231632,0,0,0.18450456893354084,0,0,0.16915249130044055,0,1,0.6533008213285847,1
1815,0,0.3933645931128519,1,0,0.2831893823093513,0,0,0.22172218279738581,0,0,0.19150203758203307,0,0,0.11519299033600569,0,0,0.28077690301256253,0
1816,1,0.6798010893191666,1,1,0.8904179455825892,1,0,0.3019053865790183,0,0,0.2470505453639569,0,0,0.16963404851100297,0,0,0.17462254340257777,0
1817,1,0.8581420969796403,1,1,0.749208059127067,1,1,0.8629071623445499,1,0,0.5963012368964271,1,0,0.23051984679648815,0,0,0.416137378005331,1
1818,0,0.32651369343437864,0,0,0.27581770276833667,0,0,0.3384746523651578,0,0,0.5686315702067612,1,0,0.12058918058784203,0,0,0.5457057411053082,1
1819,0,0.3472785620193947,0,0,0.3665082336592706,0,0,0.2608385101603116,0,0,0.33062206899310204,0,0,0.16715678196736358,0,0,0.33730674103192165,0
1820,1,0.5427783753160262,1,1,0.6190442070338189,1,0,0.29621893740940003,0,0,0.4030023696796691,0,0,0.24459966420163148,0,0,0.23307387364741883,0
1821,0,0.692994063300249,1,0,0.3850661449727449,0,0,0.19553068995647346,0,1,0.7352617231577852,1,1,0.6362325393426388,1,0,0.2238422984139683,0
1822,0,0.5665245257508199,1,0,0.36676771004190084,0,0,0.35333472703921703,0,0,0.36731100097517533,0,0,0.18131944467129793,0,0,0.3966689341409115,1
1823,0,0.6340464961943443,1,0,0.16198148043189423,0,0,0.18062143958012547,0,0,0.7369325924326321,1,0,0.2189995898539015,0,1,0.3031659338669983,0
1824,1,0.6521605971851601,1,1,0.5893407482595725,1,1,0.5193631386265516,1,0,0.4836119042534894,1,0,0.1417645266977829,0,0,0.3386705831308016,0
1825,1,0.7675614228483791,1,0,0.5464238417642622,1,1,0.7971246347366635,1,0,0.5844304414271635,1,0,0.3578497885974248,0,0,0.6624134618240114,1
1826,1,0.5274382710568984,1,1,0.5995569390824228,1,0,0.1625783315365805,0,1,0.28985268575415013,0,0,0.1769990670300655,0,0,0.2033489672050046,0
1827,1,0.6102837065707323,1,0,0.4039865581875259,0,0,0.3615000576713918,0,0,0.3263161503303564,0,0,0.1543171218347666,0,1,0.42828220397364747,1
1828,1,0.6687521029842317,1,0,0.22610457459908476,0,1,0.7912240224079611,1,0,0.37709170548038307,0,0,0.09875700981739496,0,0,0.6124953695541968,1
1829,0,0.35483023164422944,0,0,0.30681639189139515,0,0,0.49474523228413003,1,0,0.26261768053661716,0,0,0.14005293599817298,0,0,0.23270190030846472,0
1830,1,0.49553660241489844,1,1,0.2618183327672935,0,0,0.4069861587713327,0,0,0.28953895958672066,0,0,0.17128466215579047,0,0,0.2836903574247449,0
1831,1,0.7067763596626777,1,1,0.7842927167917867,1,0,0.1886737901098844,0,0,0.25552099567369807,0,0,0.15727761753775474,0,0,0.2919296627885661,0
1832,1,0.9643738671227028,1,1,0.9830398786283153,1,0,0.2055807771573297,0,0,0.3281388018296503,0,1,0.39436428066782503,0,1,0.43480840886262256,1
1833,0,0.41596002217991873,1,0,0.1244558484676433,0,0,0.1207644132401646,0,0,0.3081084093537211,0,1,0.7857047725879305,1,0,0.21980422083711912,0
1834,0,0.2821122411024744,0,0,0.2046745671149402,0,0,0.23633343456269573,0,0,0.6001382319903534,1,0,0.19273503712883866,0,0,0.20175167508586878,0
1835,1,0.3814618013740556,1,1,0.3329732846938774,0,0,0.1839096652940273,0,1,0.2509072733820038,0,0,0.1467934695560204,0,0,0.5075481252050537,1
1836,0,0.5391399244564197,1,0,0.7138122692722761,1,0,0.17791777898307418,0,0,0.4310357901418553,0,0,0.4007388885902791,0,0,0.201864138352964,0
1837,0,0.49232708063379216,1,0,0.31365536968636254,0,0,0.2623771246542719,0,1,0.49077416969523774,1,0,0.12467205429623981,0,0,0.332800357398291,0
1838,1,0.3810192160191612,1,1,0.3188567927801524,0,1,0.5768871620058665,1,0,0.336600831382987,0,0,0.4572422091240136,1,0,0.3440808224869979,0
1839,1,0.5107832653224108,1,0,0.2553787392667328,0,1,0.686996758049402,1,0,0.3251175545208975,0,0,0.18782046498130148,0,1,0.6514868231300719,1
1840,0,0.42596486047548626,1,0,0.5204424270147672,1,0,0.2521053097732686,0,1,0.3895125903415567,0,0,0.2605524394790283,0,0,0.32450454206374285,0
1841,1,0.46104042939243195,1,1,0.5050866876661182,1,0,0.31454667836981587,0,0,0.30290572736659943,0,0,0.1447317733942517,0,0,0.3203379601142642,0
1842,1,0.42186757782660833,1,1,0.6579218680377948,1,0,0.16021525847468784,0,0,0.46070587357946485,1,0,0.15171561941925085,0,0,0.40597230388053657,1
1843,1,0.560714291575003,1,1,0.46908562543243,1,1,0.3515129381777376,0,1,0.37001243396150235,0,0,0.15888276356464753,0,0,0.567556083753584,1
1844,0,0.3110244495751467,0,0,0.22929163314668938,0,0,0.2962085291812978,0,0,0.3436228896743498,0,0,0.10788010558302912,0,0,0.2917845225032222,0
1845,0,0.5801910022916572,1,0,0.3125476734735311,0,0,0.3916666928450549,0,0,0.20885828413394647,0,0,0.3749102570197727,0,0,0.33289392070262136,0
1846,0,0.8466797711627843,1,0,0.8111248605756544,1,0,0.2527204963861648,0,0,0.5407273560518713,1,0,0.12123770079206257,0,0,0.6605316590498974,1
1847,1,0.7979611440900133,1,0,0.27338542021596646,0,1,0.8561659362718119,1,1,0.3272193239824564,0,0,0.2569790377683048,0,0,0.2602174646269026,0
1848,1,0.7325988662725427,1,0,0.22386894892958106,0,1,0.8137600523839225,1,0,0.2979091597334568,0,0,0.17318670780983078,0,0,0.32216003817943933,0
1849,1,0.39771764439324,1,0,0.23690629097097074,0,0,0.7868928567927531,1,0,0.3805477983764813,0,0,0.09479423260387403,0,0,0.20878532799623437,0
1850,1,0.7158812727957767,1,0,0.42431699699809616,0,1,0.9160278261789485,1,0,0.372513710258027,0,0,0.16677374170040793,0,0,0.29503375848678703,0
1851,0,0.24651946004656441,0,0,0.24928176058194035,0,0,0.10782980148690452,0,1,0.5665409133478496,1,0,0.27810714196726327,0,0,0.13004293525545166,0
1852,0,0.48588004373165417,1,1,0.4635480422490164,1,0,0.43377221493051193,0,0,0.23930346417389267,0,0,0.20821818607621623,0,0,0.3393780719793441,0
1853,0,0.6803321219637329,1,0,0.5367739609639635,1,0,0.40183122635770435,0,0,0.20924230062608878,0,0,0.24355945095906542,0,0,0.27722367270021125,0
1854,0,0.42887243919748724,1,0,0.28183547707706075,0,0,0.1651310457146016,0,0,0.21700892678289113,0,0,0.19757370389030032,0,0,0.23994514887842955,0
1855,0,0.5635438938231995,1,0,0.4602032412472626,1,1,0.5214279883138778,1,0,0.3993693791442331,0,0,0.16016054417037395,0,0,0.42767187985523664,1
1856,1,0.60861120445271,1,1,0.25554489693750077,0,1,0.2993698875197098,0,1,0.4585305645258036,1,1,0.28447459951696297,0,0,0.4055923814593475,1
1857,1,0.6355469535907892,1,0,0.21430408922482497,0,0,0.25722874799027146,0,0,0.24509075067942573,0,0,0.26324779877936594,0,1,0.6141286600530699,1
1858,0,0.3168599770183939,0,0,0.20448016472523056,0,0,0.32634972270338364,0,0,0.17280136650049424,0,0,0.12099172756648609,0,0,0.5669770449205251,1
1859,0,0.5247137363088659,1,0,0.30867129002895893,0,0,0.26672057117668174,0,0,0.3142319335191828,0,0,0.6962008055013139,1,0,0.15548826664998427,0
1860,0,0.29084370830129086,0,0,0.5058271568875561,1,0,0.15723104559872642,0,0,0.35768808528431384,0,0,0.2108978959446077,0,0,0.20080660973785608,0
1861,1,0.8307882977240942,1,1,0.6993815164526672,1,0,0.2780621888928441,0,0,0.5853725057348286,1,0,0.2100714899067185,0,0,0.2734792238939479,0
1862,1,0.3442944377198749,0,0,0.13027041359295688,0,0,0.14165156642015928,0,0,0.2947243967216147,0,0,0.16855653874222173,0,1,0.83661751242943,1
1863,0,0.7140915773507891,1,1,0.8789762590327107,1,0,0.48379302933063567,1,0,0.40614474273907003,0,0,0.14542370677587166,0,0,0.15483429020925032,0
1864,1,0.7074693715699144,1,0,0.25725518700051025,0,0,0.6625305940745849,1,1,0.27612456812586283,0,1,0.5328711763184153,1,0,0.1753348724504678,0
1865,0,0.5813021377710431,1,0,0.5140450383341252,1,0,0.33708971391064485,0,0,0.36067272043905363,0,0,0.28554315899332444,0,0,0.21922317780752346,0
1866,1,0.5198323372039353,1,1,0.7096767119033572,1,0,0.32516099605236976,0,0,0.2581123231648655,0,0,0.0969686010534327,0,0,0.3258889479691754,0
1867,1,0.3887439318011789,1,0,0.28004965568829837,0,0,0.2948637271323067,0,1,0.6706234322386444,1,1,0.5373088687870049,1,0,0.18899291222295472,0
1868,0,0.7609366333603709,1,0,0.3735413153492702,0,0,0.18623499737335697,0,1,0.7678194195452912,1,0,0.15131951790306064,0,0,0.4045991715484986,1
1869,1,0.8217527846301265,1,0,0.1512395505036292,0,1,0.6172420171878374,1,0,0.3451826195753643,0,1,0.8260790219418824,1,0,0.3123610611352167,0
1870,0,0.4076225292820806,1,0,0.29878996835961597,0,0,0.5853888499977137,1,0,0.43899557924094484,0,0,0.13382389626336147,0,1,0.6985997621996665,1
1871,1,0.43049890659214424,1,1,0.7032107369594848,1,0,0.13376009116485948,0,0,0.22353570091297106,0,0,0.19058642543135654,0,0,0.11421861568779697,0
1872,0,0.7265821676069532,1,0,0.16395931544931222,0,0,0.14994852726246974,0,0,0.9355257056890794,1,0,0.08319557776298567,0,0,0.10856644970364657,0
1873,1,0.6128979324582232,1,1,0.46061890082464224,1,1,0.3328309173251053,0,0,0.3939696221531261,0,0,0.2545609089460299,0,0,0.41119474750657276,1
1874,0,0.5999020071505285,1,0,0.4173341277858664,0,1,0.8737802049058911,1,1,0.5096991996331893,1,0,0.12689947863368378,0,0,0.34239413588917583,0
1875,1,0.43739587544802183,1,1,0.23110920524776926,0,1,0.6825195452919699,1,0,0.22587375450651836,0,0,0.11387871764300196,0,0,0.31098548624363165,0
1876,1,0.6669610585448883,1,1,0.7497262240506734,1,0,0.22776329516978464,0,0,0.4571765787538542,1,0,0.12928598135244182,0,0,0.17182356962504214,0
1877,1,0.6334067869307245,1,1,0.6568733487854861,1,1,0.8350949797876084,1,0,0.16078575607321152,0,0,0.10653139552072882,0,0,0.12781874392829837,0
1878,0,0.12518738621320205,0,0,0.07100422417225392,0,0,0.09822203989198836,0,0,0.18971087086236085,0,0,0.6766722891946383,1,0,0.1455618711842609,0
1879,1,0.9024049479651738,1,0,0.21349914624118932,0,0,0.23085158579154427,0,0,0.41139695605284443,0,1,0.970424836641645,1,0,0.5099946994176838,1
1880,1,0.668165575761069,1,1,0.5348251095666918,1,0,0.32601015755789864,0,1,0.4567644568203895,1,0,0.2472850732336528,0,0,0.41541648279720866,1
1881,1,0.5026382067634567,1,0,0.5103501585800019,1,1,0.4907948683711563,1,0,0.32001904098440376,0,0,0.14584013533079376,0,0,0.4240409256597347,1
1882,1,0.7639979471149924,1,0,0.3864857663829235,0,1,0.6606612497077702,1,1,0.22016774098807193,0,0,0.17925965460795215,0,0,0.3181779621040058,0
1883,1,0.8792919432588884,1,1,0.9775457596718966,1,1,0.7906790729734703,1,0,0.31385185316475184,0,0,0.058290120334219105,0,0,0.40902600506566783,1
1884,1,0.3367257039743928,0,0,0.2524610520747784,0,1,0.30796574326658643,0,0,0.33815755267181385,0,0,0.13085267335339515,0,0,0.16429751573917756,0
1885,1,0.5095949489287844,1,0,0.17823831556539757,0,0,0.39530735913795895,0,1,0.5639825617716058,1,0,0.3360861921410499,0,0,0.5440499084497125,1
1886,1,0.4252734297515825,1,0,0.26722931538159694,0,0,0.18079924122014193,0,0,0.26499013755644907,0,0,0.09323632860863504,0,1,0.8200424876844312,1
1887,1,0.7976331516869705,1,0,0.5219711165301615,1,0,0.1742636334236391,0,1,0.9255951284737123,1,0,0.16611911721481834,0,0,0.21800490854447416,0
1888,1,0.5792976657780121,1,1,0.5295117321731471,1,1,0.4747226843257415,0,0,0.3919621539746183,0,0,0.14716421142089667,0,0,0.3585511544290516,0
1889,0,0.4686126910603817,1,1,0.492510167407826,1,1,0.3859107250197449,0,0,0.311400121318176,0,0,0.15669076515657535,0,0,0.3626975755612026,0
1890,1,0.33901757284457856,0,1,0.40007167644924085,0,0,0.248355929431775,0,0,0.32788828316310836,0,0,0.15036796959228546,0,0,0.2082728686640202,0
1891,1,0.8046744266548246,1,1,0.8417407503531213,1,0,0.20947567014568577,0,1,0.3842856255236188,0,0,0.1633045453530184,0,0,0.29549192379851974,0
1892,1,0.6218194944577324,1,1,0.5879951621461164,1,0,0.12597238907252437,0,0,0.41352653279357243,0,0,0.1630832716379252,0,0,0.20286182237125247,0
1893,0,0.5072382228409077,1,0,0.29335090631971056,0,0,0.17140176559491338,0,0,0.48241589142002367,1,0,0.794054432366169,1,0,0.12899062111546972,0
1894,1,0.6157056411533722,1,1,0.48999025841246985,1,1,0.6343759511823446,1,0,0.2063794133714862,0,0,0.18073802954258167,0,0,0.5281993369869542,1
1895,0,0.5431273256962544,1,0,0.5103976761124687,1,0,0.2576148991578295,0,1,0.5718742905972846,1,0,0.45405333455593,1,0,0.2006837416807383,0
1896,1,0.6355148336721104,1,0,0.44068470673231813,1,1,0.7759382800947348,1,0,0.2806869541479306,0,0,0.2770056772183278,0,1,0.4507903146968754,1
1897,1,0.4521612631254529,1,1,0.4700515427249888,1,0,0.2098791757706921,0,0,0.20400352347244155,0,0,0.1573525993519791,0,0,0.5110531576647688,1
1898,1,0.5733319004970905,1,0,0.5738163833296686,1,1,0.7407281632195553,1,0,0.2901476285194789,0,0,0.291212872556713,0,0,0.47593026039204034,1
1899,1,0.47814381135738704,1,0,0.4329071384071165,0,0,0.23333490440171156,0,0,0.2441245171013905,0,1,0.7696417501899904,1,0,0.2725636688194238,0
1900,1,0.6301805619360821,1,0,0.3365224887517461,0,1,0.6082073617102625,1,0,0.23394241318876705,0,0,0.16525632100649812,0,0,0.48017643349184946,1
1901,0,0.4697994306004037,1,0,0.23117609202762857,0,0,0.16392687982666154,0,0,0.23081938351911532,0,0,0.11814650510217445,0,0,0.8607638470968565,1
1902,1,0.9061453507391244,1,1,0.9054494395733936,1,0,0.05858923030098971,0,1,0.7275864000845861,1,0,0.1199543123487617,0,0,0.1708104798730531,0
1903,1,0.7359738029734885,1,1,0.6204713617863862,1,0,0.3866344985099814,0,1,0.42233388007413525,0,0,0.2601037831099567,0,1,0.18085916063932608,0
1904,1,0.6796311377266054,1,1,0.769888803729112,1,0,0.5144439486759166,1,1,0.39905205811553157,0,0,0.17589148891040232,0,0,0.348383202203067,0
1905,0,0.23448384928273971,0,0,0.2853618994442377,0,0,0.14833814104395307,0,0,0.3345718120868138,0,0,0.36918037099795736,0,0,0.10935463704546063,0
1906,1,0.6728988562134214,1,0,0.3892199328871012,0,1,0.8201653423698486,1,0,0.3863854959870586,0,0,0.1156286484948237,0,1,0.17508890374848052,0
1907,1,0.4450240383454313,1,0,0.5697992193121095,1,0,0.5798425774372439,1,0,0.12037725238375556,0,0,0.107984108221929,0,1,0.32831271356760133,0
1908,0,0.17314733069177432,0,0,0.22130928966588026,0,0,0.17741189719619183,0,0,0.5006865502341507,1,0,0.19320955024801778,0,0,0.09160431434041642,0
1909,1,0.5799194186711881,1,0,0.1379415515428324,0,0,0.22476985856287826,0,0,0.34720492660913665,0,0,0.18412947061205703,0,0,0.34593611532990404,0
1910,1,0.4833070124733182,1,0,0.2595740405284558,0,0,0.2456612506037584,0,1,0.4632847360097183,1,1,0.23543348678742287,0,0,0.51724418890851,1
1911,1,0.4028640957379921,1,0,0.39663486992222247,0,1,0.3845973161628311,0,0,0.5413573760187894,1,1,0.29328896226449214,0,0,0.1946443135741535,0
1912,0,0.611289229217238,1,0,0.7691951115293615,1,0,0.13208047284540753,0,0,0.1962193047389936,0,0,0.30520592265047325,0,0,0.1871475394779317,0
1913,0,0.6664666028689525,1,0,0.7863762347180676,1,0,0.1710414956298695,0,1,0.3154338055610423,0,0,0.21583828472280814,0,0,0.8095129676951027,1
1914,0,0.7202206760565667,1,0,0.3088232346239318,0,0,0.3304099768102689,0,0,0.27711494112142804,0,0,0.827084964945671,1,0,0.3440366943010789,0
1915,1,0.42028093680322354,1,0,0.3091279446954652,0,0,0.2820517916552787,0,0,0.27035502733521377,0,0,0.18537194951077882,0,1,0.3999824981036692,1
1916,1,0.5109570747274571,1,0,0.3655321205301058,0,0,0.22260114873068307,0,0,0.2537290423629636,0,0,0.30370997041169984,0,0,0.3991856949459775,1
1917,1,0.5573697674675955,1,0,0.35829961234121704,0,1,0.4594861244860584,0,0,0.35205108118102596,0,0,0.1762272951003342,0,0,0.46720383041755315,1
1918,1,0.8771246195415955,1,1,0.5340081683441631,1,0,0.101486010111294,0,0,0.22571170802257884,0,0,0.28786993793253046,0,1,0.4893440366296178,1
1919,0,0.5208393929570904,1,1,0.3654914836479784,0,0,0.29907149674684325,0,0,0.1690047401244342,0,0,0.2072872230494823,0,0,0.18083330185419577,0
1920,0,0.5758818005948688,1,0,0.34211321646578813,0,0,0.3976249647664349,0,0,0.1858763346916218,0,0,0.1568128310881839,0,0,0.2120122892677392,0
1921,0,0.5958776634131393,1,0,0.47542309369209507,1,0,0.33453052128403343,0,0,0.4174826722635765,0,0,0.4505269013159832,1,0,0.2686099615554825,0
1922,0,0.5811398890521687,1,0,0.42449737374822916,0,0,0.7945439321051274,1,0,0.2269083467990323,0,0,0.13923589347865395,0,0,0.30953215787272154,0
1923,1,0.3275184285704076,0,0,0.264598408596664,0,0,0.2573501808664308,0,0,0.27825551821963296,0,0,0.21089672845339202,0,1,0.44567516235760113,1
1924,0,0.35341672928858947,0,0,0.40196124249566184,0,0,0.2579699990629791,0,0,0.2517626592187316,0,0,0.23597659359080342,0,0,0.1475506983179118,0
1925,1,0.7034154868165399,1,1,0.6926305815405727,1,0,0.40992472362911336,0,0,0.42213903838870626,0,0,0.12409044333956809,0,0,0.2596579331401009,0
1926,1,0.5910308380138288,1,0,0.44333406546436926,1,1,0.6018892025794179,1,0,0.4938496919198482,1,0,0.15518257883912046,0,1,0.3544233591243099,0
1927,1,0.5807991907945653,1,0,0.3485793859629661,0,0,0.48168301140697073,1,0,0.36718802515549387,0,0,0.26308648789633415,0,1,0.5153536045817804,1
1928,0,0.4065741295865998,1,0,0.69438646151207,1,0,0.06914184756753335,0,0,0.44078310388430403,0,0,0.08157933534306516,0,0,0.4201302870392544,1
1929,1,0.7464923708555564,1,0,0.4210681002171758,0,1,0.9411280986590729,1,1,0.2917271438567989,0,0,0.34700920149382003,0,0,0.22374283119396013,0
1930,1,0.7708166232621331,1,0,0.40587014087229134,0,1,0.6314250289560028,1,0,0.40462532589890343,0,0,0.6362663437899879,1,0,0.3004067389370536,0
1931,0,0.3742920892949803,0,0,0.44034559626894026,1,0,0.15675370082199921,0,0,0.1752745548739864,0,0,0.774019865859321,1,0,0.13153931635165356,0
1932,0,0.23322767270143807,0,1,0.33446528113962803,0,0,0.08598863409349056,0,0,0.16376027089756534,0,0,0.1345953652982104,0,1,0.44692708343288073,1
1933,1,0.6318527256447694,1,1,0.6137338539283984,1,0,0.33233113442062157,0,0,0.25421157858155013,0,0,0.22796091299472546,0,0,0.35099297062556983,0
1934,1,0.7525607175815554,1,1,0.3643466612892291,0,1,0.8507662297324317,1,0,0.15129196681417978,0,0,0.17649031030358936,0,0,0.21830249797864762,0
1935,0,0.32010625072078913,0,0,0.7006694428713982,1,0,0.3276599064190646,0,0,0.4873942973598394,1,0,0.1333630370927308,0,0,0.34711195996938704,0
1936,0,0.31126889425796617,0,0,0.24670073510518747,0,0,0.21086300257675047,0,1,0.7602508985552079,1,0,0.2913446531709255,0,0,0.4044441447960186,1
1937,1,0.6451278289043365,1,0,0.40518966419632924,0,0,0.4183831553305629,0,1,0.4526346156994978,1,1,0.3815133214802386,0,0,0.4365358311324701,1
1938,1,0.6528500546308554,1,0,0.23093265676582145,0,1,0.7081068672246794,1,0,0.23495726776080614,0,0,0.11109921548894382,0,0,0.3207681112785246,0
1939,1,0.8224151704969236,1,0,0.3907488636649021,0,1,0.6846504257683119,1,0,0.4610990855740089,1,0,0.345223159632385,0,1,0.48830605337323646,1
1940,0,0.5518248982476457,1,0,0.579366850701323,1,0,0.34239223861392576,0,0,0.5185446785808234,1,0,0.18466097063276485,0,0,0.1818076514569306,0
1941,1,0.4975532035749611,1,0,0.2773495125373316,0,0,0.2655182282353155,0,0,0.4760579177382315,1,0,0.45576205656571644,1,1,0.5205011884173767,1
1942,0,0.3568218234323401,0,0,0.30553234348741226,0,0,0.5771137019413178,1,0,0.3153607963679266,0,0,0.17820543373082354,0,0,0.18075284914579923,0
1943,1,0.8733278662116069,1,0,0.29624397052749896,0,1,0.8774109649313211,1,0,0.2001851939888373,0,0,0.17157144984950135,0,0,0.16997299391744003,0
1944,1,0.4005814315266284,1,1,0.468310487192524,1,0,0.19869613624291083,0,1,0.3123093037717213,0,0,0.19750561736549957,0,0,0.1630527055069446,0
1945,0,0.42609592727532486,1,1,0.5426433630502049,1,0,0.215843835221636,0,0,0.3055618215929351,0,0,0.13080359502427333,0,0,0.19583491582201207,0
1946,1,0.6339421556949981,1,0,0.209860929816956,0,1,0.30537603342478603,0,1,0.8265635958002526,1,0,0.1553325491379412,0,0,0.5279009207129062,1
1947,0,0.6219204528277672,1,0,0.6020727769048885,1,0,0.5590156280837885,1,0,0.32993916452136274,0,0,0.14079497651968867,0,0,0.2517334400262831,0
1948,1,0.7110967860113803,1,0,0.24856974653258404,0,1,0.6149803867355645,1,0,0.3406406378819095,0,0,0.2574299207586671,0,0,0.4550694176674264,1
1949,1,0.6224113572729179,1,0,0.3997681967844504,0,1,0.42920521112205845,0,0,0.40336019328306794,0,0,0.22306248803120673,0,0,0.36867633716629106,0
1950,1,0.6665238788016842,1,1,0.7398993367867784,1,1,0.5339247012671317,1,0,0.21922072808069054,0,0,0.1573651305248736,0,1,0.4821447478610741,1
1951,1,0.8317886720132107,1,0,0.464233336579362,1,1,0.5929497588452467,1,0,0.38499053164192154,0,0,0.2752750418744294,0,1,0.42623849892575805,1
1952,1,0.5432668449008947,1,1,0.260880844467542,0,1,0.720564289545478,1,0,0.28595402309392903,0,0,0.2276274151708175,0,0,0.5593798841768337,1
1953,0,0.22410188909354897,0,0,0.1407651210741506,0,0,0.13137201507279514,0,0,0.15905584547663632,0,0,0.12073231403542968,0,1,0.29107063543889783,0
1954,0,0.5386626717766994,1,0,0.42569172573778474,0,0,0.3221396728009817,0,0,0.20798050657631334,0,0,0.3265702455286552,0,0,0.3451638676006316,0
1955,0,0.42337462274690607,1,0,0.48272026051618694,1,0,0.29513940353328466,0,0,0.38799126735337647,0,0,0.22572208661740936,0,0,0.24699577572437073,0
1956,1,0.8107890330637426,1,0,0.4289706071901556,0,1,0.677176609118858,1,0,0.48221249069295824,1,0,0.25460503802036183,0,0,0.57040129385206,1
1957,0,0.43779157926980156,1,1,0.47177929629502025,1,0,0.45510759209644897,0,0,0.1894030357232666,0,0,0.18704249212504867,0,0,0.32775935050275445,0
1958,1,0.6326159915190699,1,0,0.3423961159762807,0,1,0.9741894563631252,1,0,0.503404639196136,1,0,0.17093230448609587,0,0,0.38000268415615335,1
1959,1,0.6864485039284387,1,1,0.6906335580155597,1,0,0.23796749721143443,0,1,0.5985559938735173,1,0,0.1990966815279007,0,0,0.2874984366969329,0
1960,0,0.686137337224271,1,0,0.23395534906414955,0,0,0.09421538905492838,0,0,0.8683729379714406,1,0,0.15325412476528918,0,0,0.20310650858553037,0
1961,1,0.544920537767021,1,1,0.5792484896582407,1,1,0.7681926495122424,1,0,0.46363868152905474,1,0,0.16164457526170617,0,0,0.2740788780437809,0
1962,1,0.4988107231510218,1,1,0.9424398677560889,1,0,0.09003235585366716,0,0,0.3042271162402321,0,0,0.0757753642636979,0,0,0.4521017787352033,1
1963,0,0.5693419491770015,1,1,0.788248709312383,1,1,0.7324789193679611,1,0,0.17309638730820612,0,0,0.10031026418958565,0,0,0.30474156018282944,0
1964,1,0.7411636787906738,1,1,0.4440491674421884,1,0,0.948427636277549,1,0,0.036325155363459226,0,0,0.08673806019708451,0,0,0.0691843864524055,0
1965,0,0.3693307264124399,0,1,0.6834407556983784,1,0,0.18276033907388942,0,0,0.14380760932373568,0,0,0.11701689070447803,0,0,0.251210452986237,0
1966,1,0.5673046006118573,1,0,0.24696441905877953,0,1,0.8332925601277292,1,0,0.5409830730382674,1,0,0.14212597117293047,0,0,0.09487670198538879,0
1967,1,0.6359792794260218,1,1,0.4457375315012835,1,0,0.15358558746114678,0,0,0.47404483369332634,1,1,0.5077019062985584,1,0,0.6219373649136233,1
1968,0,0.4137457937808519,1,0,0.3480446644695153,0,0,0.2718093456822743,0,1,0.26627917106529875,0,0,0.09078708297281848,0,0,0.21015294554524097,0
1969,0,0.5441962968121173,1,1,0.6165750762654518,1,0,0.186095609803666,0,0,0.47824564513636003,1,0,0.16380469212940565,0,0,0.1773409003648362,0
1970,0,0.41960391570074473,1,0,0.2890977711421492,0,1,0.4268633439160403,0,1,0.6575190414115694,1,0,0.16771042329088817,0,0,0.2716549809979783,0
1971,1,0.5841861357237709,1,0,0.20380863504975677,0,0,0.7225977746339183,1,0,0.37966163265977665,0,0,0.1576509199856856,0,1,0.29310689435608145,0
1972,1,0.5905588882037297,1,0,0.19948336854862214,0,0,0.2629506825794014,0,0,0.3182994861203343,0,0,0.20848463654400787,0,0,0.5955704866464657,1
1973,0,0.33491101125881473,0,0,0.3635527434663248,0,0,0.2558739779409498,0,0,0.28066049121823383,0,0,0.15182994061856067,0,0,0.289078537984872,0
1974,0,0.5425469962288332,1,0,0.37902868297541287,0,0,0.3656026082015275,0,0,0.44141808585443576,0,0,0.30950121964593674,0,0,0.4379829026104744,1
1975,0,0.8239052927692058,1,0,0.31944487286495366,0,1,0.9711936342795655,1,0,0.3466655477209932,0,0,0.215949041523052,0,0,0.4246684287755984,1
1976,1,0.5377095597521991,1,0,0.15152568934439717,0,1,0.30500983196265175,0,1,0.5947885168868202,1,1,0.5722743590214808,1,0,0.3369015491785336,0
1977,1,0.5622001661262112,1,0,0.265733672533191,0,1,0.3759438250612571,0,0,0.23050797875768098,0,0,0.15711761947872,0,0,0.3429859797701568,0
1978,1,0.5593059052634705,1,0,0.365838020596328,0,1,0.6343358206237627,1,0,0.22927029316303324,0,0,0.20655125165298358,0,0,0.31576594355855914,0
1979,1,0.7758557311594306,1,1,0.9263552841919801,1,1,0.4952024410300095,1,1,0.2570639632463752,0,0,0.232178395616834,0,0,0.23327220711650454,0
1980,1,0.39628161753195035,1,0,0.2932590515740876,0,1,0.448008024967675,0,0,0.4349894958470246,0,0,0.1805795934823862,0,1,0.5666995212140775,1
1981,0,0.33339140135955564,0,0,0.26731591544950395,0,0,0.3100838018109391,0,0,0.385838771903743,0,0,0.23118488306117663,0,0,0.26338027588910623,0
1982,0,0.3854823878716617,1,0,0.21631769181944446,0,0,0.2556589010302571,0,0,0.46979618140422047,1,0,0.5372400184897691,1,0,0.17941786142125066,0
1983,1,0.8291076410563304,1,1,0.8605298573166046,1,0,0.35204005774021396,0,0,0.2339884211478396,0,0,0.10785251343781059,0,0,0.2375873844589947,0
1984,0,0.4074471981898571,1,0,0.9218542419672765,1,0,0.10875338097870488,0,0,0.32556692338994286,0,0,0.16570172635084587,0,0,0.29162586005812335,0
1985,1,0.4776965673266298,1,0,0.2617184072472081,0,0,0.17633369231016197,0,1,0.8532615069591885,1,0,0.22541828315266801,0,1,0.20091624082736784,0
1986,0,0.24146496392751404,0,0,0.10629086548802416,0,0,0.3193105023293011,0,0,0.36557449819739996,0,0,0.11715121120934348,0,0,0.10435695224866653,0
1987,1,0.5857804616790103,1,1,0.483384827009049,1,0,0.3837549268483982,0,0,0.48740521319980634,1,0,0.27792819407029545,0,0,0.35540422291999424,0
1988,1,0.4583564516890942,1,1,0.7474606682583907,1,0,0.20933602672498663,0,0,0.2669964282686835,0,0,0.11247850866473585,0,0,0.13164836178031653,0
1989,0,0.3118119415077732,0,0,0.33424142030352205,0,0,0.2710439121144279,0,0,0.15867645967051833,0,0,0.1396153109822226,0,0,0.25676962870834535,0
1990,0,0.5592112276462405,1,0,0.18899282462369685,0,0,0.2290352059378347,0,0,0.30521657969677085,0,0,0.07306837994746736,0,0,0.7973279595608895,1
1991,1,0.5371961116032469,1,0,0.1365793459195237,0,0,0.17362225542037282,0,0,0.2556000429949512,0,0,0.2712419354793623,0,0,0.5876791943055654,1
1992,1,0.5848553811017638,1,0,0.8301573309036147,1,1,0.21901600693840373,0,0,0.15224605904350452,0,0,0.21264223702965923,0,0,0.138161730581592,0
1993,1,0.42215560865032986,1,0,0.46946577278831125,1,0,0.2828746853722477,0,1,0.35985170711868103,0,1,0.49669609422127753,1,0,0.1556455211662851,0
1994,1,0.8152294853064654,1,0,0.3256801571455612,0,0,0.2753383588203567,0,0,0.5865737814343922,1,0,0.14794845524507994,0,1,0.3059806972535434,0
1995,0,0.408447018959305,1,0,0.4840968519235433,1,0,0.6506535898217425,1,0,0.48183361598177404,1,0,0.21164646546633636,0,0,0.3736673449673683,1
1996,0,0.24170909837074428,0,0,0.6553541718182718,1,0,0.18875555869238209,0,0,0.224407265881389,0,0,0.12124430189462591,0,0,0.08793194493908782,0
1997,0,0.5852999315170715,1,0,0.7122903041353784,1,0,0.3644615327871924,0,0,0.3120877534434798,0,0,0.20388823441696088,0,0,0.222000386068774,0
1998,0,0.1323900514713838,0,1,0.7898401577518498,1,0,0.10021383847957342,0,0,0.11654966381961929,0,0,0.08073850722078664,0,0,0.09251883713954456,0
1999,0,0.4832283917068064,1,0,0.4074709169241379,0,0,0.5921353170582735,1,0,0.3567830411212329,0,0,0.15541019039527462,0,0,0.2740260904866531,0
